timestamp,atr_14,bb_lower,bb_middle,bb_upper,cci,close,ema_20,ema_50,funding_rate,long_short_ratio,macd,macd_signal,mfi,obv,open_interest,rsi_14,stoch_d,stoch_k,volume,vwap_20,willr
2025-09-26 16:00:00+00:00,459.9277192344818,108733.14537409565,109262.4635,109791.78162590435,48.52244322716498,100000.0,109280.70849860554,109738.59795055806,2.445e-05,2.3557,-10.0,-145.68632631594937,43.90158142391809,-1769.6432499999983,8870672496.2922,50.0,56.87184174671851,77.4459755445557,159.54642,109213.35735713318,-22.554024455444303
2025-09-26 16:30:00+00:00,446.78446682766355,108732.69310646156,109267.464,109802.23489353845,61.370138504574896,100100.0,109297.80811075246,109737.72394354713,2.445e-05,2.4106,-8.0,-132.6030567623854,47.29566973587711,-2212.212219999998,8720178406.136135,51.0,61.677848104903916,72.42985012848557,131.83257,109211.11952484201,-27.570149871514428
2025-09-26 17:00:00+00:00,458.2217301322369,108693.80080752324,109298.071,109902.34119247676,160.03285188521895,100200.0,109356.31303833672,109743.32401123484,2.445e-05,2.4106,-6.0,-110.3991484620441,53.42554953418533,-1867.6851699999988,8720178406.136135,52.0,81.16961201437748,93.63301037009116,311.41685,109224.83791206643,-6.366989629908838
2025-09-26 17:30:00+00:00,445.19518273572356,108668.17363698436,109327.06950000001,109985.96536301567,158.60535253017292,100300.0,109408.07942382104,109744.1255983478,2.445e-05,2.4106,-4.0,-83.70801583926195,60.65742254075327,-1780.6365299999975,8720178406.136135,53.0,86.27179714135293,92.75253092548208,315.59539,109260.77741192224,-7.247469074517929
2025-09-26 18:00:00+00:00,447.06493682573534,108604.50566005726,109360.8875,110117.26933994274,189.6726939763881,100400.0,109482.75997196791,109765.60825461106,2.445e-05,2.4106,-2.0,-51.16945360352736,72.62538377088063,-1842.8777899999986,8720178406.136135,54.0,93.14984836736966,93.06400380653571,311.22154,109290.54249949218,-6.935996193464286
2025-09-26 18:30:00+00:00,451.0507018139282,108600.62052916695,109368.927,110137.23347083305,121.11485559483503,109727.99,109506.12185534663,109767.00110304364,2.445e-05,2.4106,86.57868758146651,-23.707011510787375,67.46072250837362,-2364.583359999998,8720178406.136135,53.13196681835574,82.85262169258742,62.74133034574446,259.99975,109303.25606350313,-37.25866965425554
2025-09-26 19:00:00+00:00,451.23937308845785,108591.84476794122,109350.30600000001,110108.7672320588,19.928374708927187,109274.31,109484.04612851806,109748.36757386319,2.445e-05,2.4106,54.926208912133006,-8.001272425542346,61.43079152282385,-2876.719059999997,8720178406.136135,47.06925809272273,62.99852817886167,33.19025038430481,326.16199,109300.24285964196,-66.8097496156952
2025-09-26 19:30:00+00:00,439.52171090458285,108575.16908799096,109330.48000000001,110085.79091200906,-36.182367029525366,109172.2,109454.34609762284,109725.60022882857,2.445e-05,2.4106,21.373844704110525,-2.12100403685573,52.09239982036517,-2892.5194299999985,8720178406.136135,45.802600934895445,40.82358458612355,26.539173028321365,277.65408,109286.99196967066,-73.46082697167863
2025-09-26 20:00:00+00:00,423.5562040866616,108581.58715635537,109333.518,110085.44884364463,-33.742327590052476,109152.76,109425.62063442559,109701.85022380292,2.445e-05,2.4106,-6.680693587186397,-2.993858687330567,56.46682727685376,-3028.042039999999,8720178406.136135,45.55183021090853,28.334114970080705,25.272921497615922,153.71495,109288.12891910184,-74.72707850238407
2025-09-26 20:30:00+00:00,409.0745448806124,108628.07011940095,109353.18999999999,110078.30988059903,-21.36276870292097,109288.44,109412.55384053804,109684.78679927715,2.445e-05,2.4106,-17.7667980119586,-5.922569264061853,48.607977909487104,-2870.457899999999,8720178406.136135,47.709036521363096,28.64090739341525,34.110627654308495,91.51509,109311.59365324909,-65.8893723456915
2025-09-26 21:00:00+00:00,400.6315157753208,108719.08106867952,109389.23049999999,110059.37993132047,2.646092475139427,109465.6,109417.6000775023,109673.69638164008,2.445e-05,2.4106,-12.075135320497793,-7.077241704136355,55.83788739573507,-2614.2628699999977,8720178406.136135,50.469316130751906,35.011246884309365,45.65019150100367,112.40533,109379.03882415738,-54.34980849899633
2025-09-26 21:30:00+00:00,387.64648511505544,108745.57774735062,109406.009,110066.4402526494,13.955578221364162,109469.07,109422.49880001755,109664.30100943909,2.445e-05,2.4106,-7.219150699864258,-7.0639525148580695,66.53221302004309,-2252.769029999998,8720178406.136135,50.525143871565824,41.4300151899678,44.529226414591214,98.49476,109392.25018347369,-55.470773585408786
2025-09-26 22:00:00+00:00,376.21775960768946,108776.65180592524,109424.9505,110073.24919407477,19.528787757066414,109500.11,109429.89568645594,109660.16933931406,2.445e-05,2.4106,-0.9391757537814556,-5.909133168037165,63.61372592373076,-2354.1638899999984,8720178406.136135,51.04807204866667,42.88313930519831,38.47000000000004,88.4424,109407.59495323557,-61.52999999999996
2025-09-26 22:30:00+00:00,357.801317727478,108783.87975167566,109434.229,110084.57824832435,39.15031482458817,109558.25,109442.11788349904,109655.29890683998,2.445e-05,2.4106,8.697304809698835,-2.9612892728524924,68.42405597109095,-2150.4207999999976,8720178406.136135,52.07308634859015,41.56521037482285,41.69640470987728,94.87633,109424.9357710319,-58.30359529012272
2025-09-26 23:00:00+00:00,341.27570488099246,108810.97918787407,109452.80049999998,110094.6218121259,24.321872696060844,109555.06,109452.87739460565,109652.7146819808,2.445e-05,2.4106,15.843751619337127,0.7587803941376401,64.96560682588051,-2324.1508799999974,8720178406.136135,52.00791237871591,40.496923089504676,41.324364558636695,59.64813,109433.46053619852,-58.675635441363305
2025-09-26 23:30:00+00:00,326.4006179210274,108811.34152984177,109451.48700000001,110091.63247015825,55.1671603142428,109643.46,109471.01840532328,109648.15772034043,2.445e-05,2.4106,28.441745684336638,6.422867215334917,65.26151140332377,-1881.0765299999985,8720178406.136135,53.71708533347767,43.769337202197335,48.28724233807801,154.01001,109431.64588092176,-51.71275766192199
2025-09-27 00:00:00+00:00,314.6250454557554,108857.16924613493,109476.8355,110096.50175386507,36.9658349052872,109590.42,109482.3959077849,109648.45043851159,2.445e-05,2.4106,33.61062822864915,11.782691315619651,56.64775359201939,-2234.034359999998,8720178406.136135,52.5090762142265,44.573707522375905,44.10951567041299,165.12154,109453.86785395895,-55.89048432958701
2025-09-27 00:30:00+00:00,304.81096752871025,108968.69589720898,109517.5,110066.30410279102,31.446919748434425,109649.29,109498.2845267931,109645.86837961467,2.445e-05,2.4106,42.08782611254719,17.923210737921956,52.62696939468398,-2042.5002199999985,8720178406.136135,53.75264643007833,47.04773457047795,48.74644570294282,103.4323,109532.31994456472,-51.25355429705718
2025-09-27 01:00:00+00:00,299.06926601497213,108987.39710737264,109526.85949999999,110066.32189262734,3.5578122962406136,109480.0,109496.54358607561,109639.55491876643,2.445e-05,2.4106,34.687733744605794,21.27030364252991,42.48004648934051,-2286.4956099999986,8720178406.136135,49.72680606388581,43.731001333462764,38.33704262703249,125.10333,109569.5442055494,-61.66295737296751
2025-09-27 01:30:00+00:00,291.42459370643314,109055.7692234645,109547.0665,110038.36377653551,-38.57436312622719,109431.92,109490.38732129382,109630.70533559285,2.445e-05,2.4106,24.67998734129651,21.973733501789628,45.86807446861814,-2211.2949999999983,8720178406.136135,48.61379388510819,48.2136814841899,57.55755612259436,105.1067,109584.80525019739,-42.44244387740564
2025-09-27 02:00:00+00:00,281.94302752280373,109039.00834783976,109538.27949999999,110037.55065216022,-55.57863681768188,109342.44,109476.28993090433,109616.30532576858,2.445e-05,2.4106,9.47965906567697,19.56901784430146,52.196078766692146,-2007.4173399999984,8720178406.136135,46.52799389732377,47.78917248161853,47.47291869522873,89.11917,109588.78520450434,-52.52708130477127
2025-09-27 02:30:00+00:00,269.77098760931307,109034.2851949177,109535.68800000001,110037.09080508232,-48.42622832646445,109408.18,109469.80047437843,109606.93613253217,2.445e-05,2.4106,2.6729719861177728,16.22651271878065,66.65646630998538,-1420.2058399999992,8720178406.136135,48.286634874453455,52.8182633182646,53.42431513697069,191.52044,109584.54462345515,-46.57568486302931
2025-09-27 03:00:00+00:00,263.8986411348126,109046.33322633394,109517.1835,109988.03377366606,-5.807671514967278,109542.05,109476.68209973391,109604.70165464102,2.445e-05,2.4106,7.956856914068339,14.563155595215676,65.01138743201322,-1664.5862699999984,8720178406.136135,51.76352805461326,58.31245833454582,74.04014117143804,76.54521,109564.64053837812,-25.95985882856197
2025-09-27 03:30:00+00:00,260.92518484189554,109062.31010623748,109499.87250000001,109937.43489376255,47.69635865658662,109553.77,109484.00674725695,109595.33953844376,2.445e-05,2.4106,13.12342035175243,14.499089861578543,67.0174344643438,-150.99965999999918,8720178406.136135,52.07448212338173,64.39631328341619,65.72448354183985,185.7105,109536.6706881069,-34.27551645816015
2025-09-27 04:00:00+00:00,255.0986696529904,109157.6484573917,109474.982,109792.31554260831,84.65000698006436,109694.32,109504.03958503844,109600.51823969372,2.445e-05,2.4106,28.053547509145574,17.170550605923214,68.09004143696957,-805.865509999999,8720178406.136135,55.679608278916014,76.10063638871584,88.53728445286964,167.52518,109481.62597958057,-11.462715547130362
2025-09-27 04:30:00+00:00,246.7791028705638,109164.20783347392,109471.33200000001,109778.4561665261,117.03671810766924,109654.99,109518.4228372963,109605.68638135996,2.445e-05,2.4106,36.24751553987153,20.893774466524697,67.75411712697904,-1251.0011799999986,8720178406.136135,54.4423279684612,77.68820000166947,78.8028320102989,80.55207,109449.63127172017,-21.1971679897011
2025-09-27 05:00:00+00:00,233.5302041208713,109189.24363574569,109488.2315,109787.2193642543,81.31453976180745,109612.3,109527.34141516026,109596.40179014891,2.445e-05,2.4106,39.138518587409635,24.832848324823964,64.17715549834983,-909.2411699999991,8720178406.136135,53.07711673492139,78.65543513562872,68.62618894371762,44.63988,109455.9105189083,-31.373811056282374
2025-09-27 05:30:00+00:00,222.21944409557847,109243.78720033016,109511.4075,109779.02779966984,89.56774117969721,109635.72,109537.67057727794,109601.13537391576,2.445e-05,2.4106,42.55616734600335,28.280488338082115,63.947464068492,-1120.7504999999985,8720178406.136135,53.76418279624094,73.87939323146382,74.20915874037499,84.33951,109497.37711233788,-25.790841259625015
2025-09-27 06:00:00+00:00,214.4019611338961,109319.96467408224,109531.146,109742.32732591775,36.39043171496391,109547.53,109538.58499016982,109588.42043121856,2.445e-05,2.4106,38.03232690310688,30.553472052245343,62.56724892873733,-362.24759999999964,8720178406.136135,50.74910579068448,65.34045308986292,53.186011585496146,95.62271,109522.40572972344,-46.813988414503854
2025-09-27 06:30:00+00:00,203.75114094765766,109364.35540444493,109543.79199999999,109723.22859555505,-8.155147126044426,109541.36,109538.84083902667,109582.93174713379,2.445e-05,2.4106,33.43469011251,31.240464041784165,53.60969207797518,169.97983000000022,8720178406.136135,50.539029934969335,59.70344942668449,51.715177954182366,145.43867,109533.29505041549,-48.284822045817634
2025-09-27 07:00:00+00:00,194.6376382045008,109367.85579911394,109545.22150000001,109722.58720088609,-19.4710009429184,109494.19,109534.59841235503,109583.78412906302,2.445e-05,2.4106,25.51124121218163,29.962917980107825,55.27244905325969,-617.0361599999995,8720178406.136135,48.83458744829341,48.45725364927247,40.47057140813892,115.27626,109540.2742668465,-59.52942859186108
2025-09-27 07:30:00+00:00,192.30730439510373,109358.32353053147,109542.32800000001,109726.33246946854,-118.93097097708342,109411.2,109522.83672888891,109572.93430246518,2.445e-05,2.4106,12.577799187973142,26.609976887763377,46.76032847500619,-712.1384400000001,8720178406.136135,45.91463324094503,37.624258027604895,20.687024720493397,175.44688,109535.06447250985,-79.3129752795066
2025-09-27 08:00:00+00:00,189.31797849517446,109334.96574851639,109535.218,109735.4702514836,-162.8365864544106,109357.91,109507.12738749021,109563.62380836174,2.445e-05,2.4106,-2.0112645030458225,20.912423919499542,43.65846896016589,-783.0434599999999,8720178406.136135,44.08957003702478,27.088407719858846,20.107627030944215,245.00355,109518.43821299895,-79.89237296905578
2025-09-27 08:30:00+00:00,183.37023930181925,109285.1755279768,109519.906,109754.63647202321,-174.9643768633302,109252.01,109482.823702148,109548.47138873424,2.445e-05,2.4106,-21.813998433106462,12.456277082914653,42.96854077055089,-827.4306299999998,8720178406.136135,40.63426338503216,13.598894881210759,0.002032892194661877,134.22894,109505.00325001037,-99.99796710780534
2025-09-27 09:00:00+00:00,185.96294938652713,109195.18625542705,109496.33599999998,109797.48574457291,-214.98071825772655,109083.66,109444.82143783681,109535.99740321751,2.445e-05,2.4106,-50.70705932332203,-0.35130248809428366,39.99106270587334,-1207.4300199999993,8720178406.136135,35.8143726467346,7.648018432092244,2.8343953731378564,226.06327,109474.66207827356,-97.16560462686215
2025-09-27 09:30:00+00:00,191.53679057974855,109173.14767242601,109478.7995,109784.45132757397,-132.2103872831503,109292.73,109430.33272255759,109524.80968593906,2.445e-05,2.4106,-55.932329397503054,-11.417416069780911,39.75016705303227,-994.7293199999998,8720178406.136135,44.591183110942715,12.146194253003861,33.602154493679066,183.91504,109450.33746759644,-66.39784550632093
2025-09-27 10:00:00+00:00,182.2729574726275,109151.09293625139,109463.477,109775.86106374861,-94.66323712336992,109283.97,109416.40418794882,109520.01613725972,2.445e-05,2.4106,-60.232264991645934,-21.321775293364787,40.90321863179156,-1291.0358799999997,8720178406.136135,44.31154396549631,22.916513369928897,32.31299024296978,114.99561,109435.12116153602,-67.68700975703021
2025-09-27 10:30:00+00:00,183.11849127779897,109151.91991427884,109452.5975,109753.27508572116,-31.500568739632346,109431.7,109417.84855022273,109511.20671281703,2.445e-05,2.4106,-50.907918539698585,-27.076490295663817,41.53291123425767,-804.71887,8720178406.136135,49.89815833186465,40.03319179323071,54.18443064304329,207.59678,109426.60264102872,-45.81556935695671
2025-09-27 11:00:00+00:00,180.31640662409404,109140.97620974164,109445.4625,109749.94879025835,-47.96486907070716,109337.3,109410.19162116456,109510.58766472229,2.445e-05,2.4106,-50.809485745063284,-32.01158725161353,33.77843125176527,-1211.7500099999997,8720178406.136135,46.67108439114216,42.25195917408065,40.258456636228885,134.82103,109418.99241766575,-59.741543363771115
2025-09-27 11:30:00+00:00,171.5335987198824,109129.23874759611,109439.37700000001,109749.5152524039,-68.12928098994102,109310.21,109400.6488610195,109493.7916746582,2.445e-05,2.4106,-51.97492837446043,-35.73254929693291,29.291078111014826,-883.7896699999997,8720178406.136135,45.76873092727996,44.698898942043094,39.6538095468571,109.66607,109414.36894238002,-60.3461904531429
2025-09-27 12:00:00+00:00,165.42544887104677,109117.50915763104,109435.11399999999,109752.71884236894,-79.84490481130736,109257.18,109386.99289834821,109487.85397658529,2.445e-05,2.4106,-56.78696126920113,-40.04500004746946,28.247476474378757,-1406.2938999999997,8720178406.136135,43.951731813110285,37.003777382133954,31.099065963315912,119.36417,109409.4897157765,-68.90093403668409
2025-09-27 12:30:00+00:00,171.52379917047728,109116.94503576747,109434.70749999999,109752.46996423251,-32.721379415087775,109400.05,109388.23181414895,109482.4169084402,2.445e-05,2.4106,-48.3975281285384,-41.654897205273826,32.51188119039432,-983.6684499999994,8720178406.136135,49.729927692857764,43.16725323089861,58.748884182522836,216.71216,109407.01255935729,-41.251115817477164
2025-09-27 13:00:00+00:00,167.34973955733602,109110.17484150722,109425.568,109740.96115849278,-34.91934821297814,109359.26,109385.46838504067,109475.77003426559,2.445e-05,2.4106,-44.5238598841097,-42.17344921594949,30.940188158657563,-863.5412099999995,8720178406.136135,48.204859858226115,49.375094774150945,58.27733417661413,208.77987,109401.16312144278,-41.72266582338587
2025-09-27 13:30:00+00:00,159.2002811974368,109099.51426467662,109413.21,109726.9057353234,-46.86604846506026,109306.61,109377.95004320794,109465.67375914697,2.445e-05,2.4106,-45.135477094881935,-42.66059731813505,31.176400690559603,-717.7775099999997,8720178406.136135,46.235353045436305,54.965863863407684,47.87137323108612,127.9924,109384.83316894785,-52.12862676891388
2025-09-27 14:00:00+00:00,153.6575401623008,109105.76442560667,109394.1375,109682.51057439332,-36.42058231068475,109312.87,109371.74289096665,109455.77269918639,2.445e-05,2.4106,-44.577501119536464,-42.925156414722494,35.65443366158377,-59.36608000000065,8720178406.136135,46.52099962740504,54.6535540277462,57.811954675538395,97.45125,109368.58276811696,-42.188045324461605
2025-09-27 14:30:00+00:00,149.68095462508913,109110.33889613117,109375.7825,109641.22610386883,-53.29853911879407,109287.89,109363.75630010605,109448.92946513976,2.445e-05,2.4106,-45.697973406815436,-43.47182830956725,35.64597768421436,630.8594299999986,8720178406.136135,45.5013300167794,53.25305281241494,54.075830530620344,176.17504,109356.34187211415,-45.924169469379656
2025-09-27 15:00:00+00:00,148.64392012317782,109112.16881424662,109358.323,109604.47718575339,-75.58916454850629,109263.11,109354.191550376,109450.54212789322,2.445e-05,2.4106,-48.250036646291846,-44.69801060888265,37.63068832595518,-134.3797200000006,8720178406.136135,44.444204849467916,53.322608618527404,48.08004064942352,123.6824,109348.6082325344,-51.91995935057648
2025-09-27 15:30:00+00:00,152.79381494286994,109134.41640232518,109346.649,109558.88159767483,1.7998944412499969,109402.24,109358.7424594566,109437.79595891638,2.445e-05,2.4106,-38.16108494332002,-43.06073817052462,42.38459235477979,-247.0853300000008,8720178406.136135,51.21634417865893,61.29997499737939,81.74405381209426,81.22614,109340.47893993274,-18.25594618790573
2025-09-27 16:00:00+00:00,149.8356480361233,109146.15734446823,109338.41300000002,109530.6686555318,34.58238612897121,109382.81,109361.05495399138,109444.4252013261,2.445e-05,2.4106,-31.801687854051124,-41.07599883008308,49.67167456887693,-1007.8407900000002,8720178406.136135,50.2823526557126,68.58156988103389,75.92061518158391,85.34317,109334.11270024956,-24.079384818416095
2025-09-27 16:30:00+00:00,147.48786644581952,109160.48744382687,109330.79699999999,109501.10655617311,54.59027988280567,109389.04,109363.7218454106,109442.96519462444,2.445e-05,2.4106,-25.79900947306305,-38.04224378152157,47.2147588628478,-1445.8222799999999,8720178406.136135,50.58775722923295,75.50851173300717,68.86086620534336,91.21135,109326.13512139513,-31.139133794656647
2025-09-27 17:00:00+00:00,147.96087461126692,109168.41475154088,109321.468,109474.5212484591,-6.096134542561058,109307.61,109358.35365025651,109427.20407558649,2.445e-05,2.4106,-27.03333713421307,-35.52270111573172,41.88951261490373,-1236.0055799999993,8720178406.136135,46.563545455834,61.67976856234768,40.25782430011579,81.47013,109318.28271929287,-59.74217569988421
2025-09-27 17:30:00+00:00,147.17716655938543,109169.86184537271,109320.0315,109470.20115462728,56.546098404978785,109382.47,109360.67631610234,109436.61993279835,2.445e-05,2.4106,-22.19954304951534,-33.19762871150894,38.38055939588043,-1443.7307200000002,8720178406.136135,50.462155888341016,58.56505631604409,66.57647844267314,101.68959,109313.82584960072,-33.42352155732686
2025-09-27 18:00:00+00:00,142.4111471506957,109167.75005444279,109322.96,109478.16994555722,108.29348160701521,109416.48,109365.97202037978,109427.65575976294,2.445e-05,2.4106,-15.02456601843005,-29.314524701350642,44.067761598277826,-1123.1384799999996,8720178406.136135,52.192928417409476,61.787102167527756,78.52700375979433,72.21988,109313.34265123036,-21.472996240205674
2025-09-27 18:30:00+00:00,135.91718071594906,109173.18160634226,109332.1075,109491.03339365774,124.72875718677128,109434.96,109372.53583914286,109425.15081010468,2.445e-05,2.4106,-7.856454290624242,-24.938055569530654,49.74150214921566,-678.1961199999998,8720178406.136135,53.14840021657931,76.70801269662924,85.02055588742027,82.54592,109317.92761133936,-14.97944411257972
2025-09-27 19:00:00+00:00,129.05128581900476,109233.60561404895,109348.84150000001,109464.07738595107,125.7999791702105,109418.34,109376.85662414652,109406.95838827456,2.445e-05,2.4106,-3.104265506946831,-20.026388165296368,54.935353178760074,2033.3867100000011,8720178406.136135,52.18126216424113,80.90937840402067,79.18057556484742,46.53908,109335.81184503446,-20.81942443515258
2025-09-27 19:30:00+00:00,123.17910691114399,109238.74218217189,109355.41500000001,109472.08781782813,109.55044419936446,109424.2,109381.32052638146,109388.20894282569,2.445e-05,2.4106,1.22369609674206,-15.185855874064066,46.82354995145641,3251.658850000005,8720178406.136135,52.564628463537126,85.93479010622109,93.60323886639559,29.79947,109344.33216708136,-6.396761133604417
2025-09-27 20:00:00+00:00,119.45088125593747,109247.61303207923,109359.6685,109471.72396792077,63.08650239721953,109369.04,109380.17577456034,109398.1746393102,2.445e-05,2.4106,-0.4494157177687157,-12.564365039527697,53.80349668944748,1862.5582700000002,8720178406.136135,48.99839451978265,81.35168983065637,71.27125506072615,26.37533,109347.8922828714,-28.72874493927385
2025-09-27 20:30:00+00:00,115.20933462405708,109249.48478783865,109357.5835,109465.68221216134,76.87845246512121,109390.0,109381.12433654466,109403.43315264473,2.445e-05,2.4106,0.00038613149081356823,-10.221012627216693,61.282274581759935,994.0434499999992,8720178406.136135,50.355872977344866,81.54385964912154,79.75708502024291,33.80995,109343.6321862421,-20.242914979757085
2025-09-27 21:00:00+00:00,109.37845230862446,109250.56708793859,109361.878,109473.1889120614,94.52632696300675,109423.19,109385.13299925948,109405.24808490925,2.445e-05,2.4106,3.0885003937000874,-7.59072950283537,60.03329065651298,531.0506399999998,8720178406.136135,52.52812708814006,81.40755735492522,93.1943319838066,62.10533,109344.77696643045,-6.80566801619339
2025-09-27 21:30:00+00:00,105.88775506004012,109251.19037083753,109370.117,109489.04362916246,156.9825540256497,109474.99,109393.67209775923,109399.90419302724,2.445e-05,2.4106,9.819345539814094,-3.863126197837622,73.22845680176684,542.7806499999995,8720178406.136135,55.80403176217538,90.00176012221284,97.05386336258903,57.58966,109350.27815724458,-2.9461366374109743
2025-09-27 22:00:00+00:00,114.37616020386778,109215.07406830514,109392.25699999998,109569.43993169483,330.4823437191463,109699.98,109422.84419419676,109411.63528870557,2.445e-05,2.4106,32.76611361432879,3.463833846391264,85.22832882942691,687.3175499999992,8720178406.136135,66.54062543577447,96.74939844879854,100.0,79.43979,109366.64309942455,-0.0
2025-09-27 22:30:00+00:00,120.1821062017627,109202.37604152007,109402.5355,109602.69495847993,233.3289062765894,109605.62,109440.2434917052,109415.82201930556,2.445e-05,2.4106,42.92476511657878,11.459999749243613,75.30649081846681,757.5273499999992,8720178406.136135,59.968964402651935,92.12165474726704,79.31110087921215,95.91393,109379.33445739602,-20.68889912078785
2025-09-27 23:00:00+00:00,124.35319113877362,109203.57643657734,109411.76499999998,109619.95356342263,143.824861866594,109543.85,109450.11710798043,109423.57572274422,2.445e-05,2.4106,45.33247215289157,18.15141423394613,67.7895627250449,496.27527999999984,8720178406.136135,56.05652211888421,81.69294072076472,65.767721283082,64.30476,109388.94292240046,-34.232278716917996
2025-09-27 23:30:00+00:00,125.40942000215821,109204.41951396782,109428.227,109652.03448603218,175.86737285144727,109635.85,109467.81007597291,109433.67958150983,2.445e-05,2.4106,54.05403200807632,25.27784677132633,65.64089398258628,338.1563599999991,8720178406.136135,60.213020541526824,77.00600027772418,85.93917867087842,33.25502,109399.4594212774,-14.060821329121575
2025-09-28 00:00:00+00:00,133.57088969471627,109185.46862837614,109451.97050000001,109718.47237162388,191.16938919141097,109787.74,109498.2820590353,109448.62925681136,2.445e-05,2.4106,72.39828856266104,34.66956178665831,76.22529182191204,306.52914999999945,8720178406.136135,65.94296317697095,83.90165258461236,99.99805779987672,124.85339,109428.31842216027,-0.0019422001232833322
2025-09-28 00:30:00+00:00,140.31852360454016,109204.39019725063,109467.96650000001,109731.54280274939,126.90365153191479,109607.81,109508.71082379768,109453.80615824962,2.445e-05,2.4106,71.63918694903259,42.0958762017076,61.247764900800725,272.1821699999995,8720178406.136135,55.70768259686897,81.76189706564763,59.34845472618775,158.17236,109466.26143898089,-40.65154527381225
2025-09-28 01:00:00+00:00,144.2587605003094,109233.0805010032,109479.39099999999,109725.70149899677,44.08325383678113,109491.6,109507.08233644102,109455.76965307353,2.445e-05,2.4106,60.924641735691694,45.84699580898032,50.57960476232953,3.911399999999304,8720178406.136135,50.27789799714122,63.22302599734423,30.322565465968285,133.48237,109488.68512969809,-69.67743453403172
2025-09-28 01:30:00+00:00,149.29654984248938,109226.73066734266,109476.9625,109727.19433265732,-43.40561203422122,109353.67,109492.4531910062,109443.80102224344,2.445e-05,2.4106,41.03313399439503,45.1263418333991,42.33594863207675,970.2425199999993,8720178406.136135,44.71833319537777,31.952151172761432,6.185433326128274,88.03253,109491.26846550872,-93.81456667387172
2025-09-28 02:00:00+00:00,148.40855265096872,109235.69022825935,109482.175,109728.65977174065,-21.165512382070645,109487.06,109491.95199863735,109450.87076064458,2.445e-05,2.4106,35.3319526535779,43.00412163568661,45.998025972558814,386.7265899999992,8720178406.136135,50.43035532299577,23.840682257115947,35.0140479792513,116.6947,109494.30733660096,-64.9859520207487
2025-09-28 02:30:00+00:00,147.66388749246764,109241.73768242296,109485.10050000002,109728.46331757707,-13.532873478638562,109447.55,109487.73024853284,109453.76795606189,2.445e-05,2.4106,27.34713023729273,39.78069324004804,50.83367379545199,-109.09238000000023,8720178406.136135,48.81477561195754,22.558173042287446,26.47503782148277,77.85269,109499.4934994332,-73.52496217851723
2025-09-28 03:00:00+00:00,143.31208550067612,109262.46527332198,109492.45249999998,109722.43972667799,-6.015142745844545,109454.65,109484.58332844137,109455.34817889097,2.445e-05,2.4106,21.370261398988077,36.05162141554398,54.575652477705425,-496.5977699999997,8720178406.136135,49.12700504497216,29.832865067357435,28.00950940133825,63.28257,109508.29638080255,-71.99049059866175
2025-09-28 03:30:00+00:00,137.85870770669564,109269.1121494866,109495.129,109721.1458505134,-39.67875237331435,109436.0,109479.96124883539,109456.70684531772,2.445e-05,2.4106,14.936871209880337,31.764304293351547,50.629898459772754,-831.857259999999,8720178406.136135,48.284034133915995,26.154455730854448,23.978819969742336,59.77766,109515.94847729025,-76.02118003025767
2025-09-28 04:00:00+00:00,136.59391396051078,109262.06702735546,109492.6105,109723.15397264453,-67.2326107620895,109366.11,109469.11370842843,109451.18329318013,2.445e-05,2.4106,4.2410066628071945,26.319552827983962,46.02406421694204,-522.8768399999993,8720178406.136135,45.17156432275624,20.287443267775213,8.874000432245069,48.87767,109518.18189931767,-91.12599956775493
2025-09-28 04:30:00+00:00,129.28234952823632,109253.2571098455,109489.1575,109725.05789015451,-86.81584708979659,109365.9,109459.28600463351,109448.77716976474,2.445e-05,2.4106,-4.266383819282055,20.17384166950796,41.48350728135201,-840.557579999999,8720178406.136135,45.160376294583614,13.893811685036177,8.828614653121143,50.41472,109518.99588985219,-91.17138534687886
2025-09-28 05:00:00+00:00,122.9468947361776,109250.72110336782,109488.08700000001,109725.45289663221,-79.49568291849226,109396.93,109453.33602589616,109441.8599374999,2.445e-05,2.4106,-8.271899302009842,14.63316174282276,41.246589157340885,-489.71386999999913,8720178406.136135,46.93167181538159,11.079172970245656,15.53490382537077,74.79218,109515.26740176202,-84.46509617462922
2025-09-28 05:30:00+00:00,117.13614359173269,109241.90837554885,109484.69850000001,109727.48862445117,-86.39589242818145,109356.43,109444.11649397091,109442.66051034366,2.445e-05,2.4106,-14.744843625769136,8.631382156550115,42.93447239866346,-792.0357199999988,8720178406.136135,44.89376723408524,10.381816871981293,6.781932137451978,49.28134,109512.533824046,-93.21806786254803
2025-09-28 06:00:00+00:00,116.12475840403637,109226.13702419423,109480.247,109734.35697580577,-121.86834991363804,109280.01,109428.48034290952,109433.27644674464,2.445e-05,2.4106,-25.588421083346475,1.8787886526873647,43.13447762114907,-745.527659999999,8720178406.136135,41.27142574620443,7.439601811995877,0.0019694731648963685,59.13274,109507.00853048555,-99.99803052683511
2025-09-28 06:30:00+00:00,121.84134779359889,109228.41127506369,109481.247,109734.08272493632,-76.1992498835499,109410.0,109426.71741360424,109431.11296269218,2.445e-05,2.4106,-23.453851910147932,-3.149720163153243,46.627594698056036,-543.3368799999995,8720178406.136135,48.845044613559,11.735483388601326,28.422548555187117,107.88741,109500.48898528094,-71.57745144481288
2025-09-28 07:00:00+00:00,122.92860624770414,109231.31724484866,109483.00149999998,109734.68575515131,-36.5723756653284,109458.28,109429.73241691788,109436.08269538617,2.445e-05,2.4106,-17.7815458401019,-6.194773298570238,45.01578628867794,-590.2792399999992,8720178406.136135,51.347087337169114,21.998920470128187,37.572243382032546,89.60695,109500.08061607408,-62.427756617967454
2025-09-28 07:30:00+00:00,120.86819190901811,109232.91623656002,109484.905,109736.89376343998,10.371310311487129,109513.06,109437.65586309251,109433.69820572429,2.445e-05,2.4106,-8.55652626536903,-6.502872617159246,55.875299836204285,-168.45335999999963,8720178406.136135,54.10843735192445,43.36165091926097,64.09016082056324,89.05775,109501.3495756962,-35.909839179436766
2025-09-28 08:00:00+00:00,123.80711629193668,109243.20898652742,109476.129,109709.04901347258,25.649533934162637,109524.46,109445.93228581522,109441.29974032548,2.445e-05,2.4106,-0.5281680998450611,-5.430811406669907,66.48029165914403,-317.7388299999999,8720178406.136135,54.675891676109806,60.979060720451685,81.2747779587593,85.55668,109495.96480313802,-18.725222041240702
2025-09-28 08:30:00+00:00,121.116014318514,109245.43472192569,109471.3435,109697.25227807432,33.84986330241493,109509.91,109452.02040655828,109441.83369897841,2.445e-05,2.4106,4.740646096455748,-3.330960544982144,75.76055395890057,-394.08365999999927,8720178406.136135,53.75570992826292,74.05605317660259,76.80322075048525,130.72179,109491.35066148175,-23.196779249514755
2025-09-28 09:00:00+00:00,127.55227520525943,109243.04147888259,109466.6255,109690.2095211174,-27.64673968017531,109449.49,109451.77697137321,109441.07866646598,2.445e-05,2.4106,3.976365863447427,-1.837415980423383,66.70001750509005,-11.51767000000028,8720178406.136135,49.97728521734455,72.10424413780554,58.23473370417209,91.56174,109486.31143807994,-41.76526629582791
2025-09-28 09:30:00+00:00,126.90539646139769,109249.41733860427,109460.804,109672.19066139574,42.05733575190019,109519.42,109458.21998008522,109444.50298725448,2.445e-05,2.4106,8.8809245104203,0.2955483303633053,67.89977144455094,-238.29114999999913,8720178406.136135,54.008337637962185,71.58794062509688,79.7258674206333,118.07672,109485.18910769476,-20.274132579366693
2025-09-28 10:00:00+00:00,125.4296908728825,109294.56427226095,109443.50200000001,109592.43972773907,9.566852012389717,109441.7,109456.6546224735,109447.83591591763,2.445e-05,2.4106,6.347177714880672,1.401215546951542,61.74878590168773,-1742.0410899999997,8720178406.136135,49.249876609352796,64.60042820410396,55.8406834875065,72.14603,109468.32729899975,-44.1593165124935
2025-09-28 10:30:00+00:00,122.72547620576445,109299.8638232668,109431.53349999999,109563.20317673318,-55.87267253770556,109368.44,109448.25532484459,109445.62690109437,2.445e-05,2.4106,-1.5063215879054042,0.7922108280090353,61.11139773606478,-2131.27815,8720178406.136135,45.2095610407629,56.297571119784315,33.326162451213165,71.55934,109448.01113654673,-66.67383754878684
2025-09-28 11:00:00+00:00,122.45473871022942,109274.93239037505,109420.5655,109566.19860962495,-170.96864592645667,109272.24,109431.49520020738,109440.22618790178,2.445e-05,2.4106,-15.33141296262329,-2.4750350195298365,54.595585278298266,-2574.385210000001,8720178406.136135,40.50867413894774,31.932644045626194,6.631086198158942,185.00063,109425.10367088795,-93.36891380184106
2025-09-28 11:30:00+00:00,127.56500481244423,109276.96183763018,109421.33300000001,109565.70416236985,-83.60579080189079,109369.02,109425.54200342309,109436.06174900156,2.445e-05,2.4106,-18.20682377567573,-5.579684356513836,60.34828424293032,-2212.5609600000003,8720178406.136135,46.53104600274011,25.14809786071275,35.48704493276612,108.31168,109421.81704265413,-64.51295506723389
2025-09-28 12:00:00+00:00,125.12055285485205,109277.17647383932,109418.45300000001,109559.72952616069,-10.831595661224375,109429.46,109425.89572688988,109427.41830861202,2.445e-05,2.4106,-15.257870713801822,-7.260441032598557,62.18378391195096,-1659.8665899999996,8720178406.136135,49.95344111672753,31.87532921872211,53.50785652524127,139.45957,109419.65630482617,-46.49214347475873
2025-09-28 12:30:00+00:00,134.72424476420233,109264.32948583079,109411.825,109559.3205141692,-116.82853762977695,109314.99,109415.32525196651,109419.5445206093,2.445e-05,2.4106,-21.991926060349215,-10.10141105942046,57.29323534280752,-1325.6282199999998,8720178406.136135,44.21143161679106,40.20281911692489,31.613555892767284,168.69206,109408.79546564275,-68.38644410723272
2025-09-28 13:00:00+00:00,137.60897690000994,109263.84299374867,109412.933,109562.02300625134,19.969781556493345,109476.81,109421.1748234904,109419.1483331765,2.445e-05,2.4106,-14.115493397024693,-10.823917042296623,62.868907158266616,-165.45761999999996,8720178406.136135,52.53189421958636,52.553537742438245,72.53920080930618,127.7036,109407.71209861372,-27.460799190693816
2025-09-28 13:30:00+00:00,142.54112723677835,109244.39170092808,109423.08300000001,109601.77429907194,189.46597249360013,109639.0,109441.9359123961,109434.60659613152,2.445e-05,2.4106,4.937503983266652,-7.879458471179058,65.00534840660642,-683.7243899999994,8720178406.136135,59.103115040072794,65.96458446086315,93.74099668051598,204.30559,109424.75718424362,-6.2590033194840204
2025-09-28 14:00:00+00:00,147.79730280534503,109223.29239255055,109440.575,109657.85760744945,200.7955124904453,109715.95,109468.03199438943,109445.42474551222,2.445e-05,2.4106,26.09083038526296,-1.0788672192942963,66.28553981929102,-289.3442999999994,8720178406.136135,61.80878139890324,88.59170610763978,99.4949208330972,153.1697,109440.7259505303,-0.5050791669028061
2025-09-28 14:30:00+00:00,155.3288139412007,109186.78726393294,109464.7805,109742.77373606704,250.90317063931548,109850.01,109504.42109277975,109465.71245549491,2.445e-05,2.4106,52.95070344225678,9.59263471785925,68.59790864226767,-293.33547999999945,8720178406.136135,66.02105143585928,95.93110069276781,94.55738456469025,216.94892,109474.52695049142,-5.442615435309741
2025-09-28 15:00:00+00:00,158.45862440440578,109155.70263761435,109489.9335,109824.16436238565,221.89869806075046,109899.99,109542.0866211366,109479.41793726097,2.445e-05,2.4106,77.54744018301426,23.28467228461445,69.99594224484129,-306.3286399999998,8720178406.136135,67.47004360839705,97.48067986897621,98.38973420914118,172.30444,109503.212213119,-1.6102657908588203
2025-09-28 15:30:00+00:00,163.85207123471758,109119.58144505558,109524.0085,109928.43555494442,228.94663475183376,110037.93,109589.32960123215,109509.8698947449,2.445e-05,2.4106,106.66650548604957,39.701143268288575,70.54555240645615,-368.2719799999999,8720178406.136135,71.1080198228062,97.64903959127714,100.0,166.61903,109535.52648897345,-0.0
2025-09-28 16:00:00+00:00,177.5209068672953,109095.8392138828,109567.5115,110039.18378611718,248.39599391828818,110150.07,109642.70956677159,109524.6642923834,2.445e-05,2.4106,137.63051650639682,59.60047528180339,78.13937220851676,20.657599999999718,8720178406.136135,73.71041968208878,92.71814930363756,79.76471370177148,364.28788,109623.86366088847,-20.235286298228523
2025-09-28 16:30:00+00:00,180.62363422448013,109063.50687987199,109608.1125,110152.71812012802,182.7978709718734,110222.02,109697.87190917291,109547.65942603805,2.445e-05,2.4106,165.95659049009555,81.00399863251567,71.84252676510867,791.4032100000004,8720178406.136135,75.24865108105084,88.50237612575194,85.74241467548431,151.95065,109660.77563323075,-14.257585324515691
2025-09-28 17:00:00+00:00,185.02872785972596,109047.60688959305,109645.3355,110243.06411040695,166.79509679955396,110202.74,109745.97319252547,109581.38323163183,2.445e-05,2.4106,184.4397531118011,101.44691390833705,76.6902126856067,44.13604000000018,8720178406.136135,74.00015472382368,83.2159117344057,84.14060682596129,240.85135,109712.7236737629,-15.859393174038708
2025-09-28 17:30:00+00:00,186.50070198067945,109038.51088192457,109679.8585,110321.20611807544,140.897620634163,110203.52,109789.53828302398,109601.1194060369,2.445e-05,2.4106,197.1554317634873,120.73031701828066,80.08573224836152,151.12825,8720178406.136135,74.02978331858338,84.69614391900122,84.20541025555808,133.9454,109742.09526190277,-15.794589744441916
2025-09-28 18:00:00+00:00,186.11619828168782,109043.66079389177,109710.5405,110377.42020610823,100.10223223722791,110138.1,109822.75461333725,109630.80262056839,2.445e-05,2.4106,199.351603803123,136.19237970339563,82.95073473710667,-98.26785000000034,8720178406.136135,69.50644310536052,82.37208246097948,78.77023030141912,96.34202,109760.97115158774,-21.229769698580885
2025-09-28 18:30:00+00:00,184.5938453742358,109043.66401013864,109749.723,110455.78198986135,104.84289828735477,110293.56,109867.59085205113,109655.77001245314,2.445e-05,2.4106,211.40092950323015,151.2651905280874,82.49603026023829,50.00656000000051,8720178406.136135,73.62645343174434,84.88723095499189,91.68605230799848,44.15569,109778.57508695417,-8.313947692001515
2025-09-28 19:00:00+00:00,187.26633560855166,109058.06954282433,109794.149,110530.22845717568,98.4091779872452,110338.01,109912.41109306243,109690.47658127983,2.445e-05,2.4106,221.7670206208859,165.12382311067964,82.05092874038492,-2.278299999999973,8720178406.136135,74.6731152896308,88.61176653041286,95.37901698182098,79.54771,109801.84453315163,-4.620983018179017
2025-09-28 19:30:00+00:00,180.8649466029945,109074.07746454325,109835.058,110596.03853545676,100.57804913826544,110337.6,109952.90477974847,109715.64027612796,2.445e-05,2.4106,227.49476229738502,177.60450700278258,88.98194540980866,212.7993900000002,8720178406.136135,74.64403783824258,93.95687108560513,94.80554396699593,104.69624,109832.16951443329,-5.1944560330040686
2025-09-28 20:00:00+00:00,193.3175786885707,109079.1572057855,109895.473,110711.7887942145,121.93892056357306,110650.0,110019.30670097118,109757.41999035438,2.445e-05,2.4106,254.1832929982047,192.76407017367805,89.16075221331418,60.6780999999999,8720178406.136135,80.86588704894292,96.72818698293896,100.0,163.4741,109877.85645675301,-0.0
2025-09-28 20:30:00+00:00,200.55708354668633,109098.20260973403,109967.241,110836.27939026596,151.73682358351206,110803.8,110094.0014418764,109790.29120922327,2.445e-05,2.4106,284.76476218528114,211.41236321505693,89.80756428940865,616.0473600000003,8720178406.136135,83.08718565850313,95.00552509168584,90.21103130806156,346.5913,109982.90480946793,-9.788968691938441
2025-09-28 21:00:00+00:00,199.00677497645415,109171.44850689037,110040.35900000001,110909.26949310965,135.44064777161043,110734.6,110154.9923478284,109819.34360560756,2.445e-05,2.4106,299.98484471830307,229.3694216664849,83.16735024780772,845.6651600000007,8720178406.136135,78.7108942740058,91.38315739216186,83.93844086842398,162.70643,110059.72296319001,-16.061559131576015
2025-09-28 21:30:00+00:00,198.56385338917622,109236.46731948433,110113.6075,110990.74768051566,123.7044550670838,110833.99,110219.65463146823,109857.33775027114,2.445e-05,2.4106,316.3007378257462,246.8102784912026,77.5892816521729,1187.65561,8720178406.136135,80.3243179573609,88.38151610195108,90.99507612936765,112.84428,110106.35841660481,-9.004923870632348
2025-09-28 22:00:00+00:00,255.05829944718607,109159.2518077577,110228.45150000001,111297.65119224232,222.96575326205766,111726.34,110363.14768420701,109930.29004554875,2.445e-05,2.4106,396.6357118647429,276.78575885356025,81.96220232688817,1948.9194200000002,8720178406.136135,88.63443900612901,90.03889924746608,95.18318074460663,731.48799,110382.27945227122,-4.816819255393372
2025-09-28 22:30:00+00:00,257.38335541713576,109138.01502369049,110359.62750000002,111581.23997630955,240.8405970528503,111938.51,110513.18771736228,110011.43010821381,2.445e-05,2.4106,471.9173684878624,315.73953882877703,83.32843909683618,2193.9356600000006,8720178406.136135,89.74318527513722,94.13801106819714,96.23577633061717,398.73119,110569.65333405335,-3.764223669382835
2025-09-28 23:00:00+00:00,268.3865539858506,109120.59701007133,110491.1795,111861.76198992867,215.0130391161557,112107.85,110665.06753227492,110096.7585419221,2.445e-05,2.4106,539.0031080454355,360.297533242927,84.25789518419857,2643.1991900000003,8720178406.136135,90.53650163638102,93.69237302557009,89.65816200148653,540.77862,110785.72232198637,-10.341837998513471
2025-09-28 23:30:00+00:00,265.40376723441835,109124.39890724217,110617.427,112110.45509275782,176.33879841127623,112163.95,110807.81838483638,110177.8859039489,2.445e-05,2.4106,589.9575183864508,406.2276750197859,89.19740606564652,2797.3980600000004,8720178406.136135,90.79077653184463,92.58878697414798,91.87242259034025,266.6042,110916.44029522373,-8.12757740965975
2025-09-29 00:00:00+00:00,269.6541563568264,109158.80826554196,110741.573,112324.33773445805,149.43936692200674,112198.87,110940.30075544868,110257.68611354433,2.445e-05,2.4106,625.9297151797655,450.1514873694372,89.71366307537104,3106.00353,8720178406.136135,90.95363291462093,91.64282807379284,93.39789962955174,407.10023,111059.80522810492,-6.602100370448249
2025-09-29 00:30:00+00:00,270.82215868095324,109203.93042068192,110862.101,112520.27157931807,128.84880236672583,112260.57,111066.04305181887,110337.25314562325,2.445e-05,2.4106,651.8884797611827,490.46780102270884,90.20246920812411,3327.0475,8720178406.136135,91.24811898395537,93.78786025488687,96.09325854476859,309.48637,111184.61389943634,-3.9067414552314075
2025-09-29 01:00:00+00:00,271.94990434910756,109296.71753661403,110969.25000000003,112641.78246338603,104.95143382300569,112042.97,111159.0835836066,110404.0878969583,2.445e-05,2.4106,647.4612575087958,521.8681978684691,87.70537803706495,3150.21117,8720178406.136135,81.20280179777156,91.90826232830783,86.23362881060312,201.25626,111268.38426424717,-13.766371189396882
2025-09-29 01:30:00+00:00,279.6201343982858,109402.44481801944,111060.11850000001,112717.79218198058,74.04291238332587,111855.3,111225.39350992824,110462.55295413629,2.445e-05,2.4106,621.6049927141867,541.7682933608687,78.36522576156362,2642.6003400000004,8720178406.136135,73.66933009454087,86.71530512471652,77.8190280187779,447.9627,111362.20276526787,-22.180971981222108
2025-09-29 02:00:00+00:00,281.27665125213326,109507.27979336315,111146.86849999998,112786.45720663681,64.60427579773626,111885.07,111288.21768174553,110517.40506915063,2.445e-05,2.4106,596.692036839755,552.78140014269,71.41664910647484,3202.3592300000005,8720178406.136135,74.0813440480829,80.49324429334331,77.4270760506489,383.52582,111479.12776059788,-22.572923949351093
2025-09-29 02:30:00+00:00,282.45105671182404,109621.209611029,111223.2685,112825.32738897101,49.763155791019585,111750.02,111332.20125296664,110566.77831475473,2.445e-05,2.4106,559.5565451067523,554.1049540124623,67.17896552868189,2799.2184699999993,8720178406.136135,68.83446432750083,75.3510407653954,70.8070182267594,238.01922,111529.20170830953,-29.192981773240607
2025-09-29 03:00:00+00:00,274.3876817526713,109754.66157661295,111300.96650000001,112847.27142338706,38.79784082727007,111756.7,111372.62280908125,110610.46443883119,2.445e-05,2.4106,524.7101659371547,548.3165080939974,63.52673022376141,3123.9811600000007,8720178406.136135,68.95556298083139,71.1739150509897,65.28765087556081,177.98833,111593.20015884304,-34.712349124439186
2025-09-29 03:30:00+00:00,267.62909514003746,109905.56841990048,111383.666,112861.76358009952,42.92295407231942,111857.51,111418.80058302348,110658.52255559948,2.445e-05,2.4106,499.4310400396789,538.5651206817814,61.81820948885217,3341.2259200000003,8720178406.136135,70.74386190119927,69.09347848649442,71.18576635716306,132.13469,111631.89444388585,-28.814233642836932
2025-09-29 04:00:00+00:00,258.76277243253713,110095.07815745042,111467.36749999998,112839.65684254954,40.52740872138485,111812.13,111456.25688255309,110702.18828956269,2.445e-05,2.4106,470.33441580765066,524.9668206108101,65.38362341790481,3254.17738,8720178406.136135,68.8253948014343,68.33470825361718,68.53070752812768,160.18018,111663.86929096203,-31.469292471872325
2025-09-29 04:30:00+00:00,247.50999739160056,110275.09750273022,111543.2895,112811.48149726978,38.337473748891576,111812.0,111490.13985735449,110746.86655211712,2.445e-05,2.4106,442.1080746880907,508.3599232253468,67.91085529112345,3046.44077,8720178406.136135,68.8188317433366,68.07619377507172,64.51210743992442,118.61744,111679.1521831175,-35.487892560075586
2025-09-29 05:00:00+00:00,246.73535361215096,110466.58713971858,111607.89499999999,112749.2028602814,12.08331960723374,111630.12,111503.47675267058,110783.85844692297,2.445e-05,2.4106,400.41327438593726,486.6990192308614,57.8498879921383,2600.25841,8720178406.136135,61.1053486874564,46.70316857751828,7.066690764502726,254.66192,111698.7114580221,-92.93330923549728
2025-09-29 05:30:00+00:00,241.34010739587805,110696.82589717019,111678.682,112660.53810282981,9.181301557792516,111753.34,111527.27372982737,110822.0834626414,2.445e-05,2.4106,373.0555506857345,463.9640593685872,54.409860261717384,2617.788490000001,8720178406.136135,64.0448442044246,31.51754781489102,22.973845240245918,94.07529,111724.06506280167,-77.02615475975408
2025-09-29 06:00:00+00:00,236.18169386338613,110874.74954573766,111736.229,112597.70845426235,11.000027024024158,111800.94,111553.34290939698,110862.94198600775,2.445e-05,2.4106,351.1122622472758,441.3185542242404,49.624334795183344,2619.42917,8720178406.136135,65.13900705441,20.248281905297233,30.704309711143054,187.35118,111759.83657408852,-69.29569028885695
2025-09-29 06:30:00+00:00,235.44918653209956,111026.9958489386,111777.68049999999,112528.36515106137,-15.325473292819689,111632.83,111560.91150640478,110892.44193704575,2.445e-05,2.4106,316.57506918133004,416.39088518556457,43.25803134582911,2465.8248799999997,8720178406.136135,58.3717949081267,20.499508222114432,7.820369714954324,147.18325,111819.10150820506,-92.17963028504568
2025-09-29 07:00:00+00:00,232.2255007385389,111234.77208098,111821.3435,112407.91491902001,-53.31001224249046,111607.86,111565.38105254312,110919.74671591428,2.445e-05,2.4106,283.92037375320797,389.9196073088335,30.672597836099484,2058.4702100000004,8720178406.136135,57.418467310651444,14.94160206754595,6.300126776540473,416.08236,111835.5252365511,-93.69987322345953
2025-09-29 07:30:00+00:00,234.57373829752012,111500.32752230836,111872.94149999999,112245.55547769161,-31.899691841393533,111865.95,111594.00762059417,110957.26463786318,2.445e-05,2.4106,275.66396726893436,367.05595768745496,33.5693123448971,2467.03887,8720178406.136135,63.974126063347725,18.287490957007932,40.741976379529,453.20854,111851.02730537532,-59.258023620471
2025-09-29 08:00:00+00:00,243.35356577303702,111504.40602241726,111896.71099999998,112289.0159775827,90.73659695046622,112201.73,111651.88235004581,111004.5161159355,2.445e-05,2.4106,292.8851291886531,352.2689431869589,43.96725870324188,3047.4820400000003,8720178406.136135,70.36857973868578,47.92607736041322,96.73612892517022,473.53726,111920.15930761198,-3.263871074829782
2025-09-29 08:30:00+00:00,248.99202163719247,111502.85416754227,111904.773,112306.69183245773,116.47679882888369,112099.75,111694.53616061289,111047.35794641013,2.445e-05,2.4106,294.87580408056965,340.7936141852612,54.49434599585214,2928.297150000001,8720178406.136135,66.50869900036255,66.68887672043928,62.588524856618626,314.43952,111937.82005958981,-37.411475143381374
2025-09-29 09:00:00+00:00,244.7294395765373,111498.73497339345,111907.94200000001,112317.14902660657,81.32890019846334,112171.23,111739.93365243025,111090.60173462197,2.445e-05,2.4106,298.794805256126,332.4190720622929,56.469327261838494,3272.2346800000005,8720178406.136135,67.84138543180701,76.73729200563672,70.88722223512131,258.82368,111926.80771022363,-29.11277776487869
2025-09-29 09:30:00+00:00,239.37364948425437,111502.11135285016,111905.2895,112308.46764714984,87.91786471240914,112110.9,111775.26040019431,111129.15380372107,2.445e-05,2.4106,293.66565933100355,324.71276051076853,63.02293251478271,3306.444630000001,8720178406.136135,65.47702885083342,65.78625552433748,63.88301948127255,201.40755,111923.29168992315,-36.11698051872745
2025-09-29 10:00:00+00:00,232.03429236888024,111499.47089719231,111906.59600000002,112313.72110280773,107.53065992522319,112225.0,111818.09057227874,111171.19090018471,2.445e-05,2.4106,295.3953487525141,318.87776990883594,68.11793396417826,3782.5907700000002,8720178406.136135,67.7682073948366,70.63335423100379,77.12982097661751,161.58592,111912.21264646504,-22.870179023382487
2025-09-29 10:30:00+00:00,230.62069515854088,111514.48606699733,111898.07650000001,112281.66693300269,84.39207147675359,112090.18,111843.99953730058,111205.36711989879,2.445e-05,2.4106,282.6549108761974,311.6898180365849,60.898824240785984,3491.5080400000006,8720178406.136135,62.49572040763476,67.49676860086153,61.47746534469455,314.53706,111907.8723178913,-38.52253465530545
2025-09-29 11:00:00+00:00,227.02369780946694,111514.91778035529,111893.894,112272.87021964471,43.97900289524215,111959.32,111854.97558081691,111231.97296080113,2.445e-05,2.4106,259.0461143774155,301.2510864258751,55.25745333577071,3576.1204099999995,8720178406.136135,57.79679150157782,61.630714932546844,46.28485847632847,233.28523,111903.3438723834,-53.71514152367153
2025-09-29 11:30:00+00:00,221.99944978248286,111517.2559726039,111906.129,112295.0020273961,62.14693691456962,112100.0,111878.31975619841,111269.69035865382,2.445e-05,2.4106,248.67149273355608,290.6233874263047,55.8690755599469,3518.6828700000005,8720178406.136135,61.175939428584385,56.793291073598446,62.61754939977232,168.62573,111909.59235222785,-37.38245060022768
2025-09-29 12:00:00+00:00,231.73817534044292,111491.6647929,111930.62,112369.57520709999,124.42215341903176,112374.89,111925.6118035337,111312.87745023626,2.445e-05,2.4106,259.71605271770386,284.44660405987145,63.45137028940152,3885.9632399999996,8720178406.136135,66.77864298748295,67.81139464864827,94.53177606984406,321.20419,111936.38405893758,-5.468223930155945
2025-09-29 12:30:00+00:00,256.2637382193229,111511.68369076472,111944.227,112376.77030923527,76.14905182716765,112022.16,111934.81288760666,111343.29072647083,2.445e-05,2.4106,237.2061698686157,274.9195326806946,56.00756336015058,3347.5349100000003,8720178406.136135,55.67427657783521,68.50263137630465,48.35856865929758,423.43272,111963.04497692637,-51.64143134070242
2025-09-29 13:00:00+00:00,267.02823477990154,111530.22352622282,111965.37449999999,112400.52547377716,60.084869832642056,112179.65,111958.12686247533,111374.42882276584,2.445e-05,2.4106,229.52266258334566,265.89063006623854,50.22132716052224,3693.4597299999996,8720178406.136135,58.95719325632128,69.25041493940238,64.86090008906547,283.87954,111981.40987216248,-35.13909991093454
2025-09-29 13:30:00+00:00,348.13620041100654,111336.18693220426,112033.8635,112731.54006779575,276.63823186601974,113227.29,112078.99843873554,111446.61358665799,2.445e-05,2.4106,304.4373831742414,273.6144644840445,64.41391618751135,5164.755009999999,8720178406.136135,73.18090154437958,66.53432192701405,86.3834970326791,1386.78417,112192.70909732321,-13.61650296732089
2025-09-29 14:00:00+00:00,373.68999636646225,111118.54417836641,112130.407,113142.2698216336,362.5402345812175,113743.0,112237.47261774041,111535.73526451214,2.445e-05,2.4106,400.81381160294404,299.0826866473507,74.47669158594702,6208.742179999999,8720178406.136135,77.34402369874844,81.12452159732607,92.12916767023361,914.9249,112385.57798552827,-7.870832329766391
2025-09-29 14:30:00+00:00,384.86593786595364,110945.87042446728,112241.4835,113537.09657553272,297.99896699872136,114033.53,112408.53152153718,111636.20079587167,2.445e-05,2.4106,494.8518975999905,338.1601427188348,76.23536169048693,6965.5247,8720178406.136135,79.29321690020323,90.04715411639528,91.6287976462731,876.14669,112571.93270104266,-8.371202353726895
2025-09-29 15:00:00+00:00,383.0967530578716,110920.7904966316,112349.978,113779.16550336841,203.54836091946973,113800.01,112541.0516198208,111720.33864452291,2.445e-05,2.4106,544.3287931537197,379.41568137163483,68.1265959395883,6638.0551,8720178406.136135,73.79643440242448,88.41296350642341,81.48092520276349,528.31718,112685.87394972744,-18.51907479723651
2025-09-29 15:30:00+00:00,378.15577078693155,110917.36634931836,112453.08949999997,113988.81265068159,152.55688858167707,113815.57,112662.43217801108,111801.57857217288,2.445e-05,2.4106,578.1384519590356,419.1883850598094,63.034545256532006,7015.369159999999,8720178406.136135,73.92689924288818,85.08612441246633,82.14865038836244,330.10913,112741.98076518904,-17.851349611637566
2025-09-29 16:00:00+00:00,368.7220210221238,110935.13003869285,112556.1105,114177.09096130714,129.65204155017875,113861.36,112776.6160351047,111882.46441528006,2.445e-05,2.4106,601.6704076124588,455.68144263180903,67.12436155641552,7157.56148,8720178406.136135,74.32959796138367,82.58106967629362,84.11363343775494,270.18472,112800.09637004472,-15.88636656224506
2025-09-29 16:30:00+00:00,374.7439795547163,111029.01531909742,112655.7765,114282.53768090259,100.14084878240438,113626.15,112857.52301420765,111950.40489405364,2.445e-05,2.4106,594.5000340481056,483.4585165898656,61.50945246634984,6954.632959999999,8720178406.136135,68.47872008552659,80.09412235906693,74.02008325108343,457.82735,112868.47343033698,-25.979916748916565
2025-09-29 17:00:00+00:00,379.4420967032182,111133.00319202,112769.896,114406.78880797999,86.24553941128022,113890.25,112955.87695582867,112026.04142067011,2.445e-05,2.4106,603.1766304770863,507.4153881111052,56.078397486418716,7543.7294200000015,8720178406.136135,71.21874861205822,81.16236822154521,85.35338797579723,517.9067,112976.94785356188,-14.646612024202774
2025-09-29 17:30:00+00:00,378.07938751742046,111207.51256724946,112878.794,114550.07543275053,95.29761692667915,114043.91,113059.50481793575,112107.62053935902,2.445e-05,2.4106,615.2911228111334,528.9161485406988,60.602562925079006,7745.70761,8720178406.136135,72.70444123940896,83.77361999170358,91.9473887482301,325.66059,113076.81931896051,-8.052611251769898
2025-09-29 18:00:00+00:00,370.3980326230233,111262.25437447302,112966.878,114671.50162552697,84.74316273455607,113963.41,113145.59023427544,112180.05486192495,2.445e-05,2.4106,611.4067417376209,545.4246555211679,60.300088740675626,7570.86956,8720178406.136135,70.64617229522162,88.59789154472264,88.49289791014058,264.29825,113159.26211083557,-11.50710208985941
2025-09-29 18:30:00+00:00,355.8945668389157,111348.84486818216,113062.33,114775.81513181784,75.93082636117418,114008.79,113227.79998955045,112251.8795385785,2.445e-05,2.4106,605.0063405504043,557.3376616281662,58.21723274087409,7618.11965,8720178406.136135,71.14217652888068,90.29352443891355,90.44028665837,132.59326,113208.13453447843,-9.559713341629996
2025-09-29 19:00:00+00:00,346.9977350597391,111444.85453762281,113153.996,114863.13746237718,68.43138886453731,114004.55,113301.77286399211,112319.17952322368,2.445e-05,2.4106,592.7953788517043,564.4727420062552,54.51440894760797,7478.45367,8720178406.136135,71.0228141191374,89.73050680169946,90.2583358365878,211.39489,113261.75388968055,-9.7416641634122
2025-09-29 19:30:00+00:00,358.41028622407396,111557.54541766059,113261.7285,114965.91158233941,78.26816406698627,114265.55,113393.56421206199,112396.82441441003,2.445e-05,2.4106,597.2328904736496,570.9847474478228,61.23789153943875,7933.52303,8720178406.136135,73.9533640103751,91.88753790221496,94.96399121168709,536.53949,113345.06849154686,-5.036008788312917
2025-09-29 20:00:00+00:00,352.6552274649654,111674.38125213997,113364.982,115055.58274786004,80.34125273787717,114290.07,113478.94710106358,112471.66750699477,2.445e-05,2.4106,595.8718571889767,575.9439857892169,64.86369015295871,8039.59843,8720178406.136135,74.21699833596891,93.48958040362452,95.24641416259864,207.76499,113388.79622321238,-4.753585837401363
2025-09-29 20:30:00+00:00,340.14909567349935,111846.8268071035,113473.3875,115099.9481928965,78.75458276871232,114258.29,113553.1709870736,112542.05616029174,2.445e-05,2.4106,585.4841353037773,577.8421352730234,58.36651322986688,7677.6941,8720178406.136135,73.18210947794518,92.7329819025781,87.98854033344857,289.68445,113465.35272024023,-12.011459666551435
2025-09-29 21:00:00+00:00,329.41833171825436,112089.23445554412,113583.12049999999,115077.00654445586,69.16192501419407,114153.98,113610.39021605522,112604.97654743581,2.445e-05,2.4106,562.3659732751985,574.7557888348011,49.410424976302885,7560.19016,8720178406.136135,69.74521207419306,85.78173266944951,74.11024351230132,128.03618,113516.43255677872,-25.889756487698676
2025-09-29 21:30:00+00:00,317.55315696166826,112338.21217495523,113686.95700000001,115035.70182504479,65.46560280257899,114176.73,113664.32757704126,112666.7170033745,2.445e-05,2.4106,539.6511538979103,567.7317287708024,38.03753825959125,7603.88047,8720178406.136135,70.07528206699392,79.53436965927283,76.50432513206856,90.22939,113552.42277052396,-23.49567486793144
2025-09-29 22:00:00+00:00,307.3275047093744,112557.0299469939,113772.7375,114988.4450530061,56.95979176180156,114090.5,113704.91317991872,112721.58147697046,2.445e-05,2.4106,508.85132813084056,555.9851401968385,40.91580953726077,7400.9723699999995,8720178406.136135,67.08838297255596,72.68151172661474,67.42996653547432,225.85929,113616.54949293128,-32.57003346452568
2025-09-29 22:30:00+00:00,299.241631510994,112957.62480967084,113881.12000000002,114804.6151903292,60.865133112855155,114189.81,113751.09468325037,112779.52771045311,2.445e-05,2.4106,486.81523508991813,542.139952812639,47.721219193607006,7592.54996,8720178406.136135,68.7413268473859,73.93836072934387,77.88079052048876,217.95292,113705.8012661305,-22.119209479511238
2025-09-29 23:00:00+00:00,290.53616007632655,113473.27902659625,113987.1875,114501.09597340375,103.55720000266054,114301.0,113803.46797016487,112839.77703594032,2.445e-05,2.4106,472.86609088747355,528.2674352376371,47.21013541378398,7790.5511799999995,8720178406.136135,70.52609198975188,78.29751857386378,89.5817986656283,231.81117,113777.25146951784,-10.418201334371703
2025-09-29 23:30:00+00:00,282.18420654916696,113644.00003654041,114041.421,114438.84196345959,109.722486478757,114311.96,113851.89789258955,112898.42075926202,2.445e-05,2.4106,457.4128071997693,514.0688145158713,55.098572907152054,7841.948009999999,8720178406.136135,70.70318275856641,86.06591880117026,90.73516721739375,113.50216,113956.07242075821,-9.264832782606243
2025-09-30 00:00:00+00:00,290.50578905651645,113686.44739726411,114062.80650000002,114439.16560273593,65.25656390510603,114170.71,113882.27011534687,112952.27157763975,2.445e-05,2.4106,428.74880040709104,496.88451972994477,55.89499890049111,7318.313639999999,8720178406.136135,65.24400620533771,79.65083172742573,58.635529299255104,466.04471,114021.47585940066,-41.364470700744896
2025-09-30 00:30:00+00:00,313.4505537867861,113660.86799370317,114087.4285,114513.98900629682,151.3913147595669,114525.97,113943.57102253634,113012.32563819297,2.445e-05,2.4106,429.8648852913757,483.53104286105764,57.90100396570816,7918.51022,8720178406.136135,71.25553034692845,74.61840992164721,74.48453324829278,487.80851,114063.01908874667,-25.51546675170723
2025-09-30 01:00:00+00:00,323.3353971768532,113662.44678275844,114128.98799999998,114595.52921724152,171.93907575111137,114631.2,114009.0569803957,113074.72449692362,2.445e-05,2.4106,434.2273754580674,473.7033350021878,66.0235390947899,8298.94392,8720178406.136135,72.75946540604157,72.02492956297807,82.95472614138633,347.73811,114109.09193216292,-17.045273858613662
2025-09-30 01:30:00+00:00,327.07986342084087,113693.22302585389,114163.225,114633.22697414612,115.60265646166081,114500.31,114055.84672985869,113132.24790617374,2.445e-05,2.4106,422.1947352436109,463.3524268167523,61.25569652825468,7816.120669999998,8720178406.136135,67.99711087855434,75.50641993789684,69.08000042401139,418.51849,114149.26377076813,-30.919999575988612
2025-09-30 02:00:00+00:00,319.6414043901878,113726.80089922776,114193.781,114660.76110077224,109.68726973065515,114472.48,114095.53227611913,113187.4774678363,2.445e-05,2.4106,405.70489655017445,451.74171205888626,66.61577862993761,7565.98618,8720178406.136135,66.99161423352155,72.28073286312136,64.80747202396635,216.87947,114173.08156114256,-35.192527976033645
2025-09-30 02:30:00+00:00,310.95478068291965,113834.6580412492,114235.2715,114635.8849587508,102.4202896655019,114455.96,114129.85139661115,113234.05727318792,2.445e-05,2.4106,386.97407388583815,438.8843848470014,63.227824838892225,7588.364449999999,8720178406.136135,66.36932074151457,63.45299167955071,56.471502590674405,169.11306,114215.99015294288,-43.528497409325595
2025-09-30 03:00:00+00:00,303.4777112812555,113887.69458174465,114257.0625,114626.43041825535,58.397301326767455,114326.07,114148.53414886426,113274.8374009632,2.445e-05,2.4106,357.51220454736904,422.6720810114239,58.17814497877119,7533.04126,8720178406.136135,61.50242396581276,53.64178255721216,39.64637305699572,164.11557,114267.86992000308,-60.35362694300428
2025-09-30 03:30:00+00:00,292.5637569769237,113914.39797759453,114273.6865,114632.97502240546,50.49159848264688,114376.39,114170.22908757285,113315.60963015542,2.445e-05,2.4106,334.38612768321764,405.08863527052006,50.9956648752762,7799.7872099999995,8720178406.136135,62.648934582680376,47.42746113989693,46.16450777202065,224.16326,114289.92398894738,-53.83549222797935
2025-09-30 04:00:00+00:00,285.3040333174483,113951.76063698369,114284.782,114617.80336301633,-17.10806135076905,114185.32,114171.67175093455,113352.06198162484,2.445e-05,2.4106,297.10942700257874,383.4214760246054,50.53871018156162,7552.071730000001,8720178406.136135,55.86171523288831,35.74179620034599,21.41450777202163,159.68295,114304.38955118896,-78.58549222797836
2025-09-30 04:30:00+00:00,278.2148805440759,113967.89156273352,114288.924,114609.95643726648,-74.80072057359646,114091.63,114164.0471176065,113380.36974738805,2.445e-05,2.4106,257.1084578041482,358.17999658826244,49.07604763232228,7395.33332,8720178406.136135,52.840310375335825,25.619170984456428,9.278497409327029,195.74909,114306.8534684689,-90.72150259067297
2025-09-30 05:00:00+00:00,278.3611743415719,113952.2280834081,114285.69499999999,114619.16191659188,-149.69780387167123,113939.97,114142.70672895585,113402.43973008762,2.445e-05,2.4106,210.7233640629711,328.6848740347315,47.84411357389418,6997.46623,8720178406.136135,48.28619466556936,10.811838347116089,1.742509859999607,320.0144,114302.79412203698,-98.2574901400004
2025-09-30 05:30:00+00:00,271.320449801811,113894.85745541865,114267.61750000001,114640.37754458137,-184.23268639170195,113904.0,114119.97199506672,113421.78074420105,2.445e-05,2.4106,169.12133659151732,296.78213785652366,40.296224157202026,6675.43883,8720178406.136135,47.24647788447289,6.325796734647334,7.956382934615363,378.30015,114286.6113035191,-92.04361706538464
2025-09-30 06:00:00+00:00,264.00436936446715,113847.30779175885,114249.17199999999,114651.03620824113,-150.8963751750101,113921.16,114101.03467239524,113440.13501956123,2.445e-05,2.4106,135.9915089760034,264.66137909842735,41.88634625751575,7052.86377,8720178406.136135,47.82514702923914,6.477985479128701,9.73506364277113,339.44726,114263.39371609868,-90.26493635722886
2025-09-30 06:30:00+00:00,261.40219031225996,113799.91059836946,114230.8395,114661.76840163054,-122.78196855588617,113891.64,114081.09231408901,113457.83740374683,2.445e-05,2.4106,106.10565787211817,232.9503471306174,42.942887848888496,6916.642390000002,8720178406.136135,46.87466897631307,8.122227289688228,6.6752352916781925,188.17315,114249.85504594169,-93.32476470832181
2025-09-30 07:00:00+00:00,253.89630354333613,113773.99504924189,114220.7665,114667.53795075811,-113.73142996555093,113952.52,114068.84859579375,113477.78247668596,2.445e-05,2.4106,86.3250256863248,203.60869250599472,46.19392712414766,7045.767469999999,8720178406.136135,49.11981915163981,9.79863731221557,12.985613002197388,179.5398,114239.66440986154,-87.01438699780262
2025-09-30 07:30:00+00:00,262.02140255648794,113695.55639429504,114196.8915,114698.22660570496,-154.9418144696696,113699.23,114033.64517500889,113485.75437954889,2.445e-05,2.4106,49.66624414261605,172.84185634925888,32.651950279276335,6503.623599999999,8720178406.136135,41.29822775334312,9.708269508618452,9.463960231979778,565.91437,114190.83635837119,-90.53603976802022
2025-09-30 08:00:00+00:00,258.1107285983532,113602.33308578962,114171.15899999999,114739.98491421035,-166.59322167344337,113575.85,113990.04252158318,113487.94346667026,2.445e-05,2.4106,10.554440582520328,140.42523150917418,23.916764724265633,6269.16907,8720178406.136135,38.115288939082866,8.747875332406126,3.794052763041213,303.43867,114163.18867694939,-96.20594723695879
2025-09-30 08:30:00+00:00,258.10491330354245,113485.01907948536,114134.263,114783.50692051466,-171.74893140228005,113451.89,113938.7951955886,113488.81586851015,2.445e-05,2.4106,-30.17946003432735,106.23479343414702,24.37437898634893,5860.011849999999,8720178406.136135,35.177296453196774,7.164760158328484,8.236267479964463,350.02448,114122.33106636516,-91.76373252003553
2025-09-30 09:00:00+00:00,256.49885818985183,113333.68161742117,114081.92750000002,114830.17338257887,-173.94148385137893,113254.29,113873.6061912533,113480.46792395462,2.445e-05,2.4106,-77.48654992799857,69.4647116321284,17.72517448392459,5352.511079999999,8720178406.136135,31.068979432082045,4.939148444815383,2.787125091440473,399.61336,114061.61390353715,-97.21287490855953
2025-09-30 09:30:00+00:00,280.8993064985212,113075.9883209755,114005.428,114934.8676790245,-205.84816160965318,112781.97,113769.64307115434,113454.03931879056,2.445e-05,2.4106,-151.35128234401054,25.272224451657472,12.1133212159681,4667.461579999998,8720178406.136135,23.88786665242597,4.619639887339068,2.835527090612239,595.44255,113954.72798178424,-97.16447290938775
2025-09-30 10:00:00+00:00,288.3552139914206,112883.65781087472,113938.78350000002,114993.90918912532,-186.19917549318941,112837.82,113680.89848113469,113430.07435843471,2.445e-05,2.4106,-203.02772953675594,-20.3938614097743,11.420140214314287,5011.6805399999985,8720178406.136135,26.06344300743018,5.240743132038715,10.099577214063407,433.27671,113861.08031432061,-89.9004227859366
2025-09-30 10:30:00+00:00,289.67925906217084,112751.94482158546,113858.6595,114965.37417841452,-146.8705380660876,112923.49,113608.7637473838,113409.95239985702,2.445e-05,2.4106,-234.35701060386782,-63.17871202250912,17.384395145551707,5476.28656,8720178406.136135,29.397719537118093,9.489992222991283,15.534872364298204,288.71912,113769.7969789361,-84.46512763570179
2025-09-30 11:00:00+00:00,282.5240260970721,112655.50232217103,113773.472,114891.44167782896,-127.59880919127087,112927.45,113543.87426263058,113389.96807054893,2.445e-05,2.4106,-255.89586337567016,-101.68983845529765,17.06311740835139,5779.197009999998,8720178406.136135,29.55646336678012,14.119627704523433,16.72443353520866,250.50876,113688.51063830526,-83.27556646479134
2025-09-30 11:30:00+00:00,280.0448245213436,112593.7115764948,113701.20699999998,114808.70242350516,-98.03856364207196,113055.01,113497.31861000789,113378.06238832616,2.445e-05,2.4106,-259.73006277707464,-133.33527172384004,21.995926914283245,5935.903339999999,8720178406.136135,34.63369402906528,19.334245573793314,25.743430821873083,248.26807,113606.71963169785,-74.25656917812692
2025-09-30 12:00:00+00:00,268.4443806681736,112552.90060369509,113631.85900000001,114710.81739630493,-82.69815732115111,113085.52,113458.09652886521,113365.22319894706,2.445e-05,2.4106,-257.282718411574,-158.08320769699878,26.066465583104346,6115.718709999999,8720178406.136135,35.82650362766455,24.176146902598134,30.060576350712623,153.60003,113560.78100964453,-69.93942364928738
2025-09-30 12:30:00+00:00,268.2254579435297,112516.80425725432,113559.16400000002,114601.52374274572,-71.51744067541024,113002.06,113414.66149427017,113349.69300846527,2.445e-05,2.4106,-259.08790880203014,-178.2449791136311,31.46179427402504,5992.696789999999,8720178406.136135,34.0011509964237,26.673280353442156,24.215833887740768,193.99457,113519.09889288881,-75.78416611225923
2025-09-30 13:00:00+00:00,282.8575657186423,112523.87079116522,113508.86000000002,114493.84920883481,-52.148309027721155,113319.99,113405.64124280075,113346.83621962712,2.445e-05,2.4106,-232.17332697380334,-188.9792149021361,30.645750774540915,6579.9283300000025,8720178406.136135,45.41756614934496,33.58567643591624,46.48061906929532,288.78962,113479.28785360875,-53.51938093070468
2025-09-30 13:30:00+00:00,302.19766370878415,112558.9269351384,113460.26699999999,114361.60706486159,-13.001045290602598,113404.53,113405.53935246103,113350.80088683129,2.445e-05,2.4106,-201.7716133656504,-191.589438478079,35.663043989300135,6929.784869999999,8720178406.136135,47.99174894735525,42.202004186908,55.9095596036879,534.85717,113441.15098178994,-44.0904403963121
2025-09-30 14:00:00+00:00,323.72474964484445,112556.71235269259,113406.04000000001,114255.36764730743,-45.02973527301914,113100.78,113376.51711423419,113342.05916449967,2.445e-05,2.4106,-199.87495689354546,-193.27885669212264,33.299214107905215,6300.7207499999995,8720178406.136135,40.58008943793943,45.560724938567404,34.29199614271898,520.75244,113400.84588005871,-65.70800385728103
2025-09-30 14:30:00+00:00,343.27748972371694,112586.2080050895,113381.21100000001,114176.21399491052,5.255039441333778,113595.05,113397.32510711593,113349.9670761165,2.445e-05,2.4106,-156.61254794737033,-185.8843930180071,42.382597238583706,6888.069300000003,8720178406.136135,53.23628424405339,58.90569475637475,86.51552852271739,389.424,113380.59797041846,-13.48447147728261
2025-09-30 15:00:00+00:00,367.20506402705615,112572.81192869133,113336.729,114100.64607130869,-33.41495691807909,113050.33,113364.2845457526,113341.06269165505,2.445e-05,2.4106,-164.4950580663135,-181.69304385354644,40.944079641670534,6240.87269,8720178406.136135,42.4928169557166,53.13484380139737,38.59700673875576,478.50455,113338.63566305664,-61.40299326124424
2025-09-30 15:30:00+00:00,360.01252091690236,112573.31993700523,113296.83700000001,114020.3540629948,-43.47443132923211,113106.16,113339.7078624481,113334.70341806341,2.445e-05,2.4106,-164.35318523983005,-178.31178777891864,41.51696610020768,6393.53332,8720178406.136135,43.74352553630155,56.39264156628857,44.065389437392554,280.36423,113298.64299789947,-55.934610562607446
2025-09-30 16:00:00+00:00,354.7216347860744,112583.67918998846,113253.8795,113924.07981001154,-39.413380580307276,113062.01,113313.26358151493,113325.36295463299,2.445e-05,2.4106,-165.86562494805548,-175.8636968930053,43.009678182638254,5964.43042,8720178406.136135,42.94558313740015,40.80114140939239,39.74102805202887,224.79731,113261.71089137495,-60.25897194797113
2025-09-30 16:30:00+00:00,349.97686457230645,112576.18621661405,113201.35949999999,113826.53278338593,-87.08459592761125,112841.24,113268.31441560297,113308.73558713739,2.445e-05,2.4106,-182.80067924081231,-177.32276917355023,47.194860430356776,5649.269160000001,8720178406.136135,39.10703756419802,33.97455989134408,18.117262184610823,161.99156,113234.60993823905,-81.88273781538918
2025-09-30 17:00:00+00:00,360.7693895379319,112643.09691366526,113165.88350000003,113688.6700863348,-18.971747992695885,113243.0,113265.90555480108,113307.0367688914,2.445e-05,2.4106,-161.9097485550592,-174.26688709247838,54.67378682900598,5644.91383,8720178406.136135,48.17934819003574,36.5169777951375,51.692643148772795,212.59359,113213.0654078556,-48.307356851227205
2025-09-30 17:30:00+00:00,359.48088693073305,112678.84813142772,113143.2275,113607.60686857227,59.77225722494815,113246.11,113264.02588281741,113307.07357166323,2.445e-05,2.4106,-143.48925022916228,-168.18510999111282,57.161997121450256,6005.588210000001,8720178406.136135,48.24191343787273,40.22143309265315,50.85439394457584,532.97882,113176.08759967877,-49.14560605542416
2025-09-30 18:00:00+00:00,359.3540449133606,112691.75064973252,113137.718,113583.68535026746,108.37742752127325,113465.66,113283.23370006641,113315.26496487788,2.445e-05,2.4106,-109.9061441882368,-156.58927301018397,62.766546796053554,6090.315200000001,8720178406.136135,52.701627128393916,59.47635829045172,75.88203777800652,251.34602,113164.39417144022,-24.11796222199348
2025-09-30 18:30:00+00:00,360.3643386963307,112655.8712461608,113150.85150000002,113645.83175383924,184.0837888258332,113714.56,113324.3153261626,113332.1890498401,2.445e-05,2.4106,-62.477178085187916,-137.8053224318717,62.20247058715625,5906.539600000001,8720178406.136135,57.20423319364715,75.57881057419412,100.0,180.51228,113159.83192953301,-0.0
2025-09-30 19:00:00+00:00,354.5252388636013,112581.73984246647,113185.42000000001,113789.10015753355,242.11917032285078,113945.66,113383.49022401945,113355.90763764498,2.445e-05,2.4106,-6.136676120280754,-111.46128502667034,64.22728334893736,6636.71116,8720178406.136135,60.924640939683634,90.97636726123295,97.04706400569236,400.41951,113194.23690801447,-2.9529359943076323
2025-09-30 19:30:00+00:00,373.33592543073274,112500.84420410148,113264.32100000003,114027.79779589857,272.865190921578,114359.99,113476.49023445736,113395.29713519585,2.445e-05,2.4106,71.11944795685122,-74.94555546063629,66.94619277922976,6967.108330000001,8720178406.136135,66.54043703723914,95.16965047718277,88.46188742585596,571.24852,113311.35560234253,-11.538112574144037
2025-09-30 20:00:00+00:00,374.67206506009524,112461.6129849371,113341.7945,114221.9760150629,220.7301991947048,114387.29,113563.2304044044,113433.04820963231,2.445e-05,2.4106,133.04286139036412,-33.312894979018004,67.9234422497035,7463.69455,8720178406.136135,66.87918731418127,91.83964393700963,90.00998037948055,437.84758,113409.72087831957,-9.990019620519442
2025-09-30 20:30:00+00:00,377.6776437487475,112406.76751870601,113426.93800000001,114447.10848129401,210.1661236205099,114626.36,113664.48717470255,113482.578979904,2.445e-05,2.4106,199.02458290908544,13.071483176714064,66.2341778123923,7640.15333,8720178406.136135,69.7572926295726,91.13941451819802,94.94637574925757,272.8008,113478.12583904664,-5.053624250742424
2025-09-30 21:00:00+00:00,383.77904975286845,112435.95118905071,113495.17450000001,114554.3978109493,153.0270151878815,114292.18,113724.26925443759,113515.10982582766,2.445e-05,2.4106,221.82999847225437,54.79942083377769,68.50604576706047,7242.849400000001,8720178406.136135,61.684656067879786,87.09592486207708,76.33141845749316,353.14824,113550.42787486989,-23.66858154250684
2025-09-30 21:30:00+00:00,384.62566161972967,112473.6092705491,113550.474,114627.3387294509,107.128490047805,114161.0,113765.8626420756,113540.43164118846,2.445e-05,2.4106,226.7210127958533,89.18395843462876,61.49807199109876,7076.37495,8720178406.136135,58.8078096424656,80.29959734082081,69.6209978157117,296.31922,113601.6939576457,-30.379002184288304
2025-09-30 22:00:00+00:00,385.26504113459043,112524.63922838657,113595.99750000001,114667.35577161345,72.25626836877389,113995.99,113787.79225883869,113563.79116404359,2.445e-05,2.4106,214.67447087791516,114.11503479052053,64.91684445666203,6741.40468,8720178406.136135,55.310176552088805,69.0441478631999,61.180027316394856,230.27403,113630.90343475153,-38.819972683605144
2025-09-30 22:30:00+00:00,368.55626578950313,112597.84328359108,113642.91400000002,114687.98471640896,44.43691821411026,113940.39,113802.33164204723,113581.26477924951,2.445e-05,2.4106,198.40105825870705,130.8900095891091,67.35976641851639,6459.27001,8720178406.136135,54.14099632588245,63.04562451723155,58.33584841958811,118.66057,113652.34639527394,-41.66415158041189
2025-09-30 23:00:00+00:00,360.62486037667946,112632.13133445792,113675.223,114718.31466554207,34.752754988296445,113966.17,113817.93247634171,113595.14201248015,2.445e-05,2.4106,185.5306728649157,141.85514035050124,67.95322118856168,6624.236680000001,8720178406.136135,54.6202794279389,59.72349397487661,59.654606188646866,186.14511,113680.57891191995,-40.345393811353134
2025-09-30 23:30:00+00:00,349.00929662585844,112659.98696109271,113707.443,114754.89903890729,39.689666030965874,114048.93,113839.93628912527,113614.68569051004,2.445e-05,2.4106,179.8681910350715,149.4046111553552,71.23514407232811,6543.8227400000005,8720178406.136135,56.19872489425735,60.54049301792224,63.63102444553172,82.29249,113708.71891023907,-36.36897555446828
2025-10-01 00:00:00+00:00,348.4751244981909,112736.22423390261,113753.497,114770.7697660974,50.764279629741246,114021.86,113857.29870647116,113646.34795650939,2.445e-05,2.4106,170.8823913303786,153.22306805606814,71.42493964279662,6192.823910000001,8720178406.136135,55.50726061726433,59.0958837515156,54.002020620368214,238.15455,113772.18438244554,-45.997979379631786
2025-10-01 00:30:00+00:00,343.92321499739677,112749.90496372935,113785.72099999999,114821.53703627063,53.94487007619729,114239.53,113893.71032949662,113673.34164201614,2.445e-05,2.4106,179.4873330329865,158.36248336074547,68.93369466029343,5657.771529999998,8720178406.136135,59.729773573859966,61.65496642186107,67.33185419968326,196.43561,113809.42352497147,-32.668145800316736
2025-10-01 01:00:00+00:00,339.837666412136,112844.04681385116,113851.5905,114859.13418614885,72.21844648347069,114367.72,113938.86100566035,113703.55051668163,2.445e-05,2.4106,194.41392695171817,165.48223364963127,69.31917554744186,5556.223279999999,8720178406.136135,62.01556584747715,64.65085065764393,72.61867715288031,297.18294,113890.2175093301,-27.381322847119687
2025-10-01 01:30:00+00:00,338.87184266005676,112933.4704959452,113923.782,114914.0935040548,87.59356420385141,114549.99,113997.06605224482,113737.73090834642,2.445e-05,2.4106,218.46975987323094,176.04974476487192,70.25262177832585,5315.51532,8720178406.136135,65.05472277045897,73.49705134581397,80.54062268487833,300.07066,113959.11074649643,-19.459377315121667
2025-10-01 02:00:00+00:00,323.7060956527071,113062.36929413804,113992.0755,114921.78170586197,87.547617814203,114427.88,114038.0973744881,113765.40975134111,2.445e-05,2.4106,225.09155131978332,185.83943593323724,68.31650842225596,4893.337109999999,8720178406.136135,61.503361314612015,73.37054903379693,66.95234726363215,155.57401,114008.35242733595,-33.047652736367844
2025-10-01 02:30:00+00:00,312.99106834597654,113292.46442028663,114063.621,114834.77757971337,58.14780877895963,114272.15,114060.39061406066,113786.3670971555,2.445e-05,2.4106,215.27798049089324,191.6941566489001,56.316118923262515,4133.38667,8720178406.136135,57.21336666363377,66.23542342228963,51.21330031835842,352.85021,114059.78797959801,-48.78669968164158
2025-10-01 03:00:00+00:00,314.23756943032487,113433.55771154635,114125.02899999998,114816.50028845361,68.66303106330784,114471.16,114099.50264408064,113809.39457340607,2.445e-05,2.4106,221.12497150312993,197.69666048554674,54.091651331852596,4493.7285299999985,8720178406.136135,60.96391323907984,63.16404736638244,71.32649451715673,267.31571,114110.34039565027,-28.673505482843265
2025-10-01 03:30:00+00:00,322.77767033860033,113609.86914958272,114171.56950000001,114733.2698504173,30.635747862244386,114176.92,114106.86808090845,113820.50659648902,2.445e-05,2.4106,199.71536154442583,198.2007393475554,46.45695613872643,4953.410199999998,8720178406.136135,53.50552103443439,54.70951875621156,41.58876143311953,234.98747,114196.43019929357,-58.41123856688047
2025-10-01 04:00:00+00:00,330.88426835416857,113739.95254423779,114227.6615,114715.37045576221,76.09953521911308,114587.5,114152.64376206652,113851.10836374287,2.445e-05,2.4106,213.33895003712678,201.21246481464485,55.300015360710155,4722.235269999998,8720178406.136135,60.72797702730853,70.97134651281617,99.99878358817224,216.78777,114243.79635469132,-0.001216411827751384
2025-10-01 04:30:00+00:00,338.5264511572687,113828.99869920546,114256.384,114683.76930079455,64.85219577428714,114289.01,114165.62552159569,113865.90571840432,2.445e-05,2.4106,197.83776125722216,200.6097292223353,53.852836478311,4433.642379999999,8720178406.136135,54.14450771635964,65.87054713561115,56.02409638554169,381.10551,114276.71883883658,-43.97590361445831
2025-10-01 05:00:00+00:00,348.22027308914664,113860.41544545819,114289.7505,114719.0855545418,110.02568061005701,114612.99,114208.23193450418,113895.32062900871,2.445e-05,2.4106,209.2320467488462,202.33062123412213,62.93950158735169,4602.9568899999995,8720178406.136135,59.302917035628404,80.9968664671902,86.96771942785666,407.33373,114324.51380804465,-13.032280572143337
2025-10-01 05:30:00+00:00,332.06585963957025,113854.60690747197,114300.24299999999,114745.879092528,111.31908151855117,114569.84,114242.67490435367,113923.54541467452,2.445e-05,2.4106,212.29256804008037,204.26911205356572,66.7171770142402,4272.547099999999,8720178406.136135,58.36030661981603,75.17732898801586,82.54017115064919,152.42146,114335.75607958109,-17.459828849350817
2025-10-01 06:00:00+00:00,330.96461708756414,113854.61941033271,114300.30150000002,114745.98358966732,52.86076761052116,114388.46,114256.55735063471,113940.97921605104,2.445e-05,2.4106,197.85706377163297,203.01096502811134,66.09712357208474,4242.96556,8720178406.136135,54.447058935039784,76.6524884350388,60.44957472661053,217.80721,114340.57497699291,-39.55042527338947
2025-10-01 06:30:00+00:00,329.8406920367559,113861.84504093726,114281.824,114701.80295906273,18.715973189931223,114256.81,114256.5814071835,113953.36245055111,2.445e-05,2.4106,173.77431406670075,197.16370434094813,62.10996899949228,4145.30466,8720178406.136135,51.7350789088377,60.169337014065206,37.5182651649359,174.7156,114328.6883900899,-62.4817348350641
2025-10-01 07:00:00+00:00,330.89213365950616,113857.37989162974,114295.669,114733.95810837025,68.59833012437463,114569.08,114286.33576909378,113974.30933254222,2.445e-05,2.4106,177.9126584402111,193.41073816021992,61.511635699483996,4717.598840000001,8720178406.136135,57.18518240892905,58.59801697984059,77.8262110479753,181.58778,114324.99709161192,-22.17378895202469
2025-10-01 07:30:00+00:00,317.2136000732352,113868.60459187982,114314.56999999999,114760.53540812017,85.03323108638176,114539.02,114310.40595327641,113998.6220414749,2.445e-05,2.4106,176.61287634760083,189.98528564381675,62.247685430759404,4198.26234,8720178406.136135,56.52250634403414,61.36942323050349,68.76379347859928,264.67458,114339.32524427582,-31.236206521400714
2025-10-01 08:00:00+00:00,339.30405978193113,113833.70163054488,114369.2615,114904.82136945511,205.6601458519805,115089.82,114384.6378014617,114042.25130677146,2.445e-05,2.4106,217.5441552985867,195.4716100103705,67.30223177432529,4954.760139999999,8720178406.136135,64.60160733000347,81.50617437879511,97.92851860981072,850.57309,114439.10209799332,-2.071481390189279
2025-10-01 08:30:00+00:00,422.3615497232795,113577.89696125459,114477.80600000001,115377.71503874543,436.60021690225494,116111.28,114549.0730676914,114120.43296930708,2.445e-05,2.4106,328.705378547922,222.20824452188998,77.25474422739501,7155.26836,8720178406.136135,74.1851670496646,82.47823050595967,80.742379429469,2093.4929,114877.76085891064,-19.25762057053101
2025-10-01 09:00:00+00:00,422.1975764274089,113439.73295692235,114591.47150000001,115743.21004307768,323.90327341469884,116239.48,114710.06318695535,114203.09368066542,2.445e-05,2.4106,422.22899722724105,262.2257453911854,78.59558857001676,8362.60241,8720178406.136135,75.09660793896482,88.18370032910536,85.88020294803637,522.35258,114991.39787805783,-14.119797051963626
2025-10-01 09:30:00+00:00,418.6752940262666,113340.42463984415,114709.62999999998,116078.8353601558,241.29189023134498,116412.1,114872.1724442834,114294.26066471095,2.445e-05,2.4106,504.34350187549717,310.5113076528609,84.66324393408064,8505.905209999999,8720178406.136135,76.30806415117647,86.47360419789294,92.79823021617344,559.38516,115097.06223056014,-7.201769783826556
2025-10-01 10:00:00+00:00,410.95317599987385,113337.4364760148,114820.56850000001,116303.70052398522,179.53820477718133,116240.63,115002.51541321437,114376.4945704028,2.445e-05,2.4106,549.20279496086,358.07007875446044,80.24007974337879,7761.041309999999,8720178406.136135,72.5286201990257,88.2015747442443,85.9262910685231,291.65536,115171.14560283924,-14.073708931476908
2025-10-01 10:30:00+00:00,393.03146420321264,113336.04130590361,114922.674,116509.30669409639,139.44618846434244,116281.64,115124.33264830345,114449.41253229784,2.445e-05,2.4106,581.524195304024,402.8154261521539,79.90707244756955,8174.37604,8720178406.136135,72.87590867431717,88.67240406856865,87.29269092100938,257.99295,115230.6219640683,-12.707309078990622
2025-10-01 11:00:00+00:00,376.3967349947851,113344.09869115097,115020.48800000001,116696.87730884906,119.94291265627339,116324.0,115238.58959351743,114524.18295610232,2.445e-05,2.4106,603.5329174603976,442.9207072947984,79.87036860833364,8061.295809999999,8720178406.136135,73.2502063352479,87.30156671267075,88.68571814847975,201.35929,115291.98661242431,-11.314281851520251
2025-10-01 11:30:00+00:00,385.4480504933093,113304.41194602073,115132.46749999998,116960.52305397924,121.64205032607171,116789.58,115386.30050803664,114611.96097221387,2.445e-05,2.4106,651.0894820132089,484.5867179574085,85.77564476519858,8646.40626,8720178406.136135,77.0101284790485,91.91151074826286,99.75612317529944,441.11903,115394.5809478889,-0.24387682470056327
2025-10-01 12:00:00+00:00,377.7119441791666,113333.7447891967,115242.72449999998,117151.70421080326,110.05909407544605,116633.02,115505.04034558104,114693.22497905063,2.445e-05,2.4106,668.3704522411717,521.2824607112886,85.57569890678197,8136.11607,8720178406.136135,73.28026257675153,92.96710824766971,90.45948341922993,308.88264,115460.27895623777,-9.540516580770078
2025-10-01 12:30:00+00:00,371.38229900393515,113431.04833879232,115349.24949999999,117267.45066120767,81.98173360650252,116402.65,115590.52148747783,114757.89004109535,2.445e-05,2.4106,656.013198208515,548.3006903593034,80.93271524220212,8267.287100000001,8720178406.136135,68.059286467443,90.67382019185561,81.80585398103742,336.31717,115548.68898632322,-18.19414601896258
2025-10-01 13:00:00+00:00,362.55009837471,113505.61856397633,115457.535,117409.45143602368,79.40840198193926,116636.87,115690.16839621785,114829.27396484754,2.445e-05,2.4106,657.5469349853229,570.2199042004264,84.26109313040753,8682.774420000003,8720178406.136135,70.373136434184,87.62314746643017,90.60410499902315,263.45392,115617.48497307522,-9.395895000976857
2025-10-01 13:30:00+00:00,368.41645193552404,113645.58613113724,115589.03699999998,117532.48786886272,80.05887890671983,116806.96,115796.5352319029,114909.30455888028,2.445e-05,2.4106,664.7177908048034,589.0442662960915,88.21991559519563,9419.63282,8720178406.136135,71.95978804462517,89.79668295098281,96.98008987288783,970.14363,115766.08027589621,-3.0199101271121633
2025-10-01 14:00:00+00:00,394.7450187467694,113718.87479585831,115716.50249999999,117714.13020414166,100.41859192163702,117136.81,115924.1916454843,115001.49247697325,2.445e-05,2.4106,689.0080766335159,608.8900571291903,89.51099094734762,10348.559799999999,8720178406.136135,74.78046711678948,92.47448848289379,89.83927057677042,1097.55271,115941.01659147443,-10.160729423229588
2025-10-01 14:30:00+00:00,392.4680813986853,113869.27805855725,115866.68900000001,117864.09994144278,105.00598388263394,117292.74,116054.51521564546,115085.1415080585,2.445e-05,2.4106,712.8721927229344,629.8750730052977,89.84470140369692,11408.20027,8720178406.136135,76.0147428310481,93.9321378591672,94.97705312784335,533.97922,116067.73363867748,-5.022946872156648
2025-10-01 15:00:00+00:00,404.2896829059942,113979.94478540955,116011.02100000002,118042.0972145905,110.72850772194678,117499.63,116192.15161042166,115182.59726437165,2.445e-05,2.4106,739.7573978980654,651.7673352128684,89.60696954387545,11619.301309999999,8720178406.136135,77.5758333373414,92.98109207055795,94.12695250706005,634.53376,116210.34731932603,-5.873047492939949
2025-10-01 15:30:00+00:00,392.9803411587638,114146.83420880757,116153.7155,118160.59679119244,107.24434752067987,117423.73,116309.48746572252,115288.910708165,2.445e-05,2.4106,745.9514813974674,670.0440387849626,87.00159351281192,10961.93882,8720178406.136135,75.62507622738627,91.93150519302635,86.69050994417563,373.48295,116276.73925224745,-13.309490055824364
2025-10-01 16:00:00+00:00,404.13794246236387,114360.87013932464,116327.37700000001,118293.88386067537,127.45098350806161,117861.69,116457.3372858226,115398.87431786633,2.445e-05,2.4106,777.3965413669794,691.2388125186594,87.33429672672702,10267.913799999998,8720178406.136135,78.91032403310132,93.44912432941567,99.52991053701135,692.75915,116401.13383664817,-0.47008946298865356
2025-10-01 16:30:00+00:00,422.6039641702582,114704.08371365629,116491.326,118278.56828634371,129.4717351295435,117535.79,116560.05890278867,115487.78477260994,2.445e-05,2.4106,767.2374220600032,706.2832011928032,88.3378468404858,8205.33937,8720178406.136135,71.2116730690625,84.32838036752828,66.76472062139783,1147.64953,116560.48841584421,-33.23527937860217
2025-10-01 17:00:00+00:00,422.3116987711255,115039.8928413708,116631.955,118224.0171586292,92.14524818100602,117381.66,116638.29711395658,115557.9472411231,2.445e-05,2.4106,738.4410272306995,712.8396189692522,86.8870602483078,7971.201029999998,8720178406.136135,67.84407979322268,75.11182435089047,59.040841894262265,414.62601,116621.3916927134,-40.959158105737735
2025-10-01 17:30:00+00:00,446.8772753641907,115473.52350777315,116743.40750000002,118013.29149222688,34.25438234167534,116768.07,116650.65707026943,115605.67670476802,2.445e-05,2.4106,658.4274063912599,701.9488572262931,83.71293190997758,6895.149640000001,8720178406.136135,56.39899972331184,50.55470391281946,25.85854922279829,547.73421,116681.9881256425,-74.14145077720171
2025-10-01 18:00:00+00:00,436.9754835572184,115818.3611425762,116840.2715,117862.1818574238,19.016401525418786,117027.1,116686.51064310646,115662.22414900053,2.445e-05,2.4106,608.88485712283,683.3115753662631,79.92994013660294,6892.276450000001,8720178406.136135,59.50442671986787,41.13734181179842,38.512634318334705,327.23594,116815.9788972906,-61.487365681665295
2025-10-01 18:30:00+00:00,428.0519675347802,115918.44285136586,116896.40799999998,117874.3731486341,47.83589006490886,117234.01,116738.64385778335,115719.72593786773,2.445e-05,2.4106,579.7515523197944,662.7253268922899,79.32154967393885,7738.777410000001,8720178406.136135,61.845001156916126,37.26697826561304,47.4297512557061,201.03098,117006.62719879209,-52.5702487442939
2025-10-01 19:00:00+00:00,417.48971748755156,115998.31971877071,116957.97750000001,117917.6352812293,71.01340624896199,117470.87,116808.39043889593,115793.04324311894,2.445e-05,2.4106,569.0193570969132,643.8429306231732,78.96423414386065,7454.930880000001,8720178406.136135,64.37888110469237,48.758559652400855,60.33329338316174,173.98082,117057.34222418649,-39.66670661683826
2025-10-01 19:30:00+00:00,410.2903518003813,116062.15892083164,117009.349,117956.53907916836,73.95937431368827,117439.53,116868.50522782475,115860.31392231652,2.445e-05,2.4106,551.6557138822682,625.3233322315823,83.24342981150129,6627.717660000001,8720178406.136135,63.77396705426391,55.18618112950683,57.795498749652616,309.30652,117110.88272540786,-42.204501250347384
2025-10-01 20:00:00+00:00,400.8103809175113,116175.24382748168,117067.00349999999,117958.7631725183,48.13529936309392,117393.72,116918.52240317121,115919.0316605119,2.445e-05,2.4106,528.1992879666504,605.9415630831097,79.97847924781442,6582.543559999999,8720178406.136135,62.846909731986635,57.79286124719823,55.249791608780285,248.11001,117140.27383970296,-44.750208391219715
2025-10-01 20:30:00+00:00,389.0175959119002,116292.97604017823,117129.7275,117966.47895982176,64.97354990561794,117536.12,116977.34307045923,115983.24503265745,2.445e-05,2.4106,515.1141583871213,587.7518195129827,77.64711595335326,6482.969330000001,8720178406.136135,64.57241811401545,56.22784423304095,55.63824234068991,164.72402,117169.47486392205,-44.36175765931009
2025-10-01 21:00:00+00:00,372.3524575794403,116424.69445373917,117188.0275,117951.36054626082,66.70205825706125,117490.0,117026.167367224,116042.2588896568,2.445e-05,2.4106,495.33088635209424,569.2698998167825,73.9474285849561,6653.49757,8720178406.136135,63.542949648817775,54.267326979837996,51.913946990043755,119.66828,117191.62921973152,-48.086053009956245
2025-10-01 21:30:00+00:00,361.14998583000084,116469.99293400958,117226.29650000001,117982.60006599044,59.157231303655365,117554.96,117076.53920211215,116106.17096813633,2.445e-05,2.4106,479.25701158854645,551.1277772907272,69.29246292239378,6601.346240000001,8720178406.136135,64.40177230753042,54.62395893510026,56.31968747456712,159.24356,117224.41341230298,-43.68031252543288
2025-10-01 22:00:00+00:00,372.8328688337892,116540.46157241846,117284.646,118028.83042758153,123.51669126742891,117800.01,117145.44218167917,116173.02728581056,2.445e-05,2.4106,480.83267735500704,537.0556475699747,67.82940578765619,6447.200370000001,8720178406.136135,67.51773200527458,60.39106372588924,72.93955671305685,382.39362,117266.55745719899,-27.06044328694315
2025-10-01 22:30:00+00:00,363.00325311067735,116701.66410850185,117351.78299999998,118001.90189149811,108.71471384165314,117745.39,117202.57877458834,116234.12962228585,2.445e-05,2.4106,472.2525551095896,524.1120204047293,62.656648473520264,6607.376940000003,8720178406.136135,66.12871154905315,66.16478120506775,69.2350994275793,211.42734,117307.79851775896,-30.764900572420707
2025-10-01 23:00:00+00:00,394.1358217104281,116736.62646837933,117437.56899999999,118138.51153162065,211.75506391410153,118352.59,117312.09940415843,116315.37189623895,2.445e-05,2.4106,508.6186323146394,521.0691126199401,62.604647453332554,7256.59392,8720178406.136135,72.82579988816028,78.21774701328856,92.47858489922955,682.82907,117391.703233891,-7.521415100770451
2025-10-01 23:30:00+00:00,407.4780284487294,116722.14688460481,117526.97049999998,118331.79411539515,239.07622454538497,118594.99,117434.28038762053,116405.16881147437,2.445e-05,2.4106,550.6043797413149,526.9640026494905,56.95939877552376,7606.952679999999,8720178406.136135,74.95423958883217,86.30070112586499,97.18841905078614,478.39494,117525.11395820278,-2.8115809492138566
2025-10-02 00:00:00+00:00,439.9509616241375,116625.82482538592,117616.96399999999,118608.10317461407,271.2951177809221,118936.68,117577.36255243354,116502.92714736263,2.445e-05,2.4106,604.526217963692,542.5225489883468,73.59970187596676,9581.438710000002,8720178406.136135,77.61716179426209,90.20901771275435,80.96004918824734,1612.99684,117827.33231732908,-19.039950811752664
2025-10-02 00:30:00+00:00,447.0619013645417,116634.45255680163,117673.75,118713.04744319837,158.10458616093555,118428.46,117658.42349756863,116580.18490325958,2.445e-05,2.4106,599.2692130895448,553.8187852489069,72.82676839579285,8755.85341,8720178406.136135,66.32596976736029,79.96646755112478,61.75093441434088,599.72601,117907.56023744744,-38.24906558565912
2025-10-02 01:00:00+00:00,438.84853779059404,116629.40458609365,117723.0185,118816.63241390637,124.21983414805163,118485.0,117737.14959852427,116656.83914350404,2.445e-05,2.4106,592.8200810209091,561.5595961456083,72.96025852375095,8850.48184,8720178406.136135,66.90212476455362,67.5704924880996,60.00049386171059,312.58135,117962.58353322929,-39.99950613828941
2025-10-02 01:30:00+00:00,436.7364843694339,116632.13462702377,117782.7005,118933.26637297624,124.79820335805964,118617.37,117820.98055940328,116733.91547091282,2.445e-05,2.4106,591.6059722752107,567.5630115558762,73.99136169369496,9040.707220000002,8720178406.136135,68.27236100311421,61.71617226162011,63.39708850880887,422.03655,118016.67544644911,-36.60291149119113
2025-10-02 02:00:00+00:00,425.89993990710354,116620.25373068405,117816.20850000002,119012.16326931599,99.89890110772981,118531.85,117888.6766571069,116801.93840326265,2.445e-05,2.4106,577.1540423527331,569.5567376936448,68.68010796061928,9484.362070000001,8720178406.136135,66.36264148849446,61.02204948921599,59.66856609712848,374.93241,118067.47210222419,-40.33143390287152
2025-10-02 02:30:00+00:00,416.15096373169763,116621.90175662702,117877.10550000002,119132.30924337302,93.68994067762101,118753.73,117971.07716118643,116884.72756077214,2.445e-05,2.4106,576.754058513412,570.8062604237929,68.4881934243619,9287.534880000003,8720178406.136135,68.80108440396769,64.13593353301333,69.34214599310263,269.21752,118132.2103672642,-30.657854006897367
2025-10-02 03:00:00+00:00,410.4486679851816,116640.71447593409,117954.8885,119269.06252406591,105.80877051421186,118937.32,118063.104575209,116967.0721664767,2.445e-05,2.4106,584.5955679397302,573.5078602113911,73.23459200612047,9196.371640000001,8720178406.136135,70.69523552156022,68.28258855388667,75.83705357142891,396.64527,118206.41379810793,-24.16294642857109
2025-10-02 03:30:00+00:00,405.0719478206688,116817.0222330878,118053.1845,119289.3467669122,86.39406501194343,118733.99,118126.99309341922,117034.06096943689,2.445e-05,2.4106,567.9496487096476,572.4661988666033,70.18201044600934,9486.458710000004,8720178406.136135,65.92188496981811,70.34551089458806,65.85733311923266,199.2118,118309.1062261372,-34.14266688076734
2025-10-02 04:00:00+00:00,402.1416269087851,116969.71186641959,118130.2385,119290.76513358043,65.96696275986429,118568.18,118169.0097603982,117093.73302618747,2.445e-05,2.4106,535.1737052013923,565.022579574259,67.36040478592405,9298.817250000002,8720178406.136135,62.23077213854881,66.5736051930645,58.026428888531896,202.88191,118378.14996146272,-41.973571111468104
2025-10-02 04:30:00+00:00,390.9998220999122,117096.04204745193,118201.63999999998,119307.23795254804,49.55789896288134,118662.04,118215.9643483748,117154.94470680165,2.445e-05,2.4106,510.88015095339506,554.2029263459448,66.83214514015627,9627.743340000005,8720178406.136135,63.47776501549134,60.697101571161745,58.20754270572069,207.57944,118415.48435494784,-41.79245729427931
2025-10-02 05:00:00+00:00,382.6696231980873,117192.16154793775,118260.29250000001,119328.42345206227,42.78020624958097,118643.92,118256.7167384468,117211.05139029163,2.445e-05,2.4106,484.62805762058997,540.3573989017405,62.72740734948282,9596.820060000005,8720178406.136135,63.04695127382529,57.15672635346353,55.23620746613802,190.04136,118443.06204898552,-44.76379253386198
2025-10-02 05:30:00+00:00,381.38459605264364,117307.12367077879,118307.183,119307.24232922122,19.37670535390863,118377.34,118268.20671789057,117257.67322634954,2.445e-05,2.4106,437.2042754659924,519.6998703893512,61.8795997780489,9137.934280000003,8720178406.136135,56.90129515106223,50.82419196906198,39.02882573532722,294.77021,118483.21361669162,-60.97117426467278
2025-10-02 06:00:00+00:00,370.9040984506326,117451.37425035925,118360.52900000001,119269.68374964077,12.482487522874372,118460.64,118286.5259139527,117301.48785602144,2.445e-05,2.4106,401.8098563162348,496.22402405100223,55.569636100847184,9398.769340000003,8720178406.136135,58.27261512408353,40.839833278015284,28.254466632580638,165.63242,118520.34003535089,-71.74553336741937
2025-10-02 06:30:00+00:00,361.5274818893091,117582.57178210377,118416.17599999998,119249.78021789619,34.69317513548045,118649.06,118321.04915332912,117352.6860033389,2.445e-05,2.4106,384.5021993664559,473.9297509142719,53.437394772346494,9845.850620000003,8720178406.136135,61.270373008905544,32.89387769164436,31.39834070702523,215.26605,118545.44973452654,-68.60165929297477
2025-10-02 07:00:00+00:00,348.97474493872244,117750.17955691353,118467.75649999999,119185.33344308645,24.45654885129818,118521.61,118340.14400851502,117395.85876497318,2.445e-05,2.4106,356.42379110015463,450.50964468540593,32.280719598968304,10100.248800000001,8720178406.136135,58.226685589269515,30.245478933046048,31.083629459532272,189.88153,118562.49806654101,-68.91637054046772
2025-10-02 07:30:00+00:00,331.0198975421135,117931.713950871,118514.49649999998,119097.27904912896,-11.482363632448376,118489.76,118354.39168533268,117438.12421249427,2.445e-05,2.4106,327.78361747029703,425.9836707724229,34.810256901140406,10230.523239999999,8720178406.136135,57.458486281745444,29.826566503116357,26.997729342791573,306.31146,118581.44057802013,-73.00227065720843
2025-10-02 08:00:00+00:00,328.0947471983567,118072.94580988499,118555.94100000002,119038.93619011506,-3.3243616503177353,118628.9,118380.53603335672,117485.12311216921,2.445e-05,2.4106,312.68876448423543,403.31551483991706,40.93351012119564,10024.33957,8720178406.136135,59.94612830965485,34.30958764694004,44.84740413849628,172.11648,118619.77655144542,-55.15259586150372
2025-10-02 08:30:00+00:00,312.65046442161093,118292.42463464694,118602.11600000001,118911.80736535307,23.910511313141445,118668.89,118407.9971134047,117531.0261454958,2.445e-05,2.4106,300.5075286907522,382.7697006172733,35.860263821355375,10198.13888,8720178406.136135,60.65871670141011,40.60756116021535,49.977549999358196,136.90027,118644.76783476688,-50.022450000641804
2025-10-02 09:00:00+00:00,298.4680091581655,118329.36163482087,118618.5365,118907.71136517913,15.16960771306073,118681.0,118433.9998682494,117577.19391644356,2.445e-05,2.4106,288.4691426089703,363.87703923661786,43.53202746654028,10172.174619999998,8720178406.136135,60.884818877063054,48.7853480605332,51.53109004374511,162.20889,118691.18933270693,-48.46890995625489
2025-10-02 09:30:00+00:00,295.0235874141611,118325.38601021224,118631.2865,118937.18698978776,81.63578469673192,118849.99,118473.60765833336,117622.65262546853,2.445e-05,2.4106,289.3589285722119,349.1088397963081,41.881420455774034,11305.280490000001,8720178406.136135,64.00792221515806,58.239577854463924,73.21009352028848,180.81693,118711.61202110226,-26.78990647971152
2025-10-02 10:00:00+00:00,295.91132196516276,118343.63203789297,118615.56950000001,118887.50696210706,73.02239182100519,118622.34,118487.767617402,117659.68604528002,2.445e-05,2.4106,268.5601284104923,333.06506321777545,30.648710648937495,11139.113749999999,8720178406.136135,57.37369205422596,56.932408234013984,46.05604113800834,207.12971,118623.87467698363,-53.94395886199166
2025-10-02 10:30:00+00:00,289.2992291113768,118367.08190076615,118625.1245,118883.16709923386,20.360465703788055,118619.56,118500.3142234094,117695.1479534744,2.445e-05,2.4106,248.9907248999516,316.3164713525864,30.789805226498416,11349.204610000003,8720178406.136135,57.29767215171255,57.17782847392048,52.26735076346464,186.51943,118629.55322811856,-47.73264923653536
2025-10-02 11:00:00+00:00,280.2860560913468,118384.2159402103,118635.37299999999,118886.53005978969,8.817573635833016,118689.97,118518.36862913854,117730.68519522998,2.445e-05,2.4106,236.47684217439382,300.45419328849493,31.24268405809235,11960.538050000001,8720178406.136135,58.83047785134074,53.92571503589684,63.45375320621754,162.1312,118637.53307247981,-36.54624679378246
2025-10-02 11:30:00+00:00,276.7128418536887,118385.50996751366,118642.79100000001,118900.07203248637,102.56632324726196,118765.73,118541.9076151034,117762.96802647362,2.445e-05,2.4106,230.14957591392158,286.6457979282194,39.694847179470905,13003.995330000002,8720178406.136135,60.47998263841749,63.62700952187344,75.15992459593815,252.18554,118642.84785889283,-24.840075404061842
2025-10-02 12:00:00+00:00,285.78853027434513,118355.5115786459,118670.225,118984.9384213541,204.1389991115149,119080.53,118593.20726012866,117815.61941291284,2.445e-05,2.4106,247.49007091324893,278.7847920594305,48.96666868783159,12737.837800000001,8720178406.136135,66.46044301223597,76.98436926096969,92.33942998075338,329.28502,118671.83893172203,-7.660570019246618
2025-10-02 12:30:00+00:00,294.0075483162309,118254.70432699766,118702.6595,119150.61467300233,267.84845447917957,119402.42,118670.27862986141,117879.3536503213,2.445e-05,2.4106,283.91719695428037,279.76546916903,62.72741304613327,12899.442860000003,8720178406.136135,71.25088995822532,89.16615029171014,99.99909629843887,594.88177,118746.6659226049,-0.0009037015611228792
2025-10-02 13:00:00+00:00,306.9264364081001,118232.4931863476,118714.046,119195.59881365241,193.44393271704445,119165.05,118717.39987404132,117929.84276346891,2.445e-05,2.4106,290.31478806002997,281.8732157145696,57.196327953855985,12131.785940000002,8720178406.136135,63.991255750109595,89.75829787550624,76.93636734732651,478.9378,118775.40620146475,-23.063632652673483
2025-10-02 13:30:00+00:00,332.4011370679656,118135.08650207576,118758.4065,119381.72649792423,244.99241110572,119621.2,118803.48127263675,117998.41402268848,2.445e-05,2.4106,328.35447285966075,291.10126658822827,65.36721413900278,12933.66581,8720178406.136135,70.26090820243266,88.9906909504603,90.03660920561553,1052.38863,118906.87345175366,-9.963390794384468
2025-10-02 14:00:00+00:00,340.1702418275463,118076.21654933513,118814.997,119553.77745066487,201.47991707468694,119699.99,118888.86429901203,118065.67910206935,2.445e-05,2.4106,360.7335414199042,305.01140923924123,71.55933950762946,13167.711309999999,8720178406.136135,71.19382087596075,87.53681292953064,95.63746223564988,482.31357,118967.39726389902,-4.362537764350122
2025-10-02 14:30:00+00:00,397.74803733936386,118087.14973419714,118822.59950000001,119558.04926580288,67.73106113112175,118814.09,118881.73953748013,118093.5606551077,2.445e-05,2.4106,311.366739894278,306.3270976526956,65.3010719505462,12646.492489999999,8720178406.136135,51.592834481920676,72.57651610592025,32.05547687649531,755.60793,118992.6089667748,-67.9445231235047
2025-10-02 15:00:00+00:00,446.04128695472576,118086.12760382071,118861.80950000002,119637.49139617932,79.05289331256569,119428.12,118933.78872280111,118151.48806647216,2.445e-05,2.4106,317.95962731142936,308.4836208111192,68.33362725553656,13116.98354,8720178406.136135,59.84319765014052,66.46393634956065,71.6988699365368,664.48562,119021.61072864804,-28.30113006346321
2025-10-02 15:30:00+00:00,465.21365116757727,118071.70949744589,118938.4815,119805.2535025541,158.80547956293572,119910.78,119026.8389548205,118221.96679597498,2.445e-05,2.4106,358.0819561165699,318.35808816268695,71.41329490553073,13569.45984,8720178406.136135,64.9073419753395,67.91787655290028,99.99928284566876,741.26592,119109.8163729741,-0.0007171543312364711
2025-10-02 16:00:00+00:00,475.61392807647206,118063.66238443916,119015.215,119966.76761556084,185.9248810264424,119995.31,119119.06191927995,118286.16731368874,2.445e-05,2.4106,392.33720388441,333.3163126764498,75.74191928002335,15344.56369,8720178406.136135,65.72602826734158,84.87179414854694,82.91722966343526,1268.45614,119254.48018592907,-17.08277033656473
2025-10-02 16:30:00+00:00,476.34526806372435,118084.69598833646,119069.33200000001,120053.96801166356,131.74884501537537,119731.4,119177.39996568847,118351.53632286692,2.445e-05,2.4106,393.3354351329617,345.05587338219374,72.08573604073062,14521.490230000001,8720178406.136135,60.96007927542098,83.67911536646885,68.1208335903025,302.32102,119290.69988560177,-31.879166409697504
2025-10-02 17:00:00+00:00,473.82679901116035,118151.8693056085,119114.526,120077.1826943915,75.53006840068052,119425.49,119201.00539897733,118384.07162151147,2.445e-05,2.4106,365.637271300322,349.4633900817297,70.677914506266,14734.553810000001,8720178406.136135,55.90785027868813,67.33590863473513,50.96966265046762,354.52152,119315.98141898858,-49.03033734953238
2025-10-02 17:30:00+00:00,480.7924150910077,118207.53969180463,119185.91399999999,120164.28830819535,101.74965418673405,119917.52,119269.24715900945,118445.18878971871,2.445e-05,2.4106,378.8023972542869,355.30134174354396,73.40949675334046,14527.01726,8720178406.136135,61.4478168983635,65.88211548488746,78.55585021389228,270.968,119358.81174338998,-21.444149786107715
2025-10-02 18:00:00+00:00,468.979086968266,118233.84464634965,119261.7945,120289.74435365036,138.74695270431025,120146.51,119352.79420256984,118511.1307586393,2.445e-05,2.4106,403.1055905320827,364.88579650687774,76.48400982460723,15177.913010000002,8720178406.136135,63.732331285244925,73.6399773493085,91.39441918356562,481.66536,119413.2607618149,-8.605580816434378
2025-10-02 18:30:00+00:00,485.1557205569884,118230.06369244515,119353.68050000002,120477.29730755488,158.36103090675732,120506.61,119462.6724283646,118585.501945206,2.445e-05,2.4106,446.355877598573,381.29784844651067,78.15462962239963,16135.519260000001,8720178406.136135,67.04171757343883,87.54112788716209,92.6731142640284,858.42044,119508.86524599658,-7.326885735971601
2025-10-02 19:00:00+00:00,492.08995460392845,118227.38680066643,119456.2505,120685.11419933356,179.8543462703107,120732.4,119583.61522934679,118676.76017806353,2.445e-05,2.4106,492.91878028784413,403.4072319367769,79.7101461081102,16953.984300000004,8720178406.136135,68.95150187716527,90.83566632729986,88.43946553430558,980.4566,119635.1455181462,-11.560534465694419
2025-10-02 19:30:00+00:00,485.02763487911,118222.10408083128,119555.5755,120889.04691916873,163.86501153316482,120836.49,119702.93676276071,118761.51016385817,2.445e-05,2.4106,532.2276207368704,429.16964692063397,79.17847130673034,17093.693040000002,8720178406.136135,69.82061986478072,91.23540235905215,92.59362727882247,352.30233,119687.29432910931,-7.406372721177532
2025-10-02 20:00:00+00:00,481.94783473716114,118323.4137748261,119652.0585,120980.7032251739,128.54966238346987,120552.0,119783.80887152383,118835.58689552774,2.445e-05,2.4106,534.1742189325741,450.05317788051235,78.89696942043096,16055.590630000002,8720178406.136135,64.50455173885418,87.42430531166497,81.23982312186689,505.12359,119749.06816781254,-18.760176878133105
2025-10-02 20:30:00+00:00,474.62872662752,118445.72142658923,119753.68100000001,121061.6405734108,104.15996075660556,120652.01,119866.50483215973,118911.19682572213,2.445e-05,2.4106,537.5633123820153,467.4221292224257,73.13255335597773,16132.139190000002,8720178406.136135,65.4973893877033,86.3548684056488,85.23115481625702,327.89458,119790.65242705662,-14.76884518374298
2025-10-02 21:00:00+00:00,464.2071731515877,118596.05465446657,119842.152,121088.24934553343,94.8143440528761,120459.39,119922.97950003776,118975.97486883988,2.445e-05,2.4106,518.7181837731769,477.5577814280868,72.20293110715784,15751.079560000006,8720178406.136135,61.89922200307091,81.33826612602803,77.54382043996017,200.54735,119820.90849181746,-22.456179560039825
2025-10-02 21:30:00+00:00,453.7482574611093,118762.09972194115,119911.37049999999,121060.64127805883,48.96500908252616,120150.1,119944.6269014677,119029.30622498642,2.445e-05,2.4106,473.2773756709503,476.48017678891824,76.00065139303943,15004.598650000002,8720178406.136135,56.5279820123573,75.99174675138066,65.20026499792478,346.0614,119857.17006856833,-34.799735002075224
2025-10-02 22:00:00+00:00,443.3489174455528,118877.33360643308,119974.0415,121070.74939356693,47.00965706771602,120333.95,119981.70640386247,119080.94887819052,2.445e-05,2.4106,447.08428696883493,470.5864027512029,74.29080137552745,14583.306920000005,8720178406.136135,58.81443036672735,68.35166272511495,62.31090273745989,149.95679,119888.45381367303,-37.68909726254011
2025-10-02 22:30:00+00:00,434.92365317017857,118946.19930631306,120016.795,121087.39069368693,36.5382046535967,120257.49,120007.98124671033,119131.29250732376,2.445e-05,2.4106,415.2773891526449,459.3967801289323,68.86259578958618,13916.333470000001,8720178406.136135,57.45889541588723,60.50657781935244,54.00856572267266,229.12587,119930.08870759116,-45.99143427732734
2025-10-02 23:00:00+00:00,434.4540490089094,119066.39774027426,120086.576,121106.75425972574,66.89410222478719,120560.67,120060.60465809841,119181.4689709692,2.445e-05,2.4106,410.03603366676543,449.70330174891626,63.233263397975456,14600.026060000004,8720178406.136135,61.26966009214588,62.855027779822024,72.2456148793335,250.19691,119978.00001502344,-27.754385120666495
2025-10-02 23:30:00+00:00,428.08217212298996,119117.87743250409,120131.9835,121146.08956749592,58.32381647159578,120529.35,120105.24172802991,119232.01985754883,2.445e-05,2.4106,398.69452364501194,439.5716821335485,63.53622084558996,14565.585970000004,8720178406.136135,60.66714119159306,65.53860590457383,70.36163711171528,273.93029,120043.98221064729,-29.638362888284718
2025-10-03 00:00:00+00:00,431.2007022680079,119164.92514904098,120160.95700000001,121156.98885095904,26.965638401196767,120279.46,120121.82722276889,119270.1937467555,2.445e-05,2.4106,365.35368539384217,424.8163061600352,61.17952590492971,14162.424410000003,8720178406.136135,55.93107213175857,65.74781615707236,54.63619648016834,567.3904,120082.30797975075,-45.36380351983166
2025-10-03 00:30:00+00:00,413.6899370622172,119444.56398353387,120226.8925,121009.22101646614,-5.273224097898151,120132.8,120122.8699843204,119303.04355052131,2.445e-05,2.4106,323.33363520265266,404.5494987706729,57.12938820335225,13960.428330000002,8720178406.136135,53.30069089707421,48.415656055867345,20.249134575718408,209.04319,120165.26072469502,-79.7508654242816
2025-10-03 01:00:00+00:00,404.73868603645053,119567.20573768452,120261.448,120955.69026231549,-24.813765136166406,120119.23,120122.52436928859,119335.50428073858,2.445e-05,2.4106,285.6140721123229,380.7486300404456,50.42742974024226,13551.240940000003,8720178406.136135,53.05177126766333,29.7265748517186,14.29439349926904,290.52682,120237.62756706293,-85.70560650073097
2025-10-03 01:30:00+00:00,400.36956334943045,119561.7525700668,120259.69500000002,120957.63742993324,-76.84995078759175,119875.72,120099.02256246802,119358.14479324955,2.445e-05,2.4106,233.35589674940275,351.22583535808883,39.284373097214804,13118.012140000006,8720178406.136135,48.663360342795585,13.059621817115548,4.635337376359184,247.08369,120278.79369762303,-95.36466262364081
2025-10-03 02:00:00+00:00,393.4854684878962,119560.5446545532,120259.21949999998,120957.89434544675,-63.45003410025782,119985.8,120088.23835859125,119382.28261594141,2.445e-05,2.4106,198.5757315368246,320.7102876969336,28.481168163308666,13750.925760000006,8720178406.136135,50.65061158929095,11.178062067811974,14.604455327807687,238.89701,120318.51958969927,-85.39554467219232
2025-10-03 02:30:00+00:00,389.7406523060303,119622.76706917436,120280.54049999997,120938.31393082559,-41.66044604648932,120157.82,120094.87404831298,119416.52422523874,2.445e-05,2.4106,182.6844843710569,292.9887487401296,25.977470055980717,13725.068960000006,8720178406.136135,53.66628316601439,16.70637818962805,30.879341864717276,212.29775,120333.61721866386,-69.12065813528272
2025-10-03 03:00:00+00:00,384.3553451454647,119786.96093857018,120318.49249999998,120850.02406142978,-12.091204123172414,120184.53,120103.41793216449,119448.89670364841,2.445e-05,2.4106,170.30647972605948,268.38375754948925,34.62501509839899,13795.975690000005,8720178406.136135,54.133957353730146,27.885225645812753,38.171879744913284,267.34234,120370.63889314687,-61.828120255086716
2025-10-03 03:30:00+00:00,373.6012688418403,119832.77814768029,120333.91100000001,120835.04385231972,-23.10437250090307,120225.89,120115.08936334569,119482.57279257476,2.445e-05,2.4106,161.93610983988037,246.99677649280034,35.487185583143116,13734.866780000004,8720178406.136135,54.89337598798794,37.184709153358675,42.50290585044545,236.07403,120390.48069736999,-57.49709414955455
2025-10-03 04:00:00+00:00,357.647153235114,119838.92283503796,120336.5855,120834.24816496205,-39.12253927692259,120200.0,120123.17111652724,119508.55952297701,2.445e-05,2.4106,151.58370584559452,227.979449050532,30.744668527153763,13625.223950000007,8720178406.136135,54.28755413628229,41.61428557639977,44.16807113384058,120.72019,120408.66261328426,-55.83192886615942
2025-10-03 04:30:00+00:00,346.39119020888717,119806.00259198126,120313.254,120820.50540801874,-84.95121061726465,120039.98,120115.24180942771,119526.66056345258,2.445e-05,2.4106,129.0023270202073,208.26728642312355,32.323350033698546,14006.744790000006,8720178406.136135,50.56463580608372,37.41321363337786,25.568663915847555,168.60557,120403.71172863663,-74.43133608415245
2025-10-03 05:00:00+00:00,330.1619575888529,119793.43414817686,120277.58200000001,120761.72985182315,-106.09427922536746,120018.96,120106.08021991198,119549.46661030018,2.445e-05,2.4106,108.02422565978486,188.1122726357576,27.974124494825887,13501.766930000005,8720178406.136135,50.07577920885686,30.95406908041289,23.12547219155054,152.12765,120332.39496157474,-76.87452780844946
2025-10-03 05:30:00+00:00,326.04868348906194,119796.98203167494,120231.7775,120666.57296832505,-144.18014732093553,119920.4,120088.38440365483,119558.83792652546,2.445e-05,2.4106,82.68971929021063,167.18507876976895,27.399607548057375,13401.821810000003,8720178406.136135,47.76129294874823,22.42964908545247,18.594811148959337,302.60435,120277.34783549533,-81.40518885104066
2025-10-03 06:00:00+00:00,323.40378095762696,119781.31087379156,120203.16750000001,120625.02412620846,-110.94930403332086,119979.8,120078.05975674695,119582.56752151255,2.445e-05,2.4106,66.35928825935116,146.80040213510154,26.13435120770943,13357.474290000007,8720178406.136135,49.27921335455725,22.774665533943956,26.60371326132197,190.63995,120227.32946075039,-73.39628673867803
2025-10-03 06:30:00+00:00,318.8745756204277,119780.85669441623,120166.4135,120551.97030558376,-116.94875376707367,119916.93,120062.7019067162,119590.42993538451,2.445e-05,2.4106,48.065131791547174,127.21293715207705,26.98399141768907,13737.374020000003,8720178406.136135,47.69737125346393,22.118453362626372,21.15683567759779,165.52352,120194.37771338857,-78.8431643224022
2025-10-03 07:00:00+00:00,312.8993379570749,119735.58115723991,120132.23300000001,120528.8848427601,-125.69862224741759,119775.78,120035.38920807894,119603.39672351068,2.445e-05,2.4106,21.68187019362813,105.93350632602936,29.879680836972824,13113.944460000006,8720178406.136135,44.24739115579058,17.251567720877063,3.994154223711414,242.32405,120162.32435374783,-96.00584577628858
2025-10-03 07:30:00+00:00,305.353024244187,119656.08754104245,120106.7385,120557.38945895756,-166.30777991602292,119640.21,119997.75133531984,119604.08145949178,2.445e-05,2.4106,-9.917027429270092,82.78646992589566,24.041107365620306,12060.083700000007,8720178406.136135,41.17234866178228,9.529686460783305,3.4380694810406993,951.36995,120074.46193839342,-96.5619305189593
2025-10-03 08:00:00+00:00,318.12830542423023,119592.84137246766,120072.47050000001,120552.09962753236,-186.70375291130264,119648.59,119964.4904863464,119602.63678218785,2.445e-05,2.4106,-33.83152237457398,59.559847137897016,22.527470109578147,12890.532870000006,8720178406.136135,41.445796829777855,13.380155037600668,32.70824140804988,547.25621,120019.51371259724,-67.29175859195011
2025-10-03 08:30:00+00:00,325.7011002723438,119589.35233413731,120061.526,120533.69966586269,-50.10953786583862,120038.6,119971.54317253752,119617.41791961766,2.445e-05,2.4106,-21.079681849805638,43.50232863347404,37.51100174705199,13842.948990000006,8720178406.136135,52.430249099909744,33.57426696526385,64.57649000670096,820.79213,119998.92981610377,-35.42350999329903
2025-10-03 09:00:00+00:00,327.9290173314703,119620.330414393,120048.05549999999,120475.78058560698,64.2768741574014,120291.26,120002.00511443726,119649.33530197758,2.445e-05,2.4106,9.128204762047972,36.46054723155005,44.60727252917199,14496.504570000003,8720178406.136135,57.93120767713002,60.83547144732619,85.22168292722772,828.27118,120007.42942929504,-14.778317072772278
2025-10-03 09:30:00+00:00,316.7155293104368,119650.85614792845,120036.58799999999,120422.31985207152,90.1076228182661,120300.0,120030.38435524273,119674.32286955982,2.445e-05,2.4106,33.512392454678775,35.886987996908424,44.958855628404464,15089.466550000003,8720178406.136135,58.112312271062514,78.57800439062416,85.93584023794378,245.2006,119998.13972244336,-14.064159762056217
2025-10-03 10:00:00+00:00,311.60651715458613,119629.01074766801,120046.028,120463.045252332,143.61327564106065,120468.26,120072.10923429429,119715.14512582081,2.445e-05,2.4106,65.41483312980563,41.49806920684459,45.01113136256518,15096.768940000004,8720178406.136135,61.529355647495876,89.13333301486529,96.24247587942436,271.97697,119989.38539162793,-3.7575241205756424
2025-10-03 10:30:00+00:00,300.7319769397674,119613.01789034133,120060.68549999999,120508.35310965865,132.70863379877073,120425.95,120105.84996374324,119760.98525863196,2.445e-05,2.4106,86.05524307704763,49.86337557644707,50.172391903960076,13942.592070000002,8720178406.136135,60.18433443352064,91.69432064711104,92.90464582396496,303.60378,120003.50359482634,-7.095354176035041
2025-10-03 11:00:00+00:00,303.43524599607474,119611.87288093877,120068.22450000001,120524.57611906125,77.2720963658636,120270.01,120121.48947510397,119783.20179396492,2.445e-05,2.4106,89.11596653070592,57.645351032937135,49.00945957139431,11602.750750000003,8720178406.136135,55.41759724082693,89.91656082276832,80.60256076491568,246.34842,120008.122070758,-19.39743923508432
2025-10-03 11:30:00+00:00,301.4863086639872,119629.72992817253,120091.1635,120552.59707182746,81.91325857061564,120334.5,120141.78322339123,119807.85737089829,2.445e-05,2.4106,95.61590745224385,65.14717022004143,52.426726958138985,11284.354140000005,8720178406.136135,56.933767076875895,86.39912484846552,85.69016795651592,203.95597,120019.93844885027,-14.309832043484086
2025-10-03 12:00:00+00:00,293.1629996086849,119640.84176765614,120102.6255,120564.40923234385,58.1971941774987,120215.04,120148.75307447319,119820.80950388836,2.445e-05,2.4106,90.22288192798442,70.25398980546875,52.04360569405798,11116.303610000006,8720178406.136135,53.31410745687122,80.85290459323042,76.26598505825964,191.97609,120027.78124866253,-23.734014941740362
2025-10-03 12:30:00+00:00,292.4086091006757,119637.99675992117,120112.63799999999,120587.27924007882,55.159522609688246,120358.07,120168.68969029307,119842.5998265659,2.445e-05,2.4106,96.30087258847198,75.44144017224247,56.981664932691636,11056.311130000004,8720178406.136135,56.85354348027479,83.168585005141,87.54960200064745,231.66288,120033.70022632713,-12.45039799935254
2025-10-03 13:00:00+00:00,300.5574328100532,119622.10979878402,120129.8965,120637.68320121599,89.25766258800277,120529.7,120203.07335007438,119870.28995881203,2.445e-05,2.4106,113.65344356748392,83.06119287759728,57.33850538003367,11033.596970000002,8720178406.136135,60.7035619873498,87.54522293495916,98.82008174597031,235.27879,120037.25731693949,-1.1799182540296864
2025-10-03 13:30:00+00:00,320.43838125030817,119619.87203866111,120137.3385,120654.80496133889,81.74675337202547,120374.73,120219.4405677276,119898.26053923555,2.445e-05,2.4106,113.41042228412698,88.88211421701199,53.469519859760275,10271.647240000004,8720178406.136135,55.84992328914533,88.14126266384257,78.05410424490995,560.59044,120057.99032057854,-21.94589575509005
2025-10-03 14:00:00+00:00,339.7502356008893,119615.19999505379,120149.7825,120684.36500494622,43.39719304631682,120448.88,120241.28556479914,119917.09988299971,2.445e-05,2.4106,118.07438885200827,94.80427468609852,50.98770596423292,10975.555350000004,8720178406.136135,57.59788181038256,86.68879729175713,83.19220588439113,527.26186,120070.07862864216,-16.807794115608864
2025-10-03 14:30:00+00:00,363.48456842643617,119566.2637620457,120193.676,120821.08823795432,156.27883656734713,120917.85,120305.7108888519,119952.29323955951,2.445e-05,2.4106,157.83483142254408,107.53355443990789,64.52302318296182,11963.885580000007,8720178406.136135,66.59634755612893,85.97884282161827,96.6902183355537,624.57853,120122.57458585453,-3.3097816644463007
2025-10-03 15:00:00+00:00,396.90942106237077,119474.27060820325,120257.4145,121040.55839179675,227.12583142456222,121293.73,120399.81748794684,120009.01806255676,2.445e-05,2.4106,216.9916005293635,129.29993683062372,75.78485494157376,12632.537380000003,8720178406.136135,71.76441000953713,90.02762606738594,90.20045398221298,1004.96897,120241.63308495028,-9.799546017787025
2025-10-03 15:30:00+00:00,445.73740032461825,119218.24293285492,120374.29699999999,121530.35106714506,334.22116965287813,122258.05,120576.79894147589,120100.20693525508,2.445e-05,2.4106,337.8042938303406,170.90986881018893,78.3794552984935,13922.186960000005,8720178406.136135,80.22122970499967,94.18206278115315,95.65551602569273,1553.1035,120522.02911855135,-4.34448397430727
2025-10-03 16:00:00+00:00,526.2491993278866,118733.78649434635,120558.298,122382.80950565364,357.1453000619119,123659.82,120870.43343102199,120245.60100412396,2.445e-05,2.4106,540.3523472658271,244.62200864386256,84.01514894023346,16189.504980000002,8720178406.136135,86.53453066841558,93.84116301999525,95.66751905208002,3237.46165,121210.06234923883,-4.33248094791998
2025-10-03 16:30:00+00:00,587.6511000065994,118696.85942169567,120690.1165,122683.37357830434,227.0415321445007,122553.3,121030.71278935907,120338.84149979212,2.445e-05,2.4106,604.668418346133,316.54792187467615,72.16164496340103,13650.138519999999,8720178406.136135,68.0626064713135,85.96523052369234,66.57265649330421,1441.81375,121404.62759042406,-33.42734350669579
2025-10-03 17:00:00+00:00,649.4311954144229,118730.8675096156,120826.77799999998,122922.68849038436,139.5562499744817,122509.01,121171.51142750622,120427.5849268389,2.445e-05,2.4106,644.6030441538605,382.0483316167148,60.48746149643245,11246.898069999994,8720178406.136135,67.44121505771153,75.90312505722288,65.46919962628438,1869.26123,121548.61423002098,-34.530800373715614
2025-10-03 17:30:00+00:00,701.2786836882863,118859.69983242945,120948.43000000001,123037.16016757056,102.43204725561928,122073.25,121257.38819978666,120490.78588335257,2.445e-05,2.4106,633.8890933814691,432.45706426244965,54.622583782920465,10296.502569999999,8720178406.136135,61.50047540146003,62.21812519464326,54.6125194643412,1062.82764,121703.57631817156,-45.3874805356588
2025-10-03 18:00:00+00:00,731.6535721694561,118989.54389446933,121089.72049999998,123189.89710553063,85.51781206256025,122474.4,121373.31192570712,120576.27750988361,2.445e-05,2.4106,650.0603793246992,475.7435698962339,52.483079564206754,10694.753079999997,8720178406.136135,64.59099769547535,61.56287760822153,64.60691373403897,771.73346,121798.9595354032,-35.39308626596104
2025-10-03 18:30:00+00:00,717.1349516464235,119082.33287241725,121214.7135,123347.09412758275,94.41879979280475,122538.46,121484.26513352201,120647.49391574052,2.445e-05,2.4106,660.7254235637374,512.9141846011537,53.188248921233495,12700.65107,8720178406.136135,65.07621011794637,61.807453545105254,66.20292743693557,403.35808,121914.13780454802,-33.79707256306444
2025-10-03 19:00:00+00:00,699.0262171975155,119146.58893245424,121339.53349999999,123532.47806754574,92.12627738308306,122787.66,121608.39169950328,120728.71116003467,2.445e-05,2.4106,681.3796049395896,546.689674999921,55.030368383477644,12711.475530000002,8720178406.136135,66.96357504403997,67.74047544897739,72.4115851759576,329.22197,122021.56211800779,-27.5884148240424
2025-10-03 19:30:00+00:00,676.8672433106738,119247.06572676208,121457.58300000001,123668.10027323794,86.07446610501509,122660.99,121708.6141622655,120793.69498387245,2.445e-05,2.4106,679.8952720605594,573.6588531981806,55.36996793422012,13060.326200000003,8720178406.136135,65.04627174806168,69.29006540018686,69.25568358766739,331.99174,122064.81848650136,-30.744316412332605
2025-10-03 20:00:00+00:00,675.4924464925708,119360.33093196047,121541.6695,123723.00806803953,52.09615654661128,122149.99,121750.66050785466,120851.4388416826,2.445e-05,2.4106,629.8931752002682,584.7672259879678,53.22532190464204,12154.1589,8720178406.136135,57.83006885903886,66.06390532544378,56.52444721270632,358.43309,122099.03822008628,-43.47555278729368
2025-10-03 20:30:00+00:00,669.0344298303509,119490.40918897509,121642.769,123795.12881102492,56.09156041116711,122447.94,121817.07650695983,120917.68586198369,2.445e-05,2.4106,607.3127273817372,589.1657008598045,56.23747374369818,12086.148020000002,8720178406.136135,60.574880696032174,63.24260355029585,63.94767985051379,259.22506,122137.65904247391,-36.05232014948621
2025-10-03 21:00:00+00:00,633.7996153388292,119670.42428819291,121743.851,123817.27771180708,44.6494272984131,122291.65,121862.28363091749,120975.7327007182,2.445e-05,2.4106,570.2069688786287,585.2473161479472,57.7549127033276,11728.760110000003,8720178406.136135,58.42436934800581,58.61091007385338,55.360603158340005,156.35693,122169.35367142738,-44.639396841659995
2025-10-03 21:30:00+00:00,617.4373560235853,119860.96914432906,121842.45450000002,123823.93985567098,33.370442959327,122306.57,121904.5953418225,121027.37119101225,2.445e-05,2.4106,535.9251608641644,575.3996411699326,54.71073969094868,12409.790820000002,8720178406.136135,58.57574171331465,56.82989999053064,51.181416962738105,236.39849,122194.75952881432,-48.818583037261895
2025-10-03 22:00:00+00:00,589.6075874362275,120104.59226959587,121955.759,123806.92573040414,44.73396982228481,122481.13,121959.5015384477,121083.5756344011,2.445e-05,2.4106,516.891918901325,563.722589248677,51.40190725486547,12704.20973,8720178406.136135,60.39001855731937,50.784704780750396,45.81209422117307,107.50541,122220.54894698485,-54.18790577882693
2025-10-03 22:30:00+00:00,563.0198806871073,120351.22719608084,122061.7055,123772.18380391915,48.930898736817696,122477.0,122008.7929068413,121140.7242574472,2.445e-05,2.4106,495.68362350900134,550.0386612693907,44.92919171535532,12335.60983,8720178406.136135,60.321795504156654,46.203246725025075,41.61622899116405,120.48989,122252.5696248573,-58.38377100883595
2025-10-03 23:00:00+00:00,537.1065312476067,120588.60185695268,122149.073,123709.54414304733,26.639370254944144,122277.05,122034.33932274171,121184.4748930116,2.445e-05,2.4106,457.53831635309325,531.5632505615558,20.431809516483327,12259.098520000001,8720178406.136135,57.00963823837715,40.2706294510366,33.38356514077263,151.12385,122282.26152603742,-66.61643485922737
2025-10-03 23:30:00+00:00,509.62116162412786,120910.66176092839,122241.9365,123573.2112390716,7.449671827813125,122232.0,122053.16679527584,121226.69682503113,2.445e-05,2.4106,418.80078362717177,508.9760260044701,24.680083272835887,11999.70126,8720178406.136135,56.25949281792249,40.4910342345938,46.4733085718447,139.72898,122354.05035396636,-53.5266914281553
2025-10-04 00:00:00+00:00,490.0575130337147,121278.72899899154,122327.9155,123377.10200100846,-22.62317376284012,122168.46,122064.15708253525,121267.93865205815,2.445e-05,2.4106,378.52948676780215,482.7557010194153,33.17753221513547,11582.90632,8720178406.136135,55.155763972245424,42.09210283892747,46.41943480416502,257.55138,122427.15925340269,-53.58056519583498
2025-10-04 00:30:00+00:00,469.2943269353124,121550.63213452896,122387.023,123223.41386547104,-66.3954593411161,122100.0,122067.56846879097,121299.60785263401,2.445e-05,2.4106,337.31323344350676,453.6964103447211,40.79877710374017,11436.556639999997,8720178406.136135,53.9309152614393,45.091091804896244,42.380532038679,186.81074,122498.36298134671,-57.619467961321
2025-10-04 01:00:00+00:00,446.7400031230196,121716.71481920696,122419.83700000001,123122.95918079307,-114.66343257961141,121950.01,122056.39715827715,121335.79324886392,2.445e-05,2.4106,288.9372513471608,420.4199362026999,48.5610477998805,11063.085049999998,8720178406.136135,51.2386406113471,29.600318448848494,0.0009885037014285129,162.04425,122596.46657729882,-99.99901149629858
2025-10-04 01:30:00+00:00,438.3853962093044,121659.16545698614,122400.19500000002,123141.2245430139,-149.17157250107743,121865.21,122038.19873158938,121360.81801971469,2.445e-05,2.4106,241.09265276812948,384.4248792130485,36.87801223683213,10056.00325999999,8720178406.136135,49.72769387361804,18.5196887378704,13.177545671230748,324.25272,122658.24751461777,-86.82245432876925
2025-10-04 02:00:00+00:00,431.6426502013551,121789.54574304428,122307.45650000001,122825.36725695575,-152.77228813716607,121805.05,122016.00800913827,121384.24852319322,2.445e-05,2.4106,196.0035006129183,346.5579173237119,26.8554836430516,9310.861229999995,8720178406.136135,48.62992534896,7.510595054151558,9.353250987522468,266.74709,122419.60946926374,-90.64674901247753
2025-10-04 02:30:00+00:00,419.6919486756386,121731.88001148692,122272.518,122813.15598851307,-145.6686939335672,121854.53,122000.60844891652,121393.75236398063,2.445e-05,2.4106,162.7262856012676,310.06331319809766,16.822291708638105,9074.083909999992,8720178406.136135,49.61766019688551,12.893379034512051,16.149340444782908,176.7675,122299.64348823953,-83.85065955521709
2025-10-04 03:00:00+00:00,406.61662782589895,121712.21750971871,122249.6255,122787.03349028128,-85.81426501544732,122051.16,122005.42518549513,121420.52748074295,2.445e-05,2.4106,150.2807631786127,278.0765738166431,23.818821864066322,8629.051289999994,8720178406.136135,53.42698324952972,20.12649677741778,34.87689889994793,154.69339,122251.08636789616,-65.12310110005207
2025-10-04 03:30:00+00:00,398.0915921441968,121726.84290228657,122258.1625,122789.48209771344,-13.976016662969123,122243.99,122028.15103607668,121455.14825125951,2.445e-05,2.4106,154.16427055078384,253.22334091896826,22.14445888952615,8518.180069999993,8720178406.136135,56.87010652520083,36.022450110376575,57.041110986398856,201.71013,122255.95213211351,-42.958889013601144
2025-10-04 04:00:00+00:00,380.95998343029953,121727.92982799356,122251.5705,122775.21117200644,19.641885061047297,122342.56,122058.09126329173,121488.44458678839,2.445e-05,2.4106,163.3963134665246,235.30365909963552,28.332805465153456,9011.949459999994,8720178406.136135,58.55863817733729,53.00565874817308,67.09896635817243,165.94112,122271.50976562146,-32.90103364182757
2025-10-04 04:30:00+00:00,369.8887213873748,121730.195099279,122249.3975,122768.59990072102,61.645166470915356,122495.0,122099.71065739238,121531.8197720935,2.445e-05,2.4106,180.80394615311525,224.2850873223257,35.13443787147219,8786.492649999993,8720178406.136135,61.09160920461469,68.93122319384788,82.65359223697232,149.4756,122256.44173648175,-17.346407763027685
2025-10-04 05:00:00+00:00,368.9834886443535,121744.52430886825,122244.371,122744.21769113175,129.66698486893395,122687.13,122155.66283517893,121580.3550352715,2.445e-05,2.4106,207.7103184039879,220.87197627968615,38.00803097263519,8742.983489999997,8720178406.136135,64.07306701806613,79.87665366562477,89.87740240172951,225.70836,122245.90299095456,-10.122597598270492
2025-10-04 05:30:00+00:00,364.93438754830873,121757.42045800902,122237.4565,122717.49254199099,105.9326167335301,122522.7,122190.6104730438,121613.73357304784,2.445e-05,2.4106,213.45777373074088,219.4978471129568,30.7156264905029,8381.590859999995,8720178406.136135,59.84710804545126,82.55390287017433,75.1307139718211,363.17096,122233.58159034263,-24.8692860281789
2025-10-04 06:00:00+00:00,355.4972825548064,121763.1851661117,122255.32949999999,122747.47383388829,80.52719256498185,122507.45,122220.77891186033,121645.8650108597,2.445e-05,2.4106,214.30904951349657,218.54873869123074,29.852708426166075,8352.853419999996,8720178406.136135,59.45771200840579,79.59038471311679,73.76303776579974,235.28946,122243.47592779114,-26.236962234200266
2025-10-04 06:30:00+00:00,339.4920712388722,121763.62627967952,122254.446,122745.26572032047,72.3219680305572,122430.27,122240.73426742663,121678.27679989795,2.445e-05,2.4106,206.27837441345036,216.04448314418073,30.014833692075328,8026.721279999998,8720178406.136135,57.407320033730436,71.91166754855617,66.84125090804764,123.25023,122237.4258186553,-33.15874909195235
2025-10-04 07:00:00+00:00,325.09683097134774,121765.19557014167,122258.674,122752.15242985832,41.46577998330989,122376.21,122253.63598003444,121705.32803487111,2.445e-05,2.4106,193.3643573140871,211.51814592159593,31.378071820497254,8071.974879999995,8720178406.136135,55.952861944629234,67.53241317871887,61.99295086230917,127.24968,122238.05523098895,-38.00704913769083
2025-10-04 07:30:00+00:00,311.37221611655116,121765.67231046958,122259.54950000001,122753.42668953043,21.432412614093252,122324.08,122260.3340752504,121724.90421050426,2.445e-05,2.4106,176.99018041767704,204.75508107452728,32.054413428547704,8345.384039999994,8720178406.136135,54.522489943256296,62.05064736673785,57.317740329856704,126.0899,122241.08216746835,-42.682259670143296
2025-10-04 08:00:00+00:00,306.47876225576294,121767.15841217291,122257.1335,122747.10858782708,52.93664794475243,122432.81,122276.76374700168,121754.1303017174,2.445e-05,2.4106,170.68805206350225,197.89713853462968,41.600911049698034,8392.967929999993,8720178406.136135,56.99821980897339,62.1265795539135,67.06904746957457,342.3541,122251.2988386187,-32.93095253042544
2025-10-04 08:30:00+00:00,301.3862917582228,121767.08874596648,122246.66200000001,122726.23525403354,17.925589989081264,122267.57,122275.89582728846,121777.57912158557,2.445e-05,2.4106,150.5741494079557,188.3318010680304,44.05977659557101,8070.647509999997,8720178406.136135,52.33068652979059,58.878834351243334,52.249715254298664,156.688,122244.84636254545,-47.750284745701336
2025-10-04 09:00:00+00:00,293.40251485900444,121768.85410838103,122251.24399999999,122733.63389161896,39.29385943783147,122368.69,122284.72817590434,121798.51835057254,2.445e-05,2.4106,141.28674236724328,178.99093107122803,51.42784333373556,8380.785549999995,8720178406.136135,54.77248713369653,60.21243075672123,61.3185295462904,145.64103,122245.46254636995,-38.6814704537096
2025-10-04 09:30:00+00:00,285.5035289607476,121767.40175134393,122250.08299999998,122732.76424865604,2.4003527548992984,122208.78,122277.49371889298,121814.04686511328,2.445e-05,2.4106,119.61184254346881,167.1321421182992,52.955360380822405,8705.153099999992,8720178406.136135,50.38161199139561,50.88220666803371,39.07837520351202,98.37384,122245.57943263355,-60.92162479648798
2025-10-04 10:00:00+00:00,273.8443567767611,121774.76961743517,122256.2815,122737.79338256482,5.920710339803068,122292.43,122278.92188968703,121835.25418146868,2.445e-05,2.4106,107.87001712001802,155.20532526169842,51.64652713798658,8482.298709999997,8720178406.136135,52.523787104002615,44.587977623210975,33.36702811983046,83.45707,122250.88288213924,-66.63297188016955
2025-10-04 10:30:00+00:00,270.81611712048044,121777.99412063418,122257.758,122737.52187936583,-24.725708248493113,122129.53,122264.69571965135,121847.49775350734,2.445e-05,2.4106,84.47914135445899,141.03870763823807,45.08415468110409,8184.856819999996,8720178406.136135,48.158327538341226,25.56879115504546,4.260970141793863,125.32541,122256.84730774879,-95.73902985820614
2025-10-04 11:00:00+00:00,269.5906887739225,121799.8751890047,122264.995,122730.11481099529,-61.70955462536834,122094.75,122248.51090631561,121857.406910638,2.445e-05,2.4106,62.42490291799186,125.30947202558433,37.36679387409225,7815.5064799999955,8720178406.136135,47.255176706553286,17.79595387134322,15.759863352405304,232.45007,122257.61468261937,-84.2401366475947
2025-10-04 11:30:00+00:00,261.89454924607446,121821.75962447548,122270.39749999999,122719.0353755245,-92.81457504154521,121973.26,122222.30341804893,121864.92236406964,2.445e-05,2.4106,34.676225413481006,107.09247140302683,32.299957252749934,7568.850779999999,8720178406.136135,44.13867440762625,7.089685572374383,1.2482232229239552,84.44681,122287.75017917441,-98.75177677707605
2025-10-04 12:00:00+00:00,252.48461561103002,121878.2037473248,122284.0115,122689.81925267518,-93.84701930432009,122077.33,122208.48715259068,121869.24816855731,2.445e-05,2.4106,20.998511025274638,89.99539347318628,28.212311702492272,7888.098049999996,8720178406.136135,47.34311049790026,10.723625347116174,15.162789466019232,85.80478,122316.8553640678,-84.83721053398077
2025-10-04 12:30:00+00:00,244.09222194829863,121913.33175520417,122291.56599999999,122669.80024479581,-121.80922053408996,122005.62,122189.16635814901,121874.54718889385,2.445e-05,2.4106,4.242697124602273,72.84634054356731,31.388541794856465,7925.616339999992,8720178406.136135,45.412090066872985,8.52334978107328,9.159036654276628,128.39086,122330.77231968658,-90.84096334572337
2025-10-04 13:00:00+00:00,262.6871831942628,121942.9132571014,122304.7335,122666.5537428986,-13.302812364565058,122314.51,122201.10671598201,121893.03900309054,2.445e-05,2.4106,15.676746838958934,61.37477676418658,42.50190571410917,7969.799719999998,8720178406.136135,54.09641072140638,28.073557854911382,59.898847444438246,230.70281,122342.83114609915,-40.101152555561754
2025-10-04 13:30:00+00:00,253.64717816263146,121949.48197917524,122311.80499999998,122674.12802082472,34.747178719265236,122385.42,122218.66344814272,121913.68052818213,2.445e-05,2.4106,30.106222710412112,55.080560512283604,47.53214446091681,7896.1339899999975,8720178406.136135,55.832644885526406,47.699735609859566,74.04132273086377,88.46547,122352.43353331761,-25.95867726913623
2025-10-04 14:00:00+00:00,247.53580886871208,121948.30341159042,122310.35450000002,122672.40558840962,19.614819351799614,122313.55,122227.71308590086,121934.8983843004,2.445e-05,2.4106,35.229545922993566,50.94204829038982,47.92691471911305,7533.5874300000005,8720178406.136135,53.61276497742793,65.29968306091662,61.95887900744781,110.36102,122354.52642148762,-38.04112099255219
2025-10-04 14:30:00+00:00,252.27430963278877,121910.00575982478,122285.60500000001,122661.20424017524,-91.38601073926533,122000.01,122206.04018982465,121943.11318022928,2.445e-05,2.4106,13.80696295927919,43.34293121817257,48.08754106265322,7084.801950000001,8720178406.136135,45.183837002569796,48.41607406037543,9.248020442814687,119.50046,122341.44056255746,-90.75197955718531
2025-10-04 15:00:00+00:00,266.09329258162785,121837.18189539101,122237.9455,122638.70910460899,-179.14562203824946,121733.94,122161.06859777943,121930.73544839409,2.445e-05,2.4106,-24.144879091982148,29.972280145682895,30.429355434780135,7051.27576,8720178406.136135,39.51280520787563,25.177292415194817,4.324977795321931,396.52002,122265.22192777625,-95.67502220467807
2025-10-04 15:30:00+00:00,268.6089256162053,121778.36089107886,122201.376,122624.39110892115,-158.52975986327016,121791.31,122125.87207437979,121933.2905469962,2.445e-05,2.4106,-49.3040627635055,13.873128815923733,28.430537724287632,6876.649200000001,8720178406.136135,41.2186267652859,8.325033426988716,11.402102042829503,304.31124,122195.57157535906,-88.5978979571705
2025-10-04 16:00:00+00:00,275.79398191913157,121712.10582218356,122161.54300000002,122610.98017781648,-163.15518993843386,121710.79,122086.3436577384,121925.95079335888,2.445e-05,2.4106,-74.74776842433494,-3.893176077057591,20.20187536731956,5490.086859999999,8720178406.136135,39.52419952503082,9.441444405571366,12.597253378562632,334.17371,122132.49215979986,-87.40274662143737
2025-10-04 16:30:00+00:00,276.4136909800603,121655.3913790259,122126.02900000001,122596.66662097412,-144.48832666447547,121719.99,122051.41674628743,121902.29269604055,2.445e-05,2.4106,-92.69565502855403,-21.18002125596461,18.52972714864356,6836.8689300000015,8720178406.136135,39.83997003601741,12.534446189870637,13.60398314821975,317.87978,122087.08393572232,-86.39601685178025
2025-10-04 17:00:00+00:00,271.01844471854287,121628.58853396506,122099.54500000001,122570.50146603497,-114.10748207328125,121846.53,122031.92873518271,121910.90547930912,2.445e-05,2.4106,-96.18058625180856,-36.50842828937473,19.82430170705379,6207.770900000001,8720178406.136135,44.00008654914909,17.884043697908123,27.450894566941948,126.5099,122066.40201115381,-72.54910543305806
2025-10-04 17:30:00+00:00,268.8136204424033,121587.80547067415,122070.7095,122553.61352932584,-106.54901292854242,121747.37,122004.84756428922,121912.98134421112,2.445e-05,2.4106,-105.70954027726839,-50.60670713132626,19.554683269673575,5380.460550000002,8720178406.136135,41.55771051513998,19.218325399865098,16.600098484433563,162.82473,122044.61698064214,-83.39990151556644
2025-10-04 18:00:00+00:00,258.8478888259868,121561.33837960487,122035.674,122510.00962039513,-102.45803608485298,121732.1,121978.8750490929,121907.37467125604,2.445e-05,2.4106,-113.05238891436602,-63.14103785094542,20.294845635427137,4505.54093,8720178406.136135,41.17825404050246,19.66004632415977,14.929145921103759,133.6537,121996.01292159001,-85.07085407889625
2025-10-04 18:30:00+00:00,256.20470839267915,121499.0875983282,122001.02850000001,122502.96940167183,-133.77218953511903,121574.66,121940.367627446,121889.68538971874,2.445e-05,2.4106,-129.93512719227874,-76.35875499355161,19.77074454638712,3687.259340000002,8720178406.136135,37.407330107155545,12.666116525339836,6.4691051704821545,154.46749,121964.87597092184,-93.53089482951785
2025-10-04 19:00:00+00:00,258.7708424473643,121496.3058147288,121973.89450000001,122451.48318527122,-76.85624248560607,121826.01,121929.46396366837,121881.80797251384,2.445e-05,2.4106,-121.59612351522082,-85.24267247426225,20.685500148547405,4211.09671,8720178406.136135,45.93374582982992,17.671475618650728,31.616175764366243,117.11535,121940.80447807483,-68.38382423563375
2025-10-04 19:30:00+00:00,249.80189636630502,121496.14716194432,121961.41800000002,122426.68883805572,-21.106740726590107,121959.25,121932.32077174647,121893.49873522083,2.445e-05,2.4106,-103.3641968355223,-89.13004350556133,24.51865903013332,3953.185170000001,8720178406.136135,49.825161245833165,27.677285096846322,44.94657435569055,96.60998,121931.0844676113,-55.05342564430945
2025-10-04 20:00:00+00:00,245.38193227964703,121507.11319936419,121949.6605,122392.2078006358,16.19537166992938,122057.28,121944.23097847543,121903.94900455464,2.445e-05,2.4106,-80.00308125375886,-87.42708163823566,21.749305805675405,3818.2120200000004,8720178406.136135,52.53427642188751,44.72412800236204,57.609633887029325,135.99485,121926.04179201109,-42.390366112970675
2025-10-04 20:30:00+00:00,239.93074517087817,121502.5560578088,121937.82849999999,122373.10094219117,-1.3251747658400346,121892.89,121939.35603005697,121909.84875456878,2.445e-05,2.4106,-73.97223781641515,-84.92864203648442,18.425958023609084,3261.2956399999975,8720178406.136135,47.85469142005298,47.620422432198275,40.30505905387493,75.25102,121917.03867988773,-59.69494094612507
2025-10-04 21:00:00+00:00,255.35283037062473,121486.49035577098,121949.45749999999,122412.424644229,81.74000905604564,122327.33,121976.31512945278,121930.19176117242,2.445e-05,2.4106,-33.71483740620897,-74.80660079833497,25.030474655515306,2593.0939100000005,8720178406.136135,58.38802913899207,65.97156431363476,100.0,190.21871,121919.58293241034,-0.0
2025-10-04 21:30:00+00:00,248.42259354496886,121485.57618295883,121960.32800000001,122435.07981704119,96.42958362544412,122190.67,121996.7341191076,121942.23732831333,2.445e-05,2.4106,-12.654977172700455,-62.43192828244285,28.79921468756146,1520.3156200000005,8720178406.136135,54.645993842638546,73.85807900446643,81.26917795952431,92.32169,121925.67740828436,-18.730822040475687
2025-10-04 22:00:00+00:00,240.3186219999503,121480.92536665221,121968.1735,122455.4216333478,80.56672441274517,122234.24,122019.34213818598,121948.68480520044,2.445e-05,2.4106,7.621602145809447,-48.26911827713989,33.06743202287858,2234.170840000001,8720178406.136135,55.62691985168647,89.24681113565356,86.4712554474363,55.91037,121927.30451857358,-13.528744552563701
2025-10-04 22:30:00+00:00,234.02402590954884,121475.60440631794,121982.25200000001,122488.89959368207,92.86787191343333,122287.19,122044.85553223992,121963.71849395415,2.445e-05,2.4106,27.50148244742013,-33.168468950164495,41.14579884853482,1831.2782500000003,8720178406.136135,56.841408638644225,86.20832231121166,90.88453352667433,102.231,121935.16202044686,-9.115466473325672
2025-10-04 23:00:00+00:00,222.90578955288154,121481.99568022702,121977.227,122472.45831977298,79.17431015273233,122214.01,122060.95763522516,121970.1460478202,2.445e-05,2.4106,37.04244360724988,-19.023301247615564,47.9170242622332,1866.8120300000003,8720178406.136135,54.61747812749066,86.56088647602364,82.3268704539602,37.66634,121913.81948671254,-17.673129546039803
2025-10-04 23:30:00+00:00,220.98341860643293,121481.34971134078,121977.50600000001,122473.66228865924,112.0115868560057,122391.0,122092.37764254704,121981.21033385987,2.445e-05,2.4106,58.27585613401607,-3.398106414734162,60.73543754381996,2454.18014,8720178406.136135,58.82633252104755,90.36676428984116,97.88888888888889,95.79266,121913.54471394431,-2.111111111111111
2025-10-05 00:00:00+00:00,216.39102887688927,121472.23958163602,121982.02900000001,122491.818418364,117.52965986576362,122404.01,122122.06440376701,122001.0242655332,2.445e-05,2.4106,75.09792089197435,12.202802777365585,59.783378867506066,2196.8406200000004,8720178406.136135,59.12348774204849,93.183401262431,99.33444444444386,88.72188,121910.51071176704,-0.6655555555561377
2025-10-05 00:30:00+00:00,218.52816759336068,121474.40987587006,121989.9135,122505.41712412993,75.8583743128057,122157.7,122125.45515549685,122005.82363399818,2.445e-05,2.4106,67.87077630478598,23.377277182308617,62.182916232705395,2402.191860000001,8720178406.136135,51.48389580731073,89.72999999999972,71.96666666666634,102.94371,121913.94356797947,-28.03333333333366
2025-10-05 01:00:00+00:00,215.09563098089964,121502.47025591618,122015.617,122528.76374408382,65.5922956904338,122248.01,122137.13939540742,122020.65346642329,2.445e-05,2.4106,68.48441435064888,32.23660799971757,59.496540125812295,2372.8709700000013,8720178406.136135,53.83494114886353,84.43407407407359,82.00111111111053,199.80498,121942.99517909487,-17.99888888888947
2025-10-05 01:30:00+00:00,211.28618736607442,121519.54069323857,122044.9375,122570.33430676143,89.21762786946806,122377.72,122160.05055812803,122034.10521962606,2.445e-05,2.4106,78.6531225770741,41.536656300838736,68.5443692282219,2779.4639399999996,8720178406.136135,57.060611700931815,83.36784308639734,96.13575148141514,108.9293,121970.74404728516,-3.864248518584858
2025-10-05 02:00:00+00:00,232.7514024981001,121492.560103039,122102.0935,122711.62689696101,163.7424979213737,122853.91,122226.12223053118,122061.85936299835,2.445e-05,2.4106,123.80441253531899,58.123812414288295,72.96867255625439,4000.926599999998,8720178406.136135,66.35828104342167,92.71228753084189,100.0,360.61215,122089.89973726009,-0.0
2025-10-05 02:30:00+00:00,325.19481932021944,121201.1140252067,122217.666,123234.2179747933,356.9605575146956,124031.44,122398.0512820382,122136.5183642214,2.445e-05,2.4106,251.67522985731193,96.91250836328572,88.06176288790304,6124.645369999998,8720178406.136135,78.6610908782511,94.28525927112219,86.72002633195133,2273.02279,122910.78803414744,-13.279973668048665
2025-10-05 03:00:00+00:00,357.99341706444244,121096.59840560891,122317.10549999999,123537.61259439107,279.2898468845249,123835.32,122534.93346431178,122202.89936714062,2.445e-05,2.4106,333.2994072043657,144.19714339598022,89.37657715809294,5879.958269999997,8720178406.136135,73.8199074977693,88.52258754236478,78.847736295143,616.69755,123039.92144938982,-21.152263704857
2025-10-05 03:30:00+00:00,363.50646288943864,121073.42400531998,122418.548,123763.67199468001,221.38633735624532,123776.22,122653.14131029934,122260.31536318555,2.445e-05,2.4106,388.83481423430203,193.25487133311168,91.7943091446478,5622.30504,8720178406.136135,72.37785089299558,80.68107163548467,76.47545227935966,461.29379,123149.13790081207,-23.524547720640346
2025-10-05 04:00:00+00:00,361.26889132718145,121058.03237102488,122532.905,124007.77762897512,173.42004359550535,124019.24,122783.25043149367,122331.22888625025,2.445e-05,2.4106,447.16745690917014,243.97853365738519,91.86726271676238,5605.460449999999,8720178406.136135,74.58159306448013,79.97150826485505,84.59133622006244,230.2391,123214.99504060269,-15.408663779937553
2025-10-05 04:30:00+00:00,457.9905741990506,120908.38588102235,122712.8125,124517.23911897765,218.35807893521672,125172.81,123010.83454044584,122445.68892637626,2.445e-05,2.4106,579.7632254418422,311.0435007103236,95.22175532632626,8803.396112999999,8720178406.136135,81.94606510785746,82.02462351114984,85.00708203402733,3436.832673,123917.75840352985,-14.99291796597267
2025-10-05 05:00:00+00:00,465.3547736840504,120791.7832480676,122891.11600000001,124990.44875193242,187.76592853050758,125392.08,123237.62091033299,122561.70344966848,2.445e-05,2.4106,694.5834529812419,387.7372105370949,96.43240497720387,9863.420592999999,8720178406.136135,82.95687533807553,86.91445213975176,91.14493816516544,1272.32223,124110.1030925744,-8.855061834834556
2025-10-05 05:30:00+00:00,462.7996157656322,120783.75621267679,123049.553,125315.34978732321,148.50046716294443,125127.99,123417.6577465186,122663.06957732889,2.445e-05,2.4106,755.5519358448655,461.2780422796495,89.73639770814127,8912.150522999998,8720178406.136135,77.33989625710115,86.63483017114459,83.75247031424095,683.92773,124197.73412337848,-16.247529685759044
2025-10-05 06:00:00+00:00,459.759807327048,120828.87017905121,123196.2125,125563.55482094878,117.82018191443437,124990.47,123567.44833508495,122753.88482898723,2.445e-05,2.4106,783.7643564142054,525.7891473171215,85.84663671066016,8431.431412999998,8720178406.136135,74.51103458074122,84.93346247081821,79.90297893304826,486.08546,124260.72129849029,-20.097021066951744
2025-10-05 06:30:00+00:00,453.5045547576577,120939.35480838573,123351.56850000001,125763.78219161429,103.53930078409347,125000.01,123703.87626098978,122839.15373830355,2.445e-05,2.4106,797.7554711367557,580.267967528414,86.16875595128457,8983.037062999998,8720178406.136135,74.58256542825313,81.27515801613477,80.1700248011151,335.1147,124298.56715530546,-19.829975198884895
2025-10-05 07:00:00+00:00,449.256339650321,121034.07470725264,123473.7195,125913.36429274737,86.83754879519046,124770.35,123805.44433227037,122914.51722541293,2.445e-05,2.4106,781.2573448019102,620.4770814252372,81.97395997970295,8594.628182999999,8720178406.136135,69.66062342191745,77.93811104704007,73.74132940695682,524.05861,124360.82221972481,-26.25867059304317
2025-10-05 07:30:00+00:00,439.35562394682245,121177.7928007235,123599.86750000001,126021.94219927651,71.16092870726513,124713.63,123891.9341905717,122983.33719491208,2.445e-05,2.4106,754.9375680726953,647.4218743233714,79.99937125745348,8673.740532999998,8720178406.136135,68.46018400580245,75.35498812196408,72.15361015782035,373.9687,124389.82034138076,-27.846389842179644
2025-10-05 08:00:00+00:00,428.0002492582128,121339.64746752376,123725.155,126110.66253247624,63.039922058629216,124739.99,123972.70383016068,123053.27026702483,2.445e-05,2.4106,727.7560761203786,663.456956192718,79.38648908725852,8654.525242999998,8720178406.136135,68.72979763436149,72.6363164884461,72.01400990056115,283.38906,124407.44981626833,-27.985990099438855
2025-10-05 08:30:00+00:00,411.3527456158155,121522.090597524,123840.595,126159.099402476,53.937317562602686,124595.99,124032.06185677146,123112.66332292996,2.445e-05,2.4106,686.7269533008512,668.1445693562356,77.48942377747929,8546.033452999998,8720178406.136135,65.43540933339196,70.37424123321286,66.95510364125707,248.89888,124429.9966010727,-33.044896358742925
2025-10-05 09:00:00+00:00,433.98500612577345,121735.13716534742,123930.56450000001,126125.9918346526,20.835117325089943,124013.4,124030.27878737065,123145.50378458825,2.445e-05,2.4106,600.3182820957591,654.6547784170651,73.31411115656196,8333.132642999997,8720178406.136135,54.12961851311302,59.99315916611922,41.010363956539415,532.02539,124427.08291398526,-58.989636043460585
2025-10-05 09:30:00+00:00,491.348194239678,121838.94501596499,123962.0395,126085.13398403501,-49.689506844321336,123020.5,123934.1038566412,123138.21727110696,2.445e-05,2.4106,446.5790402290586,613.1121139190737,56.98444908202608,8310.644523000003,8720178406.136135,41.09651014197131,38.62802850459214,7.918617915979911,1682.90397,124305.94402739551,-92.08138208402009
2025-10-05 10:00:00+00:00,499.8207613820631,121943.36985589664,123992.45349999999,126041.53714410333,-82.8829765016494,123012.29,123846.31240212775,123133.42633413553,2.445e-05,2.4106,320.33211247451254,554.5516332236393,51.54811082428566,6749.259282999999,8720178406.136135,41.00850044170386,21.454184040876786,15.433570250111018,610.01529,124259.24367528343,-84.56642974988898
2025-10-05 10:30:00+00:00,496.1741825347067,122111.40786629794,124035.969,125960.53013370205,-85.26202977115581,123028.01,123768.39472697549,123136.15185360138,2.445e-05,2.4106,218.8630497244303,487.20539583867964,51.19833988791406,6585.877993,8720178406.136135,41.263757091527204,13.092943232750022,15.92664153215912,383.87492,124239.36158149544,-84.07335846784088
2025-10-05 11:00:00+00:00,504.5669356809995,122318.81396969817,124091.6685,125864.52303030183,-70.45376693767136,123362.0,123729.70075930249,123149.4524260995,2.445e-05,2.4106,163.54595990051166,422.3384227909522,52.107744276200826,6209.277842999997,8720178406.136135,46.62602839643631,19.25424536883088,26.40252432422249,444.19198,124236.16775191769,-73.5974756757775
2025-10-05 11:30:00+00:00,495.4259797696105,122526.66021801607,124146.0145,125765.36878198394,-65.43714009472512,123464.64,123704.45723348577,123161.96644217859,2.445e-05,2.4106,126.6166932121414,363.1894039929818,33.320161728591316,5651.016813,8720178406.136135,48.19199921055106,24.89915324490529,32.36829387833424,270.01015,124234.68879728137,-67.63170612166576
2025-10-05 12:00:00+00:00,498.47025445712677,122581.09254108153,124159.97,125738.84745891848,-89.78878388608547,123133.02,123650.04149384749,123163.79064337337,2.445e-05,2.4106,69.71886090956104,304.4053343740795,19.706785427949768,5013.110862999998,8720178406.136135,43.72620695894081,26.7027859661205,21.337539695804765,392.70535,124243.90876572389,-78.66246030419524
2025-10-05 12:30:00+00:00,482.467831737842,122466.07635978982,124112.69200000001,125759.3076402102,-90.24886256159527,123085.88,123596.31010428,123159.99117601947,2.445e-05,2.4106,20.66354240482906,247.67959722120793,21.199985838721517,5167.254193000001,8720178406.136135,43.11511346151443,24.871473474059375,20.908586848039104,181.08726,124313.0911756516,-79.0914131519609
2025-10-05 13:00:00+00:00,466.32283448419804,122403.47769852282,124085.36400000002,125767.25030147721,-73.21598639856802,123288.76,123567.01326598303,123162.29826211283,2.445e-05,2.4106,-1.7708704694232438,197.87287773919672,27.738765519616194,5780.614803,8720178406.136135,46.57870253586872,23.63807438619894,28.668096614752944,424.26755,124303.64912458698,-71.33190338524706
2025-10-05 13:30:00+00:00,451.8104391166709,122329.34195475648,124054.62250000001,125779.90304524354,-69.14876294563624,123161.39,123528.38510572982,123163.39689369299,2.445e-05,2.4106,-29.570754206564743,152.34967146753485,22.94514658042648,5273.701813,8720178406.136135,44.736997197231766,24.608581202019547,24.24906014326657,260.56457,124296.1487981822,-75.75093985673344
2025-10-05 14:00:00+00:00,433.56110006677875,122249.44888134416,124013.9865,125778.52411865584,-61.53508883239338,123206.52,123497.72641996467,123162.98693419498,2.445e-05,2.4106,-47.34094346137135,112.47541833391439,27.32872804491916,5654.001892999999,8720178406.136135,45.55918143525694,27.12031023108794,28.443773935244298,200.30387,124286.05225911464,-71.5562260647557
2025-10-05 14:30:00+00:00,435.428372299093,122177.59565744475,123907.07949999999,125636.56334255524,-71.67581157653072,123034.67,123453.63163482906,123160.47050827333,2.445e-05,2.4106,-74.53553015603393,74.99675697216591,27.442155237525853,5108.843242999998,8720178406.136135,42.94097765886626,24.9614760550412,22.19159408661271,353.18256,124008.48218505507,-77.80840591338729
2025-10-05 15:00:00+00:00,419.01348722003866,122140.84354111679,123782.0755,125423.30745888322,-73.25613365351583,122892.0,123400.14989900557,123152.96088037509,2.445e-05,2.4106,-106.39480384996568,38.626682019111044,27.90510207776383,4694.026652999999,8720178406.136135,40.84158263085505,22.397441996044545,16.556957966276613,183.15371,123809.603970577,-83.44304203372339
2025-10-05 15:30:00+00:00,405.7143878818064,122094.54570100103,123665.8345,125237.12329899897,-78.98397868048617,122803.17,123343.28835786649,123136.51797959254,2.445e-05,2.4106,-137.10310690838378,3.563579674662787,27.972047024988143,5342.1035729999985,8720178406.136135,39.54775107131463,17.312654161630288,13.189410432001525,237.82517,123670.98922723145,-86.81058956799848
2025-10-05 16:00:00+00:00,400.7998990828766,122088.02029401956,123563.92649999999,125039.83270598041,-62.16674447949622,122952.31,123306.05534426478,123130.59828697523,2.445e-05,2.4106,-147.7890779601439,-26.74659649933904,33.802192023206885,5050.515393000001,8720178406.136135,42.825134764561945,19.478377486047503,28.688764059864354,269.00226,123567.90404689114,-71.31123594013565
2025-10-05 16:30:00+00:00,446.9800895972834,122152.98436098169,123477.20300000001,124801.42163901833,-57.47993486033159,123265.54,123302.2158434192,123144.13836018059,2.445e-05,2.4106,-129.66103391820798,-47.58022100447748,55.25337974585442,5268.831733,8720178406.136135,49.066882386706745,39.9373620618229,77.93391169360281,745.5782,123460.05020378008,-22.066088306397194
2025-10-05 17:00:00+00:00,436.7691816993028,122210.56286435075,123398.231,124585.89913564925,-17.197937332928166,123190.91,123291.63059827646,123152.58351713934,2.445e-05,2.4106,-119.92511043550621,-62.25016490468079,65.06733146888385,4387.077302999998,8720178406.136135,47.72437754052068,59.50753783251284,71.89993774407134,257.1759,123363.5898658499,-28.10006225592866
2025-10-05 17:30:00+00:00,427.0417047788106,122285.67435805553,123315.402,124345.12964194447,-47.084132792158194,123057.05,123269.32887023939,123165.7975586156,2.445e-05,2.4106,-121.88087155327958,-74.691884468478,60.00079943273603,3248.9559629999985,8720178406.136135,45.323981333737464,70.30365261730883,61.077108414252336,133.15237,123294.00850118959,-38.922891585747664
2025-10-05 18:00:00+00:00,418.2409841393392,122430.20651594437,123230.5325,124030.85848405563,-50.803880672888795,123042.6,123247.7927452361,123185.62060348649,2.445e-05,2.4106,-123.42346833967895,-85.18766418152451,53.61782463205016,1562.2621329999984,8720178406.136135,45.04309793704153,64.29528175523974,59.90879910739553,133.59033,123238.802560113,-40.09120089260447
2025-10-05 18:30:00+00:00,406.62399669669355,122647.89502239453,123150.705,123653.51497760547,-29.2935434582365,122999.44,123224.09502903026,123158.8579367578,2.445e-05,2.4106,-125.70357872550085,-92.6992409558865,55.618129719890405,755.4980529999996,8720178406.136135,44.23240246512064,60.328578518519976,59.99982803391205,452.92993,123185.99157814187,-40.00017196608795
2025-10-05 19:00:00+00:00,406.93323672282565,122761.74960636265,123092.1925,123422.63539363736,-117.0608903913326,122843.15,123187.8127459335,123145.69826112245,2.445e-05,2.4106,-138.90046282722324,-101.91580547287037,58.34000265162763,2855.875542999999,8720178406.136135,41.28925477618487,55.49873417536037,46.587575384773494,196.33122,123107.56455162718,-53.412424615226506
2025-10-05 19:30:00+00:00,404.89934641760357,122675.27355811595,123070.75699999998,123466.24044188402,-174.96391543742024,122591.79,123131.03092432274,123116.31222447229,2.445e-05,2.4106,-167.54087314357457,-114.80783786871427,58.100340991423295,2913.869302999999,8720178406.136135,37.02595055942569,43.850064985554376,24.96279153797759,198.40029,123047.92154950002,-75.0372084620224
2025-10-05 20:00:00+00:00,398.81031759903,122636.79737907182,123057.19349999998,123477.58962092813,-153.09447258328316,122741.02,123093.90336750836,123108.65030593745,2.445e-05,2.4106,-176.49027257536363,-127.35880154866467,54.74037414436289,1976.0435229999987,8720178406.136135,40.92371934513465,36.4505278009579,37.80121648012261,125.00186,123056.57985687844,-62.19878351987739
2025-10-05 20:30:00+00:00,395.2220673280945,122593.52769741256,123041.05899999998,123488.5903025874,-83.75657628148188,122705.32,123056.89803721299,123093.96011805984,2.445e-05,2.4106,-184.2225918674958,-138.76580959344264,61.30907665695217,981.6036629999994,8720178406.136135,40.279344999664005,32.49797109927692,34.729905279730545,222.7064,123055.56772224525,-65.27009472026946
2025-10-05 21:00:00+00:00,387.2449008111348,122558.68958137851,123007.0045,123455.31941862148,-128.79414009193803,122680.91,123021.09980381324,123082.14500220005,2.445e-05,2.4106,-190.21057923500484,-149.1879994765477,56.211817793356296,397.90491299999843,8720178406.136135,39.81414569541991,35.05366908414147,32.62988549257124,180.34067,123028.70827353562,-67.37011450742875
2025-10-05 21:30:00+00:00,379.2925297034871,122559.11446753293,122970.272,123381.42953246707,-117.74393909700358,122729.99,122993.36990072366,123066.10713097434,2.445e-05,2.4106,-188.67710938854725,-157.01809674626733,61.080648829499175,792.1894729999985,8720178406.136135,41.27111033720689,34.73736131065572,36.852293159665365,59.52305,123005.86474743404,-63.147706840334635
2025-10-05 22:00:00+00:00,391.38858476210015,122559.1840203711,122970.15050000002,123381.11697962893,35.85775245872294,123130.59,123006.41766615599,123059.64840624643,2.445e-05,2.4106,-153.19885438348865,-155.9810397147464,67.01130481308797,1415.0938829999993,8720178406.136135,51.573485224270925,46.93284697070061,71.3163622598652,238.02997,122994.63410306684,-28.683637740134795
2025-10-05 22:30:00+00:00,379.5012931826391,122553.1447529941,122977.72649999999,123402.30824700587,86.31683501719105,123237.4,123028.42812058014,123071.8593996517,2.445e-05,2.4106,-115.44356599981256,-148.03284534386108,72.7411101804057,1147.6501829999995,8720178406.136135,53.89082661939183,62.89133408467157,80.50534683448414,90.98939,122994.4402843044,-19.494653165515864
2025-10-05 23:00:00+00:00,372.3851236543128,122530.3163963929,122986.55250000002,123442.78860360714,160.26220063947162,123465.28,123070.02669504506,123084.53883098137,2.445e-05,2.4106,-66.19726962172717,-131.58216901416208,72.59353944488737,1451.444243,8720178406.136135,58.46760065136952,82.97481343474756,97.10273120989334,250.30526,122994.64576502147,-2.89726879010667
2025-10-05 23:30:00+00:00,353.35760515842736,122502.43557129518,123002.5985,123502.7614287048,177.08012313196926,123482.31,123109.29237946973,123100.40011321797,2.445e-05,2.4106,-25.563023133872775,-110.38631688642823,67.70144783084159,1542.1527329999988,8720178406.136135,58.79642168882528,90.473793210658,93.8133015875965,247.06542,123008.83970518842,-6.1866984124035005
2025-10-06 00:00:00+00:00,405.9502880839988,122453.99760072028,123025.30550000002,123596.61339927975,230.38120358752522,123660.66,123161.81069208086,123125.44124931942,2.445e-05,2.4106,20.72343743930105,-84.25769534821893,72.38335433984417,2031.3639429999982,8720178406.136135,62.17381253279257,84.631440910638,62.978289934424204,725.6097,123103.6735101066,-37.021710065575796
2025-10-06 00:30:00+00:00,433.89421068040446,122452.6060928217,123040.9365,123629.26690717829,112.48605673299497,123347.29,123179.47521983869,123134.06856191323,2.445e-05,2.4106,31.81731983119971,-61.04048418834689,63.62890193567683,1585.3526529999983,8720178406.136135,53.82119894289624,67.71468902123696,46.352475541690175,579.48566,123144.58012621521,-53.647524458309825
2025-10-06 01:00:00+00:00,460.03866089349884,122407.84105446885,123088.90400000001,123769.96694553117,148.77704049587362,123851.35,123243.4551492289,123158.68052645506,2.445e-05,2.4106,80.43911501298135,-32.63766013798232,68.99844679353058,2109.9075229999994,8720178406.136135,62.54183640487321,60.80869817420395,73.09532904649744,342.79706,123184.03490794911,-26.904670953502556
2025-10-06 01:30:00+00:00,463.7569411731861,122368.54176605222,123150.5115,123932.48123394776,182.8626286970296,124035.32,123318.86901420237,123192.26620591729,2.445e-05,2.4106,132.23985262215137,0.3619286089439697,68.41574713804083,2616.037442999999,8720178406.136135,65.1300774486017,67.43454793687171,82.8558392224275,377.79581,123252.88580032799,-17.144160777572502
2025-10-06 02:00:00+00:00,452.0546224692259,122360.33546564504,123196.4675,124032.59953435496,141.5166012546193,123871.43,123371.49128170738,123217.78253908665,2.445e-05,2.4106,158.25432219533832,31.974379286762815,67.39021292144702,2738.738622999999,8720178406.136135,61.08284245104868,76.70394657725137,74.16067146282917,252.6726,123296.46645186047,-25.83932853717082
2025-10-06 02:30:00+00:00,474.68714114462495,122312.35582047544,123238.72099999999,124165.08617952454,123.75220773351464,124110.61,123441.88075189223,123251.5913066546,2.445e-05,2.4106,195.91863225129782,64.79983234139709,74.10854983194406,3298.205012999998,8720178406.136135,64.54720296278441,81.28895113997277,86.8503427346616,443.39629,123392.53195205702,-13.149657265338403
2025-10-06 03:00:00+00:00,458.3506098387517,122303.72741781824,123274.705,124245.68258218176,111.48589976719319,123910.59,123486.51361809912,123274.79636951978,2.445e-05,2.4106,207.27775161445606,93.37560905661338,74.2570214539945,3288.028522999999,8720178406.136135,59.7597037768867,79.0143103232835,76.03191677235968,147.45425,123414.12952223333,-23.968083227640317
2025-10-06 03:30:00+00:00,443.14638776481337,122318.36089632407,123313.807,124309.25310367593,83.20665040808198,123839.09,123520.0888668315,123295.43406964878,2.445e-05,2.4106,208.09377884704736,116.36458173446795,70.02669440256848,3618.416652999999,8720178406.136135,58.10119026370313,78.36260088825635,72.20554315774775,156.07306,123435.90904485974,-27.79445684225225
2025-10-06 04:00:00+00:00,428.6302884262198,122333.91252165836,123359.999,124386.08547834163,80.9300676132022,123966.44,123562.59604796,123320.68993401145,2.445e-05,2.4106,216.51577247520618,136.42698471022823,74.10883857968531,3960.214163,8720178406.136135,60.2212061955537,75.75274312635197,79.02076944894847,132.55605,123457.49510119253,-20.97923055105153
2025-10-06 04:30:00+00:00,428.9822785876896,122372.58421373065,123389.04,124405.49578626934,48.36489118548581,123580.26,123564.2803446615,123331.739406205,2.445e-05,2.4106,189.79815349870478,147.07476375263582,70.89764901704903,3451.3530129999995,8720178406.136135,51.6837848117406,67.8129441368941,52.21251980398606,242.11406,123503.59064857502,-47.78748019601394
2025-10-06 05:00:00+00:00,422.80469425826897,122438.6248663466,123427.06000000001,124415.49513365343,15.408336612833573,123603.55,123568.02832150813,123345.85697234355,2.445e-05,2.4106,168.49536022852408,151.2537538913582,63.67540434466107,3619.3367129999997,8720178406.136135,52.12234526763242,57.9921126537587,42.74304870834156,344.7512,123528.9026377943,-57.25695129165844
2025-10-06 05:30:00+00:00,413.53159764396986,122564.28122974008,123476.77049999998,124389.25977025989,23.800472162865766,123586.0,123569.74776481547,123358.66583876802,2.445e-05,2.4106,148.47382935503265,150.59467151555356,64.68006529126158,3250.602142999999,8720178406.136135,51.73692396255997,44.7816000099966,39.38923151766218,214.04118,123563.83108301018,-60.61076848233782
2025-10-06 06:00:00+00:00,406.66852170795676,122671.72726582218,123532.8135,124393.89973417783,51.63319048650335,123861.88,123597.57389767523,123380.13337596522,2.445e-05,2.4106,153.13014183509222,151.0490646642832,64.35835037834568,3258.2124329999997,8720178406.136135,57.07640868586507,47.722775621788266,61.03604663936104,209.32042,123592.74901310106,-38.96395336063896
2025-10-06 06:30:00+00:00,403.3762300749717,122805.2971909437,123594.94249999998,124384.58780905625,82.75096802164556,123947.9,123630.9444979763,123405.07984750302,2.445e-05,2.4106,161.8661161148484,153.13097218976807,64.93455705493238,3410.7866430000004,8720178406.136135,58.61259759783887,56.070283361841824,67.78557192850225,318.51533,123645.46775618278,-32.21442807149774
2025-10-06 07:00:00+00:00,390.2443647892729,122978.335635904,123652.954,124327.57236409599,62.961107605553565,123841.14,123650.97094358188,123425.5594268355,2.445e-05,2.4106,158.32286953587027,154.066628448703,55.122856027622234,3053.686762999999,8720178406.136135,55.93194727566584,64.68000701850814,65.2184024876611,207.62428,123686.49018487406,-34.781597512338905
2025-10-06 07:30:00+00:00,402.5208214481404,123143.61773240611,123685.97799999997,124228.33826759383,-51.23915350275612,123390.47,123626.15463189445,123421.29137710635,2.445e-05,2.4106,117.9293149770383,146.92707902903123,55.647063421721796,3012.614492999999,8720178406.136135,46.3124513134534,50.61750330581222,18.84853550127329,541.70583,123680.29666079264,-81.15146449872671
2025-10-06 08:00:00+00:00,400.8657670359111,123238.28487912448,123717.44850000001,124196.61212087555,-23.417980958085575,123760.0,123638.90118860448,123434.30585129905,2.445e-05,2.4106,114.3640574348392,140.4226281946052,54.30259179163655,3347.144673,8720178406.136135,53.39244224770085,44.59531530354334,49.71900792169558,227.12222,123703.72217810931,-50.28099207830442
2025-10-06 08:30:00+00:00,389.3693467861229,123319.9676103497,123747.906,124175.8443896503,19.91295213317317,123846.55,123658.67412197318,123449.11484716299,2.445e-05,2.4106,117.19879611465149,135.81912642944008,53.71063146340916,3688.012432999999,8720178406.136135,54.89376247958156,42.42022368035634,58.69312761810013,329.65676,123715.74542185053,-41.30687238189987
2025-10-06 09:00:00+00:00,377.75990224943655,123357.34275105284,123770.03800000002,124182.73324894719,71.14115977652807,123907.92,123682.40962252243,123466.15639916799,2.445e-05,2.4106,122.97502601728775,133.27920978086243,60.856455384502645,4113.173032999999,8720178406.136135,55.976689713026396,57.82284710989475,65.05640578988853,293.91147,123738.43686001337,-34.94359421011147
2025-10-06 09:30:00+00:00,367.79115688251494,123395.70873871306,123793.6875,124191.66626128694,59.807228108500176,123955.3,123708.39705878032,123484.42163905906,2.445e-05,2.4106,129.88142690061068,132.62752475507415,48.50769460990598,4735.588953,8720178406.136135,56.838441714317064,66.66440678266837,76.24368694001643,497.4858,123761.22602936187,-23.75631305998357
2025-10-06 10:00:00+00:00,356.35169365512576,123401.61074271267,123815.47949999999,124229.3482572873,100.5043928432079,124096.5,123745.36367274646,123510.33705457281,2.445e-05,2.4106,145.01178598935076,135.04624399483993,49.771146529041545,4853.818853,8720178406.136135,59.38658545488854,77.83244002261861,92.19722733795086,244.3198,123771.99967764315,-7.802772662049133
2025-10-06 10:30:00+00:00,342.6697676818625,123488.19513123635,123847.01499999998,124205.83486876362,94.7482379035012,123978.0,123767.51278242913,123525.77053787332,2.445e-05,2.4106,145.86877472070046,137.29909648501402,49.028942151645715,4609.181772999999,8720178406.136135,56.379457177690405,82.41645670210666,78.80845582835263,215.65898,123815.5830380953,-21.191544171647358
2025-10-06 11:00:00+00:00,365.64050808375305,123448.53712540076,123872.74300000002,124296.94887459927,144.0756811912309,124365.91,123824.50711272308,123560.49568135187,2.445e-05,2.4106,175.72086575318826,144.9293860539506,52.24867940464266,4854.896352999999,8720178406.136135,62.99052637208362,89.32020031427702,96.95491777652752,402.40258,123848.0939688514,-3.0450822234724715
2025-10-06 11:30:00+00:00,371.5161744011576,123437.0141829545,123881.727,124326.4398170455,175.11648641814398,124215.0,123861.69039761939,123583.35002133317,2.445e-05,2.4106,185.17164748931827,153.0633349763672,60.79484168263656,4348.348803000001,8720178406.136135,59.231338669319605,83.48475431082308,74.69088932758906,557.6542,123878.42915337626,-25.309110672410938
2025-10-06 12:00:00+00:00,381.6872445113953,123412.05436440375,123907.26550000001,124402.47663559626,199.77727646153423,124382.2,123911.26614816411,123616.14870713507,2.445e-05,2.4106,203.71162630885374,163.1482693760134,70.35320050865232,4915.773323,8720178406.136135,61.94222940921024,83.23606280696596,78.0623813167813,665.79836,123932.57260671466,-21.937618683218705
2025-10-06 12:30:00+00:00,377.4852167141092,123364.48975543554,123929.567,124494.64424456445,183.21297900099836,124556.64,123972.72368884058,123650.16563447526,2.445e-05,2.4106,229.92954218284285,176.5916191903421,70.93832878408976,5394.278163000001,8720178406.136135,64.59115830516453,81.05857068224852,90.42244140237516,311.31109,123958.48989092365,-9.577558597624845
2025-10-06 13:00:00+00:00,377.14445780367305,123284.2260243406,123976.4375,124668.6489756594,219.82704001493292,124848.0,124056.08192076825,123696.52782074781,2.445e-05,2.4106,271.0493838199036,195.50176740722506,72.22312471364023,6172.419332999999,8720178406.136135,68.52833173060559,87.95255730006744,95.37284918104584,438.56644,124012.80689806711,-4.627150818954162
2025-10-06 13:30:00+00:00,399.78564518987145,123209.17034618149,124036.0495,124862.9286538185,186.81818099414713,125031.33,124148.95774135557,123746.73623891489,2.445e-05,2.4106,314.840263601538,219.43442184729636,75.30533115407187,7076.787502999999,8720178406.136135,70.73516940890968,94.36625875573982,97.30348568379846,967.92462,124123.85666662041,-2.6965143162015415
2025-10-06 14:00:00+00:00,428.1861492473436,123181.51669164727,124080.27900000001,124979.04130835275,164.26177850828418,124851.03,124215.82600525259,123791.87225909039,2.445e-05,2.4106,331.0914627937891,241.7101885204769,81.0394422760984,6097.720712999999,8720178406.136135,65.84818306387666,89.7687862088738,76.63002376177708,894.61998,124213.49629458906,-23.36997623822291
2025-10-06 14:30:00+00:00,449.0885351016349,123239.39692031771,124127.76599999999,125016.13507968227,98.40448324081449,124530.0,124245.74441699756,123819.55720999291,2.445e-05,2.4106,314.5087732967513,256.30824556531655,82.28486958685593,5831.399793,8720178406.136135,58.14717544684644,77.56220528408306,58.75310640667361,437.29786,124250.80332142285,-41.24689359332639
2025-10-06 15:00:00+00:00,480.9500808990816,123242.94411553864,124206.2085,125169.47288446134,145.28470332522542,125172.4,124334.00991221773,123878.04262374362,2.445e-05,2.4106,349.0225349426328,274.6859539460663,82.92107510067456,6167.936393,8720178406.136135,66.57091941646979,74.01437457384813,86.65999355309366,464.92746,124323.98018372348,-13.340006446906349
2025-10-06 15:30:00+00:00,468.2789955309922,123298.65823203594,124276.90849999999,125255.15876796404,133.6822134333397,125000.0,124397.44042812583,123923.2881168449,2.445e-05,2.4106,358.4132179192093,291.3934943749172,83.07543321917079,5549.984592999999,8720178406.136135,62.9098702703022,73.66733918239285,75.58891758741126,387.24899,124376.2388620469,-24.411082412588737
2025-10-06 16:00:00+00:00,455.5999909502615,123335.41791077456,124327.7935,125320.16908922544,95.39687470567911,124879.58,124443.35555498443,123959.52571022708,2.445e-05,2.4106,352.13545638069627,303.58031241039265,77.70180462555315,5298.488632999999,8720178406.136135,60.41194817577605,76.87936233820484,68.3891758741096,383.75253,124414.24487073465,-31.610824125890407
2025-10-06 16:30:00+00:00,467.74612934706096,123313.45784370344,124403.1605,125492.86315629656,130.75524180184462,125455.24,124539.712730159,124012.66663308229,2.445e-05,2.4106,389.2320044865337,320.8782864647481,84.98308128947636,5954.861862999999,8720178406.136135,67.13664852451768,80.4871702962709,97.48341742729184,527.73333,124480.44047804273,-2.516582572708158
2025-10-06 17:00:00+00:00,469.3340658078979,123308.82175806303,124493.78150000001,125678.741241937,154.36744128003957,125653.56,124645.78258423305,124072.33575513284,2.445e-05,2.4106,429.681282033911,342.7811411583891,86.5011049943535,7639.960762999997,8720178406.136135,69.08738323644678,85.97413161147364,92.04980153301946,1011.55932,124608.40304233707,-7.950198466980534
2025-10-06 17:30:00+00:00,477.45526025560315,123470.55602140594,124588.45800000001,125706.35997859409,111.5866763623901,125284.0,124706.5675322104,124120.86102321802,2.445e-05,2.4106,426.87619034800446,359.5694778553519,84.00871785938654,6803.606903,8720178406.136135,61.74408853740328,87.94843469584238,74.31208512721581,439.83384,124704.75293969887,-25.68791487278419
2025-10-06 18:00:00+00:00,466.59590874665497,123579.97049837158,124660.89499999999,125741.8195016284,81.77793500158421,125208.74,124754.39020156258,124162.10675863769,2.445e-05,2.4106,413.8644556989166,370.4715238216476,79.1074376224715,6785.389822999996,8720178406.136135,60.338521643877705,77.061458027889,64.8224874234317,382.25326,124748.80231230374,-35.17751257656831
2025-10-06 18:30:00+00:00,504.587590000817,123605.69884505466,124769.12650000001,125932.55415494536,150.75347444168034,126011.18,124874.08484284002,124234.78124430997,2.445e-05,2.4106,462.9334334782616,388.95898692961924,80.37939347914946,7508.836105999999,8720178406.136135,68.56149835995329,76.60429552812407,90.6783140337247,1057.619993,124884.16179166223,-9.321685966275293
2025-10-06 19:00:00+00:00,518.8149979026158,123701.22467657675,124857.196,126013.16732342324,130.388186993653,125669.31,124949.82572666711,124293.26285864516,2.445e-05,2.4106,468.78053259666194,404.85564085547026,73.73727598374617,6675.479915999998,8720178406.136135,62.60534653315668,76.02961384916978,72.5880400903529,515.47641,124951.14932401312,-27.411959909647102
2025-10-06 19:30:00+00:00,518.7033540488362,123828.29141022271,124929.97150000001,126031.65158977732,85.28876734206234,125410.81,124993.72495153741,124335.34421129987,2.445e-05,2.4106,447.48507960238203,413.4345449663169,69.1696118838461,6470.675806,8720178406.136135,58.47048406952225,73.62079205470855,57.596022040048005,403.94367,125019.03629573803,-42.403977959951995
2025-10-06 20:00:00+00:00,517.504163411159,123946.3852063134,124982.01950000001,126017.65379368662,42.986225698397845,125137.46,125007.41338175249,124366.53116376427,2.445e-05,2.4106,403.8664786530426,411.52909588114665,65.05107270106492,6283.618616,8720178406.136135,54.379619500488474,57.695274215486904,42.90176051605977,291.53986,125047.24145498044,-57.09823948394023
2025-10-06 20:30:00+00:00,497.3389888550815,124112.96527191764,125043.67050000001,125974.37572808238,32.68072455611505,125211.02,125026.7980749751,124396.87931932833,2.445e-05,2.4106,371.0187527488597,403.5112032929025,58.574292157321054,6679.680385999996,8720178406.136135,55.28769492577351,49.11795009631313,46.856067732831576,220.78049,125070.8785966893,-53.143932267168424
2025-10-06 21:00:00+00:00,515.9083378277828,124178.55081005824,125064.835,125951.11918994178,-38.902334812873114,124789.2,125004.17992555865,124416.6851862323,2.445e-05,2.4106,307.2439080344775,384.1233587787847,47.90652446239696,5840.404455999999,8720178406.136135,49.241821382833706,37.97948304439357,24.18062088428934,684.80844,125090.49719783061,-75.81937911571066
2025-10-06 21:30:00+00:00,512.6593115501538,124313.06323532328,125108.9775,125904.89176467671,-31.958543768772834,125097.85,125013.10631252578,124445.74095612712,2.445e-05,2.4106,278.43159256690706,362.9137681422781,52.53870211850538,5946.063686,8720178406.136135,53.26659863797148,35.261305631146975,34.74722827632,222.77458,125129.75480949739,-65.25277172368
2025-10-06 22:00:00+00:00,497.0807009849274,124425.85129005164,125148.64499999999,125871.43870994834,7.558030689021073,125175.55,125028.58113313062,124476.08506963693,2.445e-05,2.4106,258.8893133337551,342.0564649789406,50.73402825189429,6057.308075999999,8720178406.136135,54.24959545104801,32.758949814962996,39.349000284279626,207.85437,125176.62185084638,-60.650999715720374
2025-10-06 22:30:00+00:00,489.9756169802295,124500.15705276179,125172.76950000001,125845.38194723823,-39.84622484882999,125039.13,125029.57909073462,124495.27397272941,2.445e-05,2.4106,229.84969608989195,319.70300308962027,46.221334706046086,5862.999056,8720178406.136135,52.17449298813671,35.121924255346435,31.269544205439637,208.81621,125194.70630974052,-68.73045579456036
2025-10-06 23:00:00+00:00,484.1057482655702,124499.92072768266,125172.68900000001,125845.45727231736,-74.73875010272116,124846.39,125012.15020746425,124516.68415660651,2.445e-05,2.4106,188.86183163394162,293.30249340441736,47.63553405910576,5599.342166,8720178406.136135,49.29917365729675,30.157696073786592,19.85454373164048,188.40587,125207.32714063892,-80.14545626835952
2025-10-06 23:30:00+00:00,467.2312091197694,124446.87145321132,125154.04950000001,125861.2275467887,-113.15481461392002,124658.54,124978.4674780393,124519.84355566255,2.445e-05,2.4106,139.8236052683933,262.6797816904582,41.657296606602124,5418.109606000001,8720178406.136135,46.607781639417354,19.95108026153719,8.729152847531418,175.65723,125237.80267289563,-91.27084715246858
2025-10-07 00:00:00+00:00,450.2061108047813,124422.96827740288,125146.34800000003,125869.72772259718,-106.47178062679119,124697.0,124951.66282637189,124527.55717608293,2.445e-05,2.4106,102.81094033007685,230.6827185124687,32.86508774783755,5553.0990360000005,8720178406.136135,47.2426685725849,13.19687924444879,11.006941154174445,227.31112,125259.25292226253,-88.99305884582556
2025-10-07 00:30:00+00:00,441.3109232481767,124488.15868748534,125164.89450000001,125841.63031251468,-89.69468135280972,124900.93,124946.83328552658,124543.13053186607,2.445e-05,2.4106,88.90193013586395,202.2982508700438,38.10153021992178,5669.164266000001,8720178406.136135,50.59882098183952,14.273587289554314,23.08466786695705,171.9756,125282.73450578621,-76.91533213304295
2025-10-07 01:00:00+00:00,455.4997351801793,124437.32934744407,125141.97350000001,125846.61765255594,-96.82748509142164,124713.98,124924.65380117495,124548.54342164264,2.445e-05,2.4106,62.1276958968665,174.30326590738773,38.43357825396484,5301.626646000001,8720178406.136135,47.60901849307477,16.50799863839548,15.432386894054916,340.6393,125274.55702600021,-84.56761310594509
2025-10-07 01:30:00+00:00,439.8470969546045,124398.50755150961,125126.973,125855.43844849039,-100.15686193431229,124699.99,124903.26445832339,124557.59540212032,2.445e-05,2.4106,39.22616102648317,147.19321639336258,20.77360522074416,5134.364916,8720178406.136135,47.38142285063959,17.904903128521088,15.197654624551271,129.59539,125274.1389832758,-84.80234537544872
2025-10-07 02:00:00+00:00,447.0962466302135,124348.32829187701,125110.9995,125873.670708123,-132.7955782927433,124560.11,124870.58361129917,124557.92283359762,2.445e-05,2.4106,9.735376943019219,119.69469264543054,21.572119602919983,4666.2269860000015,8720178406.136135,45.08013217199728,18.50599466869891,24.887942487490513,372.34527,125253.10551322703,-75.11205751250948
2025-10-07 02:30:00+00:00,440.77418562685756,124221.44170591049,125051.23250000001,125881.02329408954,-133.69850857483488,124259.9,124812.41323399259,124541.90356496819,2.445e-05,2.4106,-37.32096013803675,88.4232528914168,23.09607275638018,4630.809586000001,8720178406.136135,40.532565765013395,15.802983555597299,7.323353554750076,152.58294,125233.44583653049,-92.67664644524993
2025-10-07 03:00:00+00:00,440.1733314554328,124107.16605723825,124976.15799999998,125845.14994276171,-139.51998330411797,124152.07,124749.52708093796,124528.2043458801,2.445e-05,2.4106,-82.49069914252323,54.19217781737942,23.556226859839157,4304.645096,8720178406.136135,39.00847359225893,11.170982572632129,1.3016516756557721,223.22078,125145.34657141357,-98.69834832434422
2025-10-07 03:30:00+00:00,425.0987778359612,124028.07908446302,124928.44499999999,125828.81091553696,-131.94060065607013,124329.74,124709.55264264675,124522.70276899515,2.445e-05,2.4106,-102.78935577451193,22.726521036006588,24.00725362016901,4260.779506000001,8720178406.136135,42.81915424061876,9.236671347618714,19.085008812450262,155.93939,125107.54211274582,-80.91499118754973
2025-10-07 04:00:00+00:00,417.2764041588656,123972.86869044715,124889.2085,125805.54830955283,-108.04501369132407,124424.01,124682.37750272674,124527.2076909639,2.445e-05,2.4106,-110.15558269062603,-4.104496937706816,35.00677719281664,4369.233186000001,8720178406.136135,44.78520966213288,15.78202436761863,26.959412614749823,217.38298,125073.54708802285,-73.04058738525018
2025-10-07 04:30:00+00:00,405.73057367412906,124042.04426506463,124813.64950000001,125585.2547349354,-64.76234870159097,124500.0,124665.0561831289,124546.85111270276,2.445e-05,2.4106,-108.9356393172784,-25.700297379309436,34.95099009298046,4229.581475999999,8720178406.136135,46.3756409036868,26.450434496911242,33.30688206353365,220.96044,124905.64750188917,-66.69311793646635
2025-10-07 05:00:00+00:00,399.9791220855574,124077.20817815077,124753.83899999999,125430.46982184921,-78.7934179736605,124473.1,124646.76665298168,124540.50955491507,2.445e-05,2.4106,-108.38239603838883,-42.13186062855952,28.159023096090564,3000.3030659999977,8720178406.136135,45.869428192906106,31.55925423326383,34.41146802150797,189.65072,124801.08803028347,-65.58853197849203
2025-10-07 05:30:00+00:00,395.72595606909897,124083.8060784233,124704.00700000001,125324.20792157673,-66.05023591711114,124414.17,124624.61218336994,124534.5156121483,2.445e-05,2.4106,-111.45975365476625,-55.965841140194286,35.73814519040836,3071.6368459999962,8720178406.136135,44.71356436535957,33.01627549510206,31.33047640026452,234.55625,124727.62260415303,-68.66952359973548
2025-10-07 06:00:00+00:00,408.33254138103774,123960.85377582289,124641.7115,125322.56922417712,-143.7255945901053,123891.55,124554.80663669076,124513.57550860272,2.445e-05,2.4106,-154.4144040671963,-75.78548551425905,33.72367798053696,2240.828645999998,8720178406.136135,36.03219037528115,22.013065712273487,0.2972527150479287,369.51441,124648.85325766231,-99.70274728495207
2025-10-07 06:30:00+00:00,395.71541779034067,123872.7959226261,124575.70250000001,125278.60907737393,-165.47494479886655,123890.84,124491.61870928247,124509.44348995254,2.445e-05,2.4106,-186.7642256260151,-98.59799517535168,30.687011114024244,1517.5255259999985,8720178406.136135,36.004113144837795,12.904013510594845,7.084311416472055,493.06402,124554.54230734552,-92.91568858352794
2025-10-07 07:00:00+00:00,397.1716670733143,123766.20117173283,124528.74250000001,125291.28382826719,-159.67034688460967,123850.0,124430.52109744732,124487.43948027436,2.445e-05,2.4106,-212.92052708940173,-121.57973529734599,23.563085693700714,-2239.101437,8720178406.136135,35.378122626601225,7.7012057574809525,15.722053140922839,319.79429,124464.03960899617,-84.27794685907716
2025-10-07 07:30:00+00:00,388.96657651617767,123654.48765171657,124457.2495,125260.01134828344,-169.3801217053369,123667.99,124357.88833052962,124450.6593933289,2.445e-05,2.4106,-245.31699219149596,-146.18598971269978,17.600493824016397,-2553.870997,8720178406.136135,32.66993967269515,9.811403628986143,6.627846329563504,410.30279,124379.85825899117,-93.37215367043649
2025-10-07 08:00:00+00:00,390.23868849266756,123573.80232129642,124380.541,125187.27967870358,-173.18907696667168,123641.38,124289.64384006658,124416.50424566254,2.445e-05,2.4106,-270.0621071236528,-170.88768747857534,16.31167405426035,-2913.719857,8720178406.136135,32.2817389387226,14.677832172778947,21.683597047850462,648.09205,124253.18096373185,-78.31640295214953
2025-10-07 08:30:00+00:00,402.79903209735795,123544.4680465719,124321.67199999999,125098.87595342808,-115.85673666006748,123861.75,124248.89243438393,124394.91696666341,2.445e-05,2.4106,-268.84529018678586,-190.48430862618358,26.45157469935154,-2874.964526999999,8720178406.136135,38.78872207562679,22.480257709446704,39.12932975092612,524.84079,124181.6542006213,-60.87067024907388
2025-10-07 09:00:00+00:00,397.69133080952497,123541.44528681978,124284.80549999999,125028.16571318019,-49.1453484554072,124109.06,124235.56570454076,124379.66763094708,2.445e-05,2.4106,-244.9996912169736,-201.264596342676,32.93775765938446,-1907.2112669999992,8720178406.136135,45.16040508009273,39.951002435082124,59.04008050646976,254.75074,124153.55486231622,-40.95991949353024
2025-10-07 09:30:00+00:00,380.86938625444776,123531.5837753944,124257.75249999999,124983.92122460557,-23.667196002636675,124117.48,124224.31713649111,124368.38817207424,2.445e-05,2.4106,-222.91145634450368,-205.56364272764299,36.63613439099665,-1514.3812670000007,8720178406.136135,45.3695391785254,52.613942342858536,59.672416771179705,168.95121,124136.33337248981,-40.327583228820295
2025-10-07 10:00:00+00:00,381.8054292883252,123538.95338581066,124236.86499999999,124934.77661418932,1.411903347090133,124279.25,124229.54991154536,124365.35617699234,2.445e-05,2.4106,-190.19212177357986,-202.50343203509726,41.884132459576236,-1649.9838770000008,8720178406.136135,49.35212588603344,63.511243619687,71.82123358141148,238.36609,124117.6308959625,-28.178766418588523
2025-10-07 10:30:00+00:00,364.8470667460351,123577.066619707,124205.928,124834.789380293,22.289513452211416,124282.19,124234.55738750068,124359.5620872196,2.445e-05,2.4106,-162.0853607829631,-194.3428275058282,45.29304984445161,-1288.2881870000008,8720178406.136135,49.42638053037787,67.84522531047315,72.04202557882823,147.28699,124101.6186787934,-27.957974421171766
2025-10-07 11:00:00+00:00,354.21192953805723,123598.50775677679,124189.6625,124780.81724322322,37.58343191167128,124388.67,124249.21104751622,124350.45698484931,2.445e-05,2.4106,-129.5292208448809,-181.06862168363483,45.00094798917186,-279.2604670000003,8720178406.136135,52.09829496124448,74.63395340337604,80.03860104988837,193.87582,124070.37122173006,-19.961398950111636
2025-10-07 11:30:00+00:00,345.74567718726775,123619.94674900718,124177.33199999998,124734.71725099278,69.34377000120956,124453.38,124268.61526413608,124337.03006275393,2.445e-05,2.4106,-97.17369219732063,-163.75877712057715,45.58758042320868,2823.0925429999998,8720178406.136135,53.71084922275441,79.28737362312677,85.78149424066365,268.57046,124072.51764190533,-14.21850575933635
2025-10-07 12:00:00+00:00,332.4519716717579,123628.25783489,124171.22649999999,124714.19516510998,79.08122756369245,124438.0,124284.74680930997,124340.84527070931,2.445e-05,2.4106,-72.29355775222939,-145.4613437317146,50.05778746097185,2152.429343,8720178406.136135,53.25669179762949,83.47818199697679,84.61445070037828,207.78981,124059.72187000969,-15.38554929962171
2025-10-07 12:30:00+00:00,364.8265561319923,123571.32558450775,124204.13100000001,124836.93641549227,163.0159271884527,124917.99,124345.05632496388,124363.75488060637,2.445e-05,2.4106,-13.696456036370364,-119.1167709647657,53.26905251578436,2082.1568729999995,8720178406.136135,63.60331019605186,86.28656726807412,88.46375686318041,539.74282,124117.45373730327,-11.536243136819593
2025-10-07 13:00:00+00:00,368.540826305347,123552.88449342035,124236.73449999999,124920.58450657963,151.0874894330527,124804.14,124388.79218472437,124386.89909924485,2.445e-05,2.4106,23.152018310473068,-90.8415824377125,61.30924992549607,1292.162383,8720178406.136135,60.1957163172983,85.07594625142862,82.1496311907271,406.11957,124157.77992193509,-17.850368809272894
2025-10-07 13:30:00+00:00,450.4863699888064,123516.39439986045,124214.8315,124913.26860013955,-50.094052102142676,123891.68,124341.45234814513,124369.28397406681,2.445e-05,2.4106,-20.95502479605784,-76.91914786925103,52.25655660943424,-480.80102700000043,8720178406.136135,41.17374465716938,67.81926137886859,32.8443960826982,1328.77143,124126.38640792633,-67.15560391730179
2025-10-07 14:00:00+00:00,507.5930137474616,123239.26588226091,124138.013,125036.7601177391,-193.15759959758142,122887.64,124202.9805208203,124305.34775839755,2.445e-05,2.4106,-135.19125776125293,-88.39626765133995,44.48341182371226,-1282.5145770000006,8720178406.136135,29.958183568824282,40.26231885545154,5.792929292929268,1317.1141,123979.54675181766,-94.20707070707073
2025-10-07 14:30:00+00:00,504.71713346950384,122977.2904718723,124049.281,125121.2715281277,-228.42600561459045,122725.36,124062.2528366971,124242.55835613204,2.445e-05,2.4106,-236.19560853955045,-117.93093220571987,42.289905836723236,-2074.8490070000003,8720178406.136135,28.602036718887803,14.929668792136455,6.151681000781884,761.8036,123864.77814919253,-93.84831899921812
2025-10-07 15:00:00+00:00,552.2033567819468,122576.25301129959,123929.624,125282.9949887004,-249.63505187566602,122079.96,123873.47130698961,124161.31882958596,2.445e-05,2.4106,-364.2254582878668,-167.29830817059496,38.295542639076885,-3651.595837,8720178406.136135,23.954119498233226,7.713357972230238,11.195463622979519,1395.65957,123629.08878000552,-88.80453637702048
2025-10-07 15:30:00+00:00,580.7077749060338,122192.8034067341,123801.21599999999,125409.62859326586,-243.07989735738033,121846.01,123680.3745655594,124068.28222216142,2.445e-05,2.4106,-478.9198492680007,-229.55451741911867,28.38073043920194,-4957.747896999999,8720178406.136135,22.526276094359616,11.458250245472309,17.027606112655484,1403.01365,123376.45179506365,-82.97239388734451
2025-10-07 16:00:00+00:00,614.9702018836686,121683.18685333517,123663.799,125644.41114666483,-219.90314048510683,121143.21,123438.74168338864,123954.36725371452,2.445e-05,2.4106,-619.4505218149134,-307.55784726553793,23.137055153611243,-6340.751977,8720178406.136135,18.88308369902026,12.052100349898579,7.9332313140606905,1122.43951,123160.26706970585,-92.06676868593931
2025-10-07 16:30:00+00:00,638.444318600022,121397.6345179842,123553.4655,125709.29648201581,-150.17357842118776,121684.17,123271.63261803928,123862.31741374485,2.445e-05,2.4106,-679.2517321866326,-381.804743837116,28.750296091362202,-4905.520047000001,8720178406.136135,28.47185503539093,15.132993640841713,20.438143495808927,929.17068,123018.50066388732,-79.56185650419107
2025-10-07 17:00:00+00:00,635.6697780860352,121062.60842615867,123425.74299999999,125788.87757384131,-135.38597191631206,121295.55,123083.42846183904,123759.15058907199,2.445e-05,2.4106,-749.3659506933327,-455.240706020261,25.120511539677565,-5665.134387000001,8720178406.136135,26.086786063589244,13.275373441393617,11.454745514311192,772.7392,122905.31967356997,-88.5452544856888
2025-10-07 17:30:00+00:00,625.237117767517,120737.14112263189,123298.8445,125860.54787736812,-123.84453737021882,121130.02,122897.38594224474,123654.48508725171,2.445e-05,2.4106,-808.9770538839948,-525.9404822147274,23.068074283215225,-5841.031047000001,8720178406.136135,25.12157184928003,13.17373943784604,7.628329303417961,468.39329,122822.20486986078,-92.37167069658204
2025-10-07 18:00:00+00:00,632.8221863916086,120369.01639099521,123154.151,125939.28560900479,-125.37922662797075,120747.51,122692.64192768597,123543.1091375761,2.445e-05,2.4106,-877.0698195076548,-596.2460880774036,20.339158385288428,-6810.921267000001,8720178406.136135,23.00130754635815,7.624979563733422,3.791863873471071,732.06505,122677.62622812686,-96.20813612652893
2025-10-07 18:30:00+00:00,615.0693169554385,120075.08811158803,123005.83200000001,125936.57588841199,-110.74921784985571,120895.37,122521.48593201027,123444.78531743106,2.445e-05,2.4106,-908.7073736093735,-658.9058150799606,17.860911890157936,-6712.383627,8720178406.136135,25.60980090560382,6.153656830102006,7.040777313416944,367.5399,122581.56026816068,-92.95922268658306
2025-10-07 19:00:00+00:00,623.1700724415402,119885.98422934806,122863.879,125841.77377065194,-80.62601706980973,121270.0,122402.29375559482,123358.18702675174,2.445e-05,2.4106,-893.1110198227689,-705.7069547471693,20.395338472352066,-6352.578887,8720178406.136135,31.912034240207277,8.70170905239648,15.27248597030138,591.03114,122494.13351781848,-84.72751402969863
2025-10-07 19:30:00+00:00,633.2251368157758,119774.56456248785,122739.8635,125705.16243751216,-55.43881996080509,121637.17,122329.41937373852,123288.34183414471,2.445e-05,2.4106,-841.3940754978976,-732.7728100172819,21.614517990813667,-5599.932817,8720178406.136135,37.50110787007041,15.356771310695715,23.757050648368804,743.51723,122428.62895017525,-76.2429493516312
2025-10-07 20:00:00+00:00,627.9529821538063,119748.73104600348,122635.72450000001,125522.71795399654,-33.07143454158859,122196.47,122316.75694000359,123245.2691843385,2.445e-05,2.4106,-746.7116299890331,-735.5528482510147,21.02853721403703,-5142.083616999999,8720178406.136135,44.917701769686744,25.79027682679782,38.34129386172326,323.82091,122388.20518153309,-61.65870613827674
2025-10-07 20:30:00+00:00,603.7260051761124,119719.92494083887,122518.79549999998,125317.66605916109,-28.55577646004249,121943.61,122281.21737808242,123193.46462832874,2.445e-05,2.4106,-684.1788416747149,-725.2549712382961,24.800928038859155,-4539.621317000001,8720178406.136135,42.46452122356963,34.01960411863694,39.960467845818734,169.80723,122363.72941800785,-60.039532154181266
2025-10-07 21:00:00+00:00,598.2460360496199,119746.58622316403,122411.77249999999,125076.95877683595,-19.52562505402196,122248.21,122278.06745183285,123153.64699186712,2.445e-05,2.4106,-603.0400227328937,-700.7284203519215,29.774727517476677,-4379.074337000001,8720178406.136135,46.27257703689825,48.767356855085495,68.00030885771449,220.81447,122332.6500556651,-31.999691142285513
2025-10-07 21:30:00+00:00,588.429130698455,119791.60315473902,122289.90349999999,124788.20384526096,-19.663365567410196,122016.0,122253.09840781262,123104.61246629126,2.445e-05,2.4106,-551.0712138255767,-670.6625882376618,31.64514270673989,-4355.701676999999,8720178406.136135,43.88980171870142,56.9592072163339,62.91684494546846,177.0967,122288.69993998438,-37.08315505453154
2025-10-07 22:00:00+00:00,573.2561749585644,119865.37865193262,122163.84,124462.30134806737,-17.693275196425866,121916.73,122221.06940019922,123060.65349643545,2.445e-05,2.4106,-512.146192552842,-639.0390956237064,36.12849986092622,-4787.700077,8720178406.136135,42.87153778435797,69.67785554636704,78.11641283591815,233.59811,122251.29487838628,-21.88358716408184
2025-10-07 22:30:00+00:00,548.3118014390936,120098.59751171578,122018.499,123938.40048828421,-8.808766123276987,122011.17,122201.07752690247,123018.86938952026,2.445e-05,2.4106,-468.2111128934921,-604.8544119043718,42.48021245387682,-4296.576057,8720178406.136135,44.19665360111447,74.88259478403668,83.6145265707234,170.71308,122146.97890897277,-16.385473429276598
2025-10-07 23:00:00+00:00,540.2288886513458,120425.87536258186,121861.40149999999,123296.92763741812,-17.601884555245665,121662.19,122149.75391095776,122965.23695328386,2.445e-05,2.4106,-456.29460312031733,-575.1293992259958,48.945315539409485,-4351.265517000002,8720178406.136135,40.46251400862064,75.00950895005678,63.29758744352874,192.6644,122060.31227021514,-36.70241255647126
2025-10-07 23:30:00+00:00,530.5270815739702,120625.89543598118,121733.465,122841.03456401882,-53.70737989430895,121332.95,122071.96506155607,122902.08891893599,2.445e-05,2.4106,-468.05187673622277,-553.7401355813968,36.98881442004434,-4916.604746999999,8720178406.136135,37.263163000867664,63.68066228866852,44.129872851753404,384.99856,121834.50499654892,-55.870127148246596
2025-10-08 00:00:00+00:00,526.1837781521796,120695.00796662443,121668.473,122641.93803337557,-20.423041703807904,121587.8,122025.87042164871,122857.59392722181,2.445e-05,2.4106,-451.750700602468,-533.5564312641744,45.938147480973385,-4714.377736999999,8720178406.136135,41.13864239611629,55.46473537950428,58.966745843230676,261.75006,121669.64587020525,-41.033254156769324
2025-10-08 00:30:00+00:00,546.7104150045533,120773.67528325382,121627.9095,122482.14371674617,26.15243696635006,121914.09,122015.22901808335,122822.47234680121,2.445e-05,2.4106,-407.70442752145755,-508.4431369856529,54.528279460215714,-4562.418857000001,8720178406.136135,45.76180212482996,60.35311194945126,77.96271715336964,389.98885,121596.54124136029,-22.03728284663036
2025-10-08 01:00:00+00:00,539.8464956555055,120780.90569443733,121615.58399999999,122450.26230556265,47.60977939939956,121833.45,121997.92601327895,122787.69510869437,2.445e-05,2.4106,-375.0397269770765,-481.8842921002505,66.54682713829537,-4985.606517000001,8720178406.136135,44.82264954188753,69.93389885843754,72.87223357871233,332.19827,121518.11288929675,-27.127766421287678
2025-10-08 01:30:00+00:00,516.2879087472921,120779.16137947643,121620.78399999999,122462.40662052354,56.55312293428473,121950.01,121993.36327715548,122755.14423580468,2.445e-05,2.4106,-335.80154926019895,-452.67684870199895,73.52434357554387,-5048.546267000001,8720178406.136135,46.52728652419327,75.63744810646348,76.07739358730845,187.36551,121494.60384817942,-23.922606412691543
2025-10-08 02:00:00+00:00,508.30212908720654,120826.91276006543,121672.924,122518.93523993457,90.31867165747968,122186.01,122011.71784913355,122735.96206480992,2.445e-05,2.4106,-282.4753762815817,-418.7319098862039,71.37376614780186,-5036.666246999999,8720178406.136135,49.900846698758414,79.54818801539332,89.69493688015918,258.94544,121545.97459097518,-10.305063119840822
2025-10-08 02:30:00+00:00,495.2031547370946,120829.40890257961,121691.12950000001,122552.8500974204,72.30385980775948,122048.28,122015.187193695,122703.48259116977,2.445e-05,2.4106,-248.26812367634557,-384.4716078964019,59.94183116936202,-4878.471847,8720178406.136135,47.999359127018614,80.71803466977728,76.3817735418642,275.16722,121552.81232774234,-23.61822645813579
2025-10-08 03:00:00+00:00,506.42520642490024,120849.11084002495,121699.014,122548.91715997504,-13.582854469742378,121453.24,121961.6889460952,122663.31887396207,2.445e-05,2.4106,-266.4296248732426,-361.1327093470429,50.0459741331304,-5842.722896999998,8720178406.136135,40.75797451368959,61.64704441909788,18.864422835270236,384.76539,121569.17584988727,-81.13557716472977
2025-10-08 03:30:00+00:00,492.312762408813,120887.83380868351,121711.2505,122534.66719131648,-74.5156419886366,121374.75,121905.7974928178,122616.02242442594,2.445e-05,2.4106,-283.7817188759509,-345.760871680627,43.63141213482431,-6502.107476999999,8720178406.136135,39.90150198440486,37.0799543255614,15.993666599549774,316.58752,121580.0315382704,-84.00633340045023
2025-10-08 04:00:00+00:00,495.1125342941759,121041.38068754591,121747.44350000001,122453.5063124541,-84.73838543994142,121471.37,121864.41676986654,122568.25159779796,2.445e-05,2.4106,-286.3006137377524,-333.78119553095087,45.59839839026165,-6015.067926999998,8720178406.136135,41.52820094448179,23.046492389964794,34.28138773507436,359.49016,121649.85212019304,-65.71861226492564
2025-10-08 04:30:00+00:00,491.101290448037,121207.86085298464,121797.675,122387.48914701537,-3.2545579714064625,121900.0,121867.81539186151,122546.25234907688,2.445e-05,2.4106,-250.97774449533608,-317.3483840383739,52.25643645701551,-5914.768886999998,8720178406.136135,48.21755416121503,40.647354928556354,71.6670104510449,352.97164,121703.85207257203,-28.332989548955098
2025-10-08 05:00:00+00:00,500.7985885227298,121233.3734696769,121803.68499999998,122373.99653032307,-86.11234849712466,121390.2,121822.32006392191,122497.39901237433,2.445e-05,2.4106,-260.9414327496779,-305.9600521446937,50.35303974668901,-6452.9744869999995,8720178406.136135,42.05450459164261,44.6000298684203,27.851691419141616,389.71781,121736.95036248042,-72.14830858085838
2025-10-08 05:30:00+00:00,490.05098381247626,121193.91876854199,121790.527,122387.13523145801,-125.97014925372785,121374.01,121779.62095482413,122452.08699976401,2.445e-05,2.4106,-267.1066983597557,-298.1511535756145,48.67041463317504,-6607.417516999999,8720178406.136135,41.871910516983206,41.992975339200264,26.460224147414248,319.1349,121728.0033783182,-73.53977585258575
2025-10-08 06:00:00+00:00,485.8429599643249,121163.42687819773,121751.27449999998,122339.12212180224,-117.55687095043601,121411.42,121744.55938479076,122413.51636016002,2.445e-05,2.4106,-265.98787110667035,-291.7865853596721,48.03166237604078,-6511.398517,8720178406.136135,42.49361245120033,27.995794371103454,29.675467546754472,252.09206,121693.8156632921,-70.32453245324552
2025-10-08 06:30:00+00:00,483.28760108939343,121161.81867758655,121743.3085,122324.79832241345,-14.072864781202961,121784.29,121748.32752196478,122382.04868528605,2.445e-05,2.4106,-232.12759576486133,-279.64831448320285,55.80688280942231,-5859.621326999999,8720178406.136135,48.429702402727536,39.28595984598414,61.722187843783665,300.10512,121683.20601235765,-38.277812156216335
2025-10-08 07:00:00+00:00,475.81199051575834,121170.52289994054,121708.5845,122246.64610005946,-18.12098825078037,121553.73,121729.79537334685,122349.97522395766,2.445e-05,2.4106,-221.49314075449365,-268.0297318457363,48.43278349307133,-6490.128726999998,8720178406.136135,45.315992401483136,44.43470388705492,41.90645627062661,388.39334,121664.75854609908,-58.09354372937339
2025-10-08 07:30:00+00:00,462.19221414292434,121166.7326496536,121687.6375,122208.5423503464,-56.35198305465591,121597.06,121717.15319432392,122320.14046745736,2.445e-05,2.4106,-207.16495982529887,-255.84739425139944,40.50649094767264,-6097.843156999998,8720178406.136135,46.0185193403458,49.753048221488335,45.6305005500547,308.95441,121646.15949869696,-54.3694994499453
2025-10-08 08:00:00+00:00,463.18370057461226,121166.74477875922,121687.62150000001,122208.49822124079,52.0873549263625,121916.41,121736.14127085928,122309.1600757589,2.445e-05,2.4106,-168.2254697798635,-238.4705098996782,43.68261165283153,-5730.4132869999985,8720178406.136135,51.010297779527654,53.53811422808926,73.07738586358646,581.47105,121649.80616339068,-26.922614136413547
2025-10-08 08:30:00+00:00,496.7875405463659,121118.45452350055,121706.15550000002,122293.8564764995,217.05614412511463,122381.85,121797.64084430343,122313.52358022603,2.445e-05,2.4106,-98.60906320335926,-210.54421155890887,51.00346664050185,-5058.851716999999,8720178406.136135,57.22175284943296,64.1547450020066,73.75634859237866,880.88199,121733.0595742645,-26.24365140762134
2025-10-08 09:00:00+00:00,480.0274067930057,121061.30756100027,121749.63900000001,122437.97043899975,207.18073161580242,122531.86,121867.56212933864,122320.20809857782,2.445e-05,2.4106,-30.90036882602726,-174.55836327505972,51.04128591725795,-4699.979286999999,8720178406.136135,59.026237854181886,76.33312508579112,82.16564080140822,262.1392,121761.0745140188,-17.83435919859178
2025-10-08 09:30:00+00:00,460.1866480941082,121072.07907523715,121808.8405,122545.60192476286,169.17172295974575,122516.98,121929.39309242961,122319.99826269102,2.445e-05,2.4106,21.464541853798437,-135.112829409207,51.64192081400623,-4036.2095269999973,8720178406.136135,58.76643159711856,79.08449467260142,81.33149462401735,212.01762,121802.08364411429,-18.668505375982644
2025-10-08 10:00:00+00:00,449.45609875368,121053.39608877762,121859.85049999999,122666.30491122235,166.9630442729412,122608.0,121994.03737442981,122337.79173971407,2.445e-05,2.4106,69.19140741042793,-94.44955300183983,57.45450154213279,-4373.009946999998,8720178406.136135,59.94654320770706,83.31034946688636,86.43391297523348,204.90541,121835.27256351839,-13.566087024766514
2025-10-08 10:30:00+00:00,454.65041749201515,120977.93268786602,121910.876,122843.81931213399,171.88765524125546,122934.6,122083.61829293284,122362.71822605481,2.445e-05,2.4106,131.94447652439703,-49.21702146211514,64.55605225567102,-4150.739096999999,8720178406.136135,63.94340221382483,86.54436259129814,91.86768017464358,449.39307,121905.7842564104,-8.132319825356422
2025-10-08 11:00:00+00:00,449.3108176989496,120920.74940963634,121970.23800000001,123019.72659036369,159.24344422632467,123020.69,122172.8657173063,122389.60041588178,2.445e-05,2.4106,186.47891728766263,-2.110645471970976,65.60597828457136,-3966.4552369999988,8720178406.136135,64.93637912409407,89.96246387774892,91.5857984833697,513.94062,121988.30367746462,-8.414201516630294
2025-10-08 11:30:00+00:00,442.71963677995575,120894.59791740685,122016.94449999998,123139.29108259312,122.27866706588115,122884.14,122240.60805519376,122409.82744419597,2.445e-05,2.4106,216.18925173096068,41.524002028242855,59.61255675401912,-4564.358186999997,8720178406.136135,62.01737624574117,89.54386921555867,85.17812898866273,303.99148,122029.17746081884,-14.82187101133726
2025-10-08 12:00:00+00:00,442.6056267801229,120879.22599809324,122045.482,123211.73800190676,98.763026655147,122756.76,122289.77113501557,122425.91606714806,2.445e-05,2.4106,226.79896215733606,78.5035008083747,60.6019579872791,-5360.258106999998,8720178406.136135,59.33687747193471,85.32156443176405,79.2007658232597,298.41412,122059.96687727814,-20.799234176740303
2025-10-08 12:30:00+00:00,426.3456385211207,120880.72695315984,122074.644,123268.56104684016,67.4523369289213,122631.52,122322.3138189,122431.89478924322,2.445e-05,2.4106,222.6363123042247,107.39341969122141,62.38068106574707,-5339.106726999997,8720178406.136135,56.74263011928335,79.23423930725521,73.32382310984319,165.84678,122074.40662545753,-26.676176890156807
2025-10-08 13:00:00+00:00,422.94419306016255,120955.0825195968,122126.84,123298.59748040319,51.6599193405392,122497.16,122338.98163755989,122441.27676784003,2.445e-05,2.4106,205.91417282442853,126.89017240763559,63.02525385695615,-5752.045086999997,8720178406.136135,54.008889741419836,71.76655617029246,62.775079577774484,197.27938,122111.97927831294,-37.224920422225516
2025-10-08 13:30:00+00:00,467.37256248456254,121052.4958589691,122188.0545,123323.6131410309,19.245598145596134,122599.04,122363.74295337009,122444.80935715565,2.445e-05,2.4106,198.79501751449425,141.35182617195852,53.04515201962442,-4349.520116999998,8720178406.136135,55.749423883603846,68.08997049495581,68.17100879724973,689.61915,122162.75304396427,-31.828991202750267
2025-10-08 14:00:00+00:00,500.45995118867444,121145.53902890242,122244.02249999999,123342.50597109756,71.27364369916796,122590.73,122385.36757818304,122453.47244782328,2.445e-05,2.4106,190.1648431795329,151.02503530523813,63.80244709821252,-5845.658226999997,8720178406.136135,55.563111903587874,64.56403025320317,62.7460023845853,938.48391,122271.06597905369,-37.2539976154147
2025-10-08 14:30:00+00:00,517.8523691700109,121177.64668811408,122265.0225,123352.39831188593,22.44646167498875,122320.0,122379.14920031428,122451.30628377314,2.445e-05,2.4106,159.6256207726692,152.65188723038344,61.573089315663545,-7035.7172669999945,8720178406.136135,49.7798745173962,58.16975143126364,43.59224311195587,524.26068,122303.23901023931,-56.40775688804413
2025-10-08 15:00:00+00:00,510.85135995564514,121305.57385720074,122317.91300000002,123330.25214279929,17.40604364582297,122448.01,122385.7192401862,122456.3014555354,2.445e-05,2.4106,144.0309038933774,150.77191356543108,55.022750505680946,-7078.404826999996,8720178406.136135,52.30352660238625,51.09666525177198,46.95175025877473,268.62353,122345.1105489734,-53.04824974122527
2025-10-08 15:30:00+00:00,509.79204880519177,121440.39962361465,122358.69849999998,123276.99737638532,-25.243860736996716,122189.72,122367.06011378227,122449.07168766092,2.445e-05,2.4106,109.59371297605685,142.43825519879022,44.592937459286745,-7807.812017000002,8720178406.136135,47.145887647010134,40.76835787932493,31.76108026724416,290.84075,122379.0337599521,-68.23891973275583
2025-10-08 16:00:00+00:00,531.6823504985705,121604.68656042266,122421.753,123238.81943957733,31.65975372725759,122672.51,122396.14323466306,122454.66285918727,2.445e-05,2.4106,120.01841019098356,138.05068444220083,45.15908378831907,-6669.518066999995,8720178406.136135,55.89892604799823,46.289325930805234,60.15514726639677,316.97861,122419.26025149912,-39.84485273360323
2025-10-08 16:30:00+00:00,534.1829594605623,121679.18841935905,122485.09000000001,123290.99158064097,95.67029512323026,123051.03,122458.50032571745,122472.4035323255,2.445e-05,2.4106,157.08440915727988,142.02906958813804,50.15593114226822,-6364.573256999994,8720178406.136135,61.311923172379075,58.11102223895117,82.41683918321257,324.96907,122466.65837975703,-17.583160816787423
2025-10-08 17:00:00+00:00,569.1754474437973,121720.85742267234,122597.02100000002,123473.1845773277,219.5695014618069,123792.35,122585.55979602577,122535.46466593948,2.445e-05,2.4106,243.08652934466954,161.8970993509817,55.771552393119926,-5906.959196999998,8720178406.136135,69.26032220769433,78.14200873542853,91.85403975667623,894.91192,122619.1048057564,-8.145960243323774
2025-10-08 17:30:00+00:00,565.221005037501,121759.21966370715,122718.82750000001,123678.43533629288,252.5612632474089,124033.19,122723.42231659258,122591.1668226822,2.445e-05,2.4106,327.21052914561005,195.05195978267517,55.743124629594845,-5155.836326999994,8720178406.136135,71.32480579573894,89.68490276464068,94.7838293540332,441.55235,122725.54033614983,-5.216170645966797
2025-10-08 18:00:00+00:00,570.0046351040744,121842.55497079754,122803.771,123764.98702920244,189.03461746657135,123615.28,122808.35623830662,122629.2101775736,2.445e-05,2.4106,356.04248751018895,227.3144484488758,47.505169266153366,-5273.153906999996,8720178406.136135,63.37966066096507,87.93124902166511,77.15587795428587,497.57365,122847.85745634773,-22.844122045714133
2025-10-08 18:30:00+00:00,558.655270551022,121876.42040943477,122857.68950000001,123838.95859056525,126.0404287931037,123460.22,122870.46195068434,122671.9235024118,2.445e-05,2.4106,361.91954135244305,253.92768769674046,44.91927131766915,-6311.691166999993,8720178406.136135,60.674600184936025,81.00300026397115,71.0692934835943,654.78473,122952.09135616793,-28.930706516405706
2025-10-08 19:00:00+00:00,554.2153251049396,121887.69715514105,122913.00749999999,123938.31784485893,97.31251063889238,123638.22,122943.58984341816,122713.30553358464,2.445e-05,2.4106,376.7205982565356,278.3802370857768,44.77170232777038,-6521.235356999999,8720178406.136135,62.641859375425966,75.42717177545671,78.05634388848992,318.18914,122985.38277867786,-21.94365611151008
2025-10-08 19:30:00+00:00,540.3390858333174,121925.80131792356,122959.65849999999,123993.51568207642,91.53187705505884,123450.0,122991.80432821042,122735.69569377373,2.445e-05,2.4106,369.2352188554796,296.74882043592805,48.741170266308856,-6999.697737,8720178406.136135,59.26734621895039,73.26458808459314,70.66812688169519,346.57074,123019.54095238428,-29.331873118304813
2025-10-08 20:00:00+00:00,531.9584769605157,121954.86150109555,123007.427,124059.99249890444,80.43828976652614,123563.37,123046.23608839876,122766.82983731173,2.445e-05,2.4106,368.1066243917303,311.0606193408894,51.76337035241644,-6466.5870270000005,8720178406.136135,60.64502411644091,74.61424023677469,75.11824994013892,208.43803,123041.08485862384,-24.88175005986108
2025-10-08 20:30:00+00:00,547.6464328445143,121949.34128753786,123003.5315,124057.72171246214,10.816665649374245,122856.69,123028.21676716303,122784.46707478208,2.445e-05,2.4106,306.2895895269321,309.67738504916997,53.51767101092364,-7314.007787000002,8720178406.136135,49.42250088932482,62.00586476756542,40.231217480862114,465.1675,123051.93910934564,-59.768782519137886
2025-10-08 21:00:00+00:00,545.843018590611,121955.42532161938,123016.47000000002,124077.51467838066,17.3979160737896,123279.46,123052.13076811499,122797.86575470018,2.445e-05,2.4106,288.5218517362373,305.62906079375847,47.380320339637684,-7162.212900000004,8720178406.136135,54.8108928044439,58.14328617335489,59.08039109906362,178.46206,123055.98273529802,-40.91960890093638
2025-10-08 21:30:00+00:00,517.5556197029365,121971.05806206782,123036.12950000001,124101.2009379322,33.76141922725489,123277.33,123073.56778407899,122812.12177779825,2.445e-05,2.4106,271.130395654749,298.8675360095713,52.87145819493011,-6953.277200000002,8720178406.136135,54.781564441302386,52.76567792139105,58.98542518424739,83.47523,123063.62901051404,-41.01457481575261
2025-10-08 22:00:00+00:00,490.53284181606904,122000.34162953676,123062.8395,124125.33737046324,39.283695780440375,123290.96,123094.26066980226,122826.09206926712,2.445e-05,2.4106,255.52508813189343,290.3451943002094,56.38905823801147,-6692.2336099999975,8720178406.136135,54.963437636757924,59.219644717502696,59.59311786919706,81.90754,123075.12165940419,-40.40688213080294
2025-10-08 22:30:00+00:00,466.50141702175824,122046.19152940836,123091.3045,124136.41747059164,24.874833912916163,123200.82,123104.41217388748,122842.08105504053,2.445e-05,2.4106,233.06778048284468,278.8503823359317,59.144626958045755,-7034.1191199999985,8720178406.136135,53.453739629860195,56.94594078822174,52.25927931122075,50.34565,123085.47831009021,-47.74072068877925
2025-10-08 23:00:00+00:00,463.33687986162886,122119.58499365195,123140.35899999998,124161.13300634801,33.35390075501359,123478.25,123139.99859364718,122859.60988937618,2.445e-05,2.4106,235.1518781070772,270.33620954177235,57.59876181804431,-5747.723789999998,8720178406.136135,57.34070958439367,55.95958155874796,56.02634749582605,137.55894,123103.51044760487,-43.97365250417395
2025-10-08 23:30:00+00:00,446.81778493090104,122183.80792053486,123175.70700000001,124167.60607946516,35.23666673186549,123306.0,123155.82082417195,122882.54391811104,2.445e-05,2.4106,220.08406238896714,260.12075893364045,55.986371253952214,-6584.528629999999,8720178406.136135,54.30874539512001,48.2514147547887,36.46861745731929,151.9964,123185.25458495319,-63.53138254268071
2025-10-09 00:00:00+00:00,437.6260789138237,122242.3214789324,123199.28300000001,124156.24452106762,-8.775200074171572,123062.25,123146.9124821971,122890.9578025367,2.445e-05,2.4106,186.40348340130004,245.33576115587005,43.485418275403624,-6940.97823,8720178406.136135,50.26115603087952,37.19607978627329,19.0932744056745,133.67502,123243.15705898292,-80.90672559432551
2025-10-09 00:30:00+00:00,425.88483590919077,122339.58163661144,123225.2405,124110.89936338855,-57.38673905562589,122839.15,123117.59621257393,122886.5267699296,2.445e-05,2.4106,140.1792443729064,224.3773953954169,33.402332559523884,-6980.714259999995,8720178406.136135,46.82322917862497,19.58394221287637,3.1899347756353005,249.51408,123300.33599719351,-96.8100652243647
2025-10-09 01:00:00+00:00,419.8794289142177,122356.50463279398,123229.11399999999,124101.723367206,-122.86426857961136,122525.48,123061.19634111538,122868.97816319816,2.445e-05,2.4106,77.37661727090017,195.08028912013745,35.29246473138191,-7123.261219999997,8720178406.136135,42.428985678236664,7.683031737935362,0.765886032496273,310.54249,123304.8882410574,-99.23411396750373
2025-10-09 01:30:00+00:00,405.80923645362566,122449.0329584357,123247.0395,124045.0460415643,-165.21720013370074,122548.23,123012.33475184576,122853.09589927392,2.445e-05,2.4106,29.115732336693327,161.9878126515096,38.987936621733134,-6621.331529999994,8720178406.136135,42.8496339037856,6.218655978771873,14.70014712818403,339.0211,123311.90473927105,-85.29985287181597
2025-10-09 02:00:00+00:00,419.2277281346486,122275.17008062245,123213.155,124151.13991937754,-212.91623715192642,121994.82,122915.43015166133,122820.1144551019,2.445e-05,2.4106,-53.2570562276087,118.91827605537266,38.748177918774275,-7137.666029999995,8720178406.136135,35.986235924814494,5.895428588090006,2.22025260358973,340.67727,123286.91955140355,-97.77974739641027
2025-10-09 02:30:00+00:00,435.0398215822423,121973.99978417876,123141.49399999999,124308.98821582123,-236.90601506876104,121617.81,122791.85558710966,122776.55198030313,2.445e-05,2.4106,-147.3342275161267,65.55874320519773,26.257591752035083,-7856.155559999996,8720178406.136135,32.19995728993142,7.731077449047375,6.272832615368351,491.17841,123186.49124772995,-93.72716738463166
2025-10-09 03:00:00+00:00,440.8773643366885,121817.44362285575,123050.32849999999,124283.21337714423,-169.8676705457798,121969.04,122713.48458250186,122741.59676843173,2.445e-05,2.4106,-191.1927368319739,14.308400896600467,28.368598776740953,-7040.004639999997,8720178406.136135,38.67135989200539,10.697082456923935,23.598162151813707,306.84792,123057.68190271249,-76.40183784818629
2025-10-09 03:30:00+00:00,421.91916625987193,121729.11459235125,122950.56950000001,124172.02440764877,-129.76426548242333,122038.01,122649.15310000363,122713.75907442466,2.445e-05,2.4106,-217.9347905224422,-32.13275756776581,36.292947292799575,-6973.7310599999955,8720178406.136135,39.88468133003724,19.04634891936006,27.26805199089808,147.7221,122957.67082341624,-72.73194800910193
2025-10-09 04:00:00+00:00,417.4517996818873,121662.35194516902,122881.61899999999,124100.88605483096,-97.21908967864421,122236.27,122609.82520202812,122692.57380414863,2.445e-05,2.4106,-220.53345235787856,-69.7381090243653,36.73735440898158,-6157.560529999998,8720178406.136135,43.35479309832269,29.251087179681093,36.887047396331454,201.07538,122845.90369742375,-63.112952603668546
2025-10-09 04:30:00+00:00,403.7030936528416,121586.63174014112,122815.843,124045.05425985887,-85.47034616948874,122144.7,122565.51533476402,122665.80846539189,2.445e-05,2.4106,-227.28443210969272,-101.08686494965045,33.483540775141336,-6352.1377999999995,8720178406.136135,42.147404139757874,32.19981272408831,32.44433878503538,127.39788,122725.2271369171,-67.55566121496463
2025-10-09 05:00:00+00:00,397.58186597806247,121518.30437592055,122734.44399999999,123950.58362407943,-86.71293359818131,122010.24,122512.62757712159,122638.20338478012,2.445e-05,2.4106,-240.7712072001741,-128.96608158191418,29.71924574508799,-6252.510799999998,8720178406.136135,40.36702470220307,31.75070632775896,25.920732801910024,194.23162,122642.25118771296,-74.07926719808998
2025-10-09 05:30:00+00:00,391.5343502052966,121467.54768347133,122666.99000000002,123866.4323165287,-78.95976565978924,122100.92,122473.42456902236,122620.25830693114,2.445e-05,2.4106,-241.4733824308787,-151.56253385479573,28.387682176401626,-6275.215449999998,8720178406.136135,42.14085729024592,29.561777600960138,30.32026121593499,200.51613,122543.46853475738,-69.67973878406501
2025-10-09 06:00:00+00:00,382.2215100200402,121444.05156023423,122593.6415,123743.23143976576,-69.4848667856462,122096.4,122437.52130727447,122601.37286406357,2.445e-05,2.4106,-239.60865997869405,-169.2221609794841,28.761592374653006,-6587.704199999999,8720178406.136135,42.072430424418194,28.78065268404558,30.100964034291717,156.54936,122477.71016489617,-69.89903596570828
2025-10-09 06:30:00+00:00,375.77840756667683,121373.67918161472,122548.673,123723.66681838527,-66.40018841346571,121957.32,122391.79094487154,122577.45240062999,2.445e-05,2.4106,-246.51022367426776,-184.72040193019765,23.9975899716097,-6984.942199999998,8720178406.136135,39.95797946665368,28.709720970374025,25.70793766089536,179.85502,122388.29866299304,-74.29206233910463
2025-10-09 07:00:00+00:00,367.4285896054412,121318.99055360002,122478.51950000001,123638.0484464,-71.81932020364066,121876.39,122342.7040448336,122549.48664044231,2.445e-05,2.4106,-255.5257696893823,-198.86709327021603,23.6603572710096,-7009.897209999999,8720178406.136135,38.73873666567036,26.759634896564425,24.470002994506185,183.29601,122334.52263744576,-75.52999700549381
2025-10-09 07:30:00+00:00,360.3034044019948,121285.8504276456,122409.95800000001,123534.06557235443,-71.55244433898204,121906.1,122301.12030673228,122523.21933133922,2.445e-05,2.4106,-257.29200612516433,-210.52056863888998,23.963348931353934,-6522.208929999998,8720178406.136135,39.469647666616424,27.10527375469545,31.13788060868479,208.2265,122293.16580048847,-68.86211939131522
2025-10-09 08:00:00+00:00,390.3520842808271,121135.4862451897,122304.41,123473.3337548103,-121.6888293826251,121180.0,122194.32565539754,122461.35222626911,2.445e-05,2.4106,-313.46724306218675,-230.83048227675357,22.964731123364047,-6479.39548,8720178406.136135,30.045895665226993,18.53716679017485,0.003616767333567976,461.65912,122188.50024222293,-99.99638323266643
2025-10-09 08:30:00+00:00,395.76685472582665,121030.35620706779,122207.45,123384.5437929322,-131.85374077229207,121261.62,122105.49651643804,122414.29141619496,2.445e-05,2.4106,-347.5817242623307,-254.1803510690171,22.05091638665158,-5373.198849999999,8720178406.136135,32.011829629719955,13.140098195730047,8.278797211171769,489.583,122094.88636906231,-91.72120278882824
2025-10-09 09:00:00+00:00,402.9657357754744,121078.11419819624,122118.5305,123158.94680180374,-98.35635317754634,121699.86,122066.86280364673,122385.55620425736,2.445e-05,2.4106,-335.37229696703434,-270.3969049501196,30.085154214308673,-4949.227259999999,8720178406.136135,41.51590738225351,19.28189074724345,49.563258263225,277.44703,122033.59777767476,-50.436741736775
2025-10-09 09:30:00+00:00,392.08325254436403,121151.2320018349,122043.88249999999,122936.53299816509,-64.05964078173662,121813.04,122042.68178916976,122359.90339770318,2.445e-05,2.4106,-312.89393651469436,-278.7989987584886,39.039643568323854,-4230.306869999999,8720178406.136135,43.70616917885475,39.17471084110907,59.68207704893041,218.1091,121982.76682142053,-40.31792295106959
2025-10-09 10:00:00+00:00,381.9422948923025,121208.98774819518,121977.5875,122746.1872518048,-58.404261922990536,121736.35,122013.50624910698,122334.98230677584,2.445e-05,2.4106,-297.8882814054814,-282.6026281259299,35.72552445909447,-3478.7378899999985,8720178406.136135,42.544546497241065,54.023656471555704,52.82563410251168,134.31233,121947.2656205865,-47.17436589748832
2025-10-09 10:30:00+00:00,397.79026570049444,121276.88126158813,121944.1435,122611.40573841188,38.35890179222066,122170.27,122028.44510685862,122332.39886676022,2.445e-05,2.4106,-248.2244992916967,-275.8448242184583,39.18987109634354,-3798.5185999999994,8720178406.136135,50.551841320524844,66.09951250513026,85.79082636394868,328.31134,121909.32490971529,-14.209173636051323
2025-10-09 11:00:00+00:00,412.0458017162053,121254.78863153006,121951.91799999999,122649.04736846992,177.55126146826308,122680.97,122090.60040888494,122350.41800964363,2.445e-05,2.4106,-165.77136642755067,-253.9623581176521,44.20649321957296,-3822.6566699999994,8720178406.136135,57.97529944776005,77.75785045478096,94.65709089788253,500.70272,121925.89928426556,-5.3429091021174715
2025-10-09 11:30:00+00:00,399.52135279281805,121227.92534004626,121961.38500000001,122694.84465995376,218.1996886722535,122737.57,122152.2169034062,122365.74853154345,2.445e-05,2.4106,-94.68257306951273,-222.11090290074588,49.80137271842107,-3798.090989999999,8720178406.136135,58.71519389280556,91.5972405067087,94.34380425829484,279.31642,121932.07202330782,-5.656195741705164
2025-10-09 12:00:00+00:00,401.5601092628879,121147.23042242015,122012.2595,122877.28857757985,236.80555383211848,123012.31,122234.13712131181,122393.94909295974,2.445e-05,2.4106,-16.055726382372086,-180.9863586901791,57.978229814112005,-3497.464169999998,8720178406.136135,62.19378144025016,94.25586532596924,93.76670082173035,469.57803,122003.98646406223,-6.2332991782696405
2025-10-09 12:30:00+00:00,432.1769045708068,121032.27305658841,122109.53799999999,123186.80294341156,261.84390391887183,123563.38,122360.73180094699,122439.86083723087,2.445e-05,2.4106,89.74584740588034,-126.84148935584894,69.11526930176893,-2722.0954399999973,8720178406.136135,68.01690483571096,93.4954302242911,92.37578559284808,1013.73482,122261.71280520689,-7.624214407151919
2025-10-09 13:00:00+00:00,435.296708996288,120959.42528454715,122184.179,123408.93271545286,198.9925639706634,123461.86,122465.60549067266,122481.81200532109,2.445e-05,2.4106,163.47384440772294,-68.83535263711137,70.68694782159123,-3284.5522199999978,8720178406.136135,65.99944076876886,91.54656262976539,88.49720147471768,415.16979,122358.47438974111,-11.50279852528232
2025-10-09 13:30:00+00:00,488.8412326489947,120976.26238294382,122203.0655,123429.86861705617,75.56625367190925,122415.74,122460.85903226776,122480.35906534968,2.445e-05,2.4106,135.93451168345928,-27.915977279552557,62.87836705473221,-4296.390780000001,8720178406.136135,49.658300948963664,76.46768164944255,48.530057880761866,817.96274,122409.07090971213,-51.469942119238134
2025-10-09 14:00:00+00:00,530.5429881662737,120928.99524641733,122175.76550000001,123422.53575358269,-34.358804203448045,121690.27,122387.46897412294,122449.10467709362,2.445e-05,2.4106,54.96626704260416,-11.331305425597204,53.243991586609006,-5386.208889999997,8720178406.136135,41.90906683986727,52.613548810228785,20.813387075206762,1236.82727,122343.30215042007,-79.18661292479324
2025-10-09 14:30:00+00:00,570.2600417723338,120832.15052167271,122134.2805,123436.41047832728,-115.35409643405671,121315.0,122285.34862409245,122413.07204488486,2.445e-05,2.4106,-39.2403489225544,-17.16974304131861,45.55186576482829,-6970.61362,8720178406.136135,38.55339690313397,29.48200556159894,19.10257172882816,1376.61492,122187.88452163812,-80.89742827117183
2025-10-09 15:00:00+00:00,580.4911498121619,120700.2718199536,122086.03300000001,123471.79418004642,-108.50616427334145,121045.29,122167.2431651004,122357.43114025831,2.445e-05,2.4106,-133.89824457396753,-40.45457290860264,45.13560685527305,-7234.973999999997,8720178406.136135,36.306333561186136,16.701795013167352,10.189426235467108,536.8567,122139.00740480538,-89.81057376453289
2025-10-09 15:30:00+00:00,582.3594915132211,120593.52678880138,122038.34400000001,123483.16121119865,-124.49574427096556,121147.14,122070.05331389076,122293.92040203206,2.445e-05,2.4106,-198.06623484779266,-71.48905425588856,44.012740927715534,-4284.232980000001,8720178406.136135,37.78621001230229,14.86983355852414,15.31750271127712,699.31773,122063.96157153802,-84.68249728872289
2025-10-09 16:00:00+00:00,571.0575392746842,120511.45133528614,121996.024,123480.59666471387,-87.5033407368157,121250.0,121991.9120989757,122235.32329803458,2.445e-05,2.4106,-237.78015138205956,-104.21045896182038,45.69559403169774,-2441.3918599999997,8720178406.136135,39.32068214735308,14.718121926009937,18.64743683128556,537.38435,122022.76530574536,-81.35256316871444
2025-10-09 16:30:00+00:00,644.6166404898055,120126.99398351042,121889.14649999999,123651.29901648956,-172.91246417854464,119819.77,121785.03481244949,122137.74153813074,2.445e-05,2.4106,-380.5669793339184,-159.39499926917526,34.847122681305734,-4528.94299,8720178406.136135,28.743462194859063,12.24611813608139,2.7734148656814623,2294.04423,121702.28085093266,-97.22658513431854
2025-10-09 17:00:00+00:00,660.6963722442287,119908.17169045078,121808.281,123708.39030954923,-159.20169188011988,120259.08,121639.67949249245,122052.71724561637,2.445e-05,2.4106,-452.8415423399856,-217.73924173078115,31.002982576978212,-1465.6993599999996,8720178406.136135,34.568772094739614,12.066421428064183,14.778412587225503,1033.72809,121578.45087739329,-85.2215874127745
2025-10-09 17:30:00+00:00,670.5552040022947,119828.02180905078,121761.676,123695.33019094923,-91.27346103510939,120974.0,121576.27191569643,122006.2998974489,2.445e-05,2.4106,-447.40704622531484,-263.5477201592803,32.77212452215717,582.3382500000004,8720178406.136135,42.76700813850559,16.572889341103746,32.16684057040422,637.66988,121535.83475017268,-67.83315942959578
2025-10-09 18:00:00+00:00,661.3402700482301,119763.75179710021,121737.521,123711.29020289978,-82.742078818744,120696.9,121492.49358106572,121942.5900400154,2.445e-05,2.4106,-459.9429617178248,-302.45101313779276,33.07524457184272,862.2313899999994,8720178406.136135,40.64478069284213,24.124137271259773,25.42715865614957,561.97223,121508.568373934,-74.57284134385043
2025-10-09 18:30:00+00:00,637.0445998505814,119686.1250409806,121706.906,123727.68695901941,-91.94824576366996,120649.32,121412.21337111384,121901.38796883357,2.445e-05,2.4106,-468.7965457474784,-336.0093464739611,30.426216257505857,-654.5459300000002,8720178406.136135,40.27091148484499,27.287969185392715,24.269908329624332,394.33781,121488.19287407483,-75.73009167037567
2025-10-09 19:00:00+00:00,624.2496529285361,119638.87012528,121676.9125,123714.95487472002,-57.50966241057132,121099.99,121382.46198162623,121863.12555146427,2.445e-05,2.4106,-434.0836134586134,-355.41642235582964,29.72846808385964,319.2717100000007,8720178406.136135,45.34986697496106,28.309420555989323,35.23119468219405,357.50992,121472.65294912427,-64.76880531780596
2025-10-09 19:30:00+00:00,600.9188772804638,119572.85821937086,121633.84649999999,123694.83478062911,-52.255029113388055,120951.72,121341.43219293588,121824.47281672152,2.445e-05,2.4106,-413.83658434744575,-367.01195335930777,25.507946017693683,125.9059100000008,8720178406.136135,44.02485489731719,30.650431768210847,32.45019229281414,357.41318,121455.01788628098,-67.54980770718586
2025-10-09 20:00:00+00:00,579.996024737727,119503.75069442343,121590.5405,123677.33030557657,-48.43832369307855,120870.23,121296.54021216399,121780.32394638918,2.445e-05,2.4106,-399.65602778072935,-373.3362574688427,21.89500896355679,773.0592199999999,8720178406.136135,43.278051862517444,33.22218811510117,31.985177370295297,348.5835,121439.74664184859,-68.01482262970471
2025-10-09 20:30:00+00:00,562.0957694479806,119458.40181877316,121537.4815,123616.56118122683,-37.09890174481614,121109.09,121278.6938340439,121756.60160725295,2.445e-05,2.4106,-365.1355115698825,-371.77516233508027,26.453202103406355,436.08163000000013,8720178406.136135,46.16771109449882,37.91236161649779,49.3017151863839,395.08746,121414.43416137053,-50.6982848136161
2025-10-09 21:00:00+00:00,552.2603924999951,119457.35924732394,121470.121,123482.88275267606,-15.70043794433483,121333.76,121283.95349125654,121746.60857345225,2.445e-05,2.4106,-316.11105755330937,-360.8426390743325,31.421843324053583,276.34891000000107,8720178406.136135,48.80775114925914,52.924285276194645,77.48596327190472,207.80718,121372.35454713303,-22.514036728095274
2025-10-09 21:30:00+00:00,531.4284728865832,119479.21144514852,121406.2935,123333.37555485147,-1.5058981211417417,121461.02,121300.83192485351,121741.86680513361,2.445e-05,2.4106,-263.96850387089944,-341.6641212050873,38.31604047722468,-86.26635000000013,8720178406.136135,50.29365525521472,71.2227733008328,86.88064144420973,228.41588,121345.85667751345,-13.119358555790264
2025-10-09 22:00:00+00:00,506.8237354966177,119549.61805637085,121332.8805,123116.14294362915,17.378397293468453,121544.05,121324.01833399694,121743.94624814052,2.445e-05,2.4106,-213.5890500275127,-316.3481393512599,42.430928276993605,-614.7652999999987,8720178406.136135,51.28486158053532,87.18169402316005,97.1784773533657,215.01828,121293.35659760844,-2.8215226466343073
2025-10-09 22:30:00+00:00,491.3039578178099,119764.32562923506,121239.021,122713.71637076493,49.21049994431916,121686.19,121358.50057343038,121737.23399719107,2.445e-05,2.4106,-160.03950089936552,-284.951218869833,48.111844148000806,-346.00635999999923,8720178406.136135,53.02114326386742,93.39779188358061,96.13425685316636,252.96539,121133.18545104568,-3.865743146833638
2025-10-09 23:00:00+00:00,480.8677019655609,120063.00729142744,121141.273,122219.53870857257,54.72126033741194,121506.9,121372.64625995254,121733.55859424571,2.445e-05,2.4106,-130.78149700837093,-254.28013032349725,42.563739179850664,-804.8135199999995,8720178406.136135,50.57296311081712,93.65869681295783,87.6633562323414,288.99993,121066.9693269511,-12.336643767658602
2025-10-09 23:30:00+00:00,480.36153986428116,120162.09489016885,121103.606,122045.11710983115,99.90819308968261,121662.4,121400.23239522922,121726.68395316227,2.445e-05,2.4106,-93.7574081926141,-222.0514337261342,63.88096673894095,-248.84117999999881,8720178406.136135,52.61667174638905,91.0769031250278,89.43309628957559,422.59341,120978.21576726783,-10.566903710424407
2025-10-10 00:00:00+00:00,465.18904091949884,120146.42854807289,121112.27949999999,122078.13045192709,124.74817436148281,121863.74,121444.37193289855,121730.31273998017,2.445e-05,2.4106,-47.661074729883694,-187.12028675338797,78.71654850332203,215.7635400000005,8720178406.136135,55.19828861980617,91.63443431298481,97.80685041703745,174.5052,120884.88526418507,-2.19314958296255
2025-10-10 00:30:00+00:00,449.97828947153766,120132.32756724484,121133.79299999999,122135.25843275514,107.4023134867807,121745.27,121473.03273865877,121732.56030930487,2.445e-05,2.4106,-20.528265319764614,-153.85237525790507,73.422911479323,-136.23295999999897,8720178406.136135,53.35602441894562,92.3173492568144,89.71210106383006,118.39839,120839.32121477895,-10.287898936169942
2025-10-10 01:00:00+00:00,434.59398615770533,120129.32675571789,121172.1135,122214.90024428212,102.23707092338336,121811.7,121505.27254793952,121729.52596860772,2.445e-05,2.4106,6.443342044149176,-121.60664799530342,70.86407174657762,257.9290300000008,8720178406.136135,54.28057896601246,93.88264694752316,94.12898936170194,179.54627,120832.98938122175,-5.871010638298066
2025-10-10 01:30:00+00:00,426.61782463121375,120134.89861613573,121195.955,122257.01138386427,72.480114881964,121623.97,121516.56365567821,121719.59584787123,2.445e-05,2.4106,12.54019198041351,-94.60125028200929,75.01058533395428,661.5244400000004,8720178406.136135,51.206065334994314,87.25689890656933,77.92960629417594,173.73731,120833.0034089398,-22.070393705824063
2025-10-10 02:00:00+00:00,426.444132568572,120137.97838750224,121200.93699999999,122263.89561249774,33.89148959034561,121349.64,121500.67654590923,121709.57007555476,2.445e-05,2.4106,-4.9343654102267465,-76.8041300616022,65.9683369682779,-49.46833999999882,8720178406.136135,47.00875796257389,73.85036596809526,49.49250224840787,325.99422,120828.19802617277,-50.50749775159213
2025-10-10 02:30:00+00:00,429.34297043763667,120404.46576300944,121262.93500000001,122121.40423699058,-21.9400368827156,121059.73,121458.6949281127,121689.82493742956,2.445e-05,2.4106,-41.74231921554019,-69.96622037908405,54.41229287413688,-797.4753600000001,8720178406.136135,42.99626785284416,49.43354653867659,20.878531073445945,486.25696,121023.31224885315,-79.12146892655406
2025-10-10 03:00:00+00:00,437.5529063932289,120595.49831325987,121321.92649999999,122048.3546867401,-4.812426379994858,121438.91,121456.80736439553,121678.56684016407,2.445e-05,2.4106,-39.70664867814048,-63.87119148276586,63.5169004240466,-174.5481099999991,8720178406.136135,49.110615723644905,41.865005125366494,55.22398205424564,348.51956,121176.85335140437,-44.77601794575436
2025-10-10 03:30:00+00:00,445.58042438455107,120602.7419868532,121324.527,122046.3120131468,-23.397033371888394,121026.01,121415.78379201799,121655.02643236879,2.445e-05,2.4106,-70.67491906127543,-65.29425635194119,54.72916272264043,-794.46992,8720178406.136135,43.62281469151344,29.567837709230364,12.600999999999477,287.72354,121222.23197660947,-87.39900000000053
2025-10-10 04:00:00+00:00,440.2234080157045,120691.5438199087,121354.0855,122016.62718009131,-25.311962532377237,121288.07,121403.63018712877,121644.78675051182,2.445e-05,2.4106,-73.2851424338005,-67.01861208087745,55.10313283394126,-742.9547799999996,8720178406.136135,47.620524666809374,35.543994018081946,38.8070000000007,238.88065,121264.97239930784,-61.1929999999993
2025-10-10 04:30:00+00:00,429.5957660408946,120801.05831584921,121383.345,121965.6316841508,-40.63729886088668,121234.51,121387.51789224482,121626.27507183026,2.445e-05,2.4106,-78.62561209592968,-69.26637409011249,48.83698424215482,-692.8589099999995,8720178406.136135,46.88943916216184,28.28633333333322,33.450999999999475,241.29313,121310.31112246132,-66.54900000000052
2025-10-10 05:00:00+00:00,435.63421421946816,120829.17680467982,121396.889,121964.60119532017,-29.04432938870098,121370.87,121385.90813989915,121605.79362699512,2.445e-05,2.4106,-70.83461314476153,-69.26188095986956,49.50475499390091,66.64555000000027,8720178406.136135,49.04313886783739,39.78166666666658,47.086999999999534,265.1409,121332.16138534703,-52.913000000000466
2025-10-10 05:30:00+00:00,433.070469824164,120894.02623349974,121428.49749999998,121962.96876650023,17.951457238778506,121583.89,121404.76035787728,121603.55417961907,2.445e-05,2.4106,-47.10914515856712,-64.78936875107684,49.30232636301411,553.2100200000001,8720178406.136135,52.29114475739354,49.64233333333299,68.38899999999994,238.15482,121362.62463208218,-31.611000000000057
2025-10-10 06:00:00+00:00,419.4473802554401,120991.27580584833,121461.33,121931.38419415167,54.41683535879682,121526.88,121416.3947357746,121602.24670097983,2.445e-05,2.4106,-32.600382199903834,-58.40322977934834,56.29753867582407,3.004959999999869,8720178406.136135,51.34714009453336,59.387999999999984,62.688000000000464,233.61754,121399.87741074736,-37.311999999999536
2025-10-10 06:30:00+00:00,423.9282169740619,121031.16863899071,121474.7845,121918.40036100928,0.8268869705348552,121378.18,121412.77269726017,121600.99851319299,2.445e-05,2.4106,-32.86970260165981,-53.525693393967785,44.58769347298429,-810.7334299999989,8720178406.136135,48.866915473763605,60.05496802617017,49.08790407851013,454.24823,121430.23035627593,-50.91209592148987
2025-10-10 07:00:00+00:00,406.8154170756247,121028.78906462189,121473.77449999998,121918.75993537808,-62.118007565066854,121313.56,121403.3031023802,121580.7600555389,2.445e-05,2.4106,-37.49379139112716,-50.04674602006338,39.436818373291665,-607.46565,8720178406.136135,47.79344446799749,51.41006554224423,42.45429254822208,223.1962,121430.08190341733,-57.54570745177792
2025-10-10 07:30:00+00:00,412.7357981757647,120943.46640009579,121447.326,121951.18559990422,-139.0816127504227,120932.05,121358.42119503907,121555.03569590267,2.445e-05,2.4106,-71.29795571749855,-54.288331899719786,34.455670331686036,-1030.9319799999998,8720178406.136135,41.91177375722386,33.02178765103417,7.523166326370282,672.01832,121386.54028488457,-92.47683367362971
2025-10-10 08:00:00+00:00,411.803886423876,120927.25258616357,121434.11800000002,121940.98341383647,-84.59464546000393,121279.89,121350.94355749332,121544.90363545003,2.445e-05,2.4106,-69.24377779316274,-57.29942251127264,35.10542815258579,-1125.8385400000002,8720178406.136135,48.17390340886182,31.451355410090002,44.37660735567763,224.22834,121373.43138212775,-55.62339264432237
2025-10-10 08:30:00+00:00,413.9411527627413,120929.41965245822,121431.3855,121933.35134754179,28.93532577304186,121631.54,121377.68221697003,121554.85917508669,2.445e-05,2.4106,-38.937033249341766,-53.82630136221847,39.53389311299825,-1169.0459399999988,8720178406.136135,53.61489396065055,46.079696066806456,86.33931451837141,208.88466,121366.31727704279,-13.660685481628589
2025-10-10 09:00:00+00:00,405.5396155911917,120923.10775326703,121443.75699999998,121964.40624673293,80.26648735300016,121754.33,121413.54404260028,121558.62647259102,2.445e-05,2.4106,-4.723668912265566,-43.88250488128392,45.59349365121352,-471.15534999999977,8720178406.136135,55.38006032754732,76.08287819602151,97.53271271401546,221.20903,121370.74213802611,-2.4672872859845443
2025-10-10 09:30:00+00:00,411.42391390725925,120912.91898897631,121426.37349999999,121939.82801102367,12.261251893813549,121314.73,121404.13494643643,121549.82399279773,2.445e-05,2.4106,-13.032645372644765,-37.73569956832777,48.17872513254712,-1111.6898399999993,8720178406.136135,48.30206496339461,77.9027308042014,49.83616518021729,252.14115,121352.24779093807,-50.16383481978271
2025-10-10 10:00:00+00:00,394.03796452209014,120926.30654703474,121399.8865,121873.46645296525,-8.084345145208035,121334.0,121397.46843636682,121546.97703253689,2.445e-05,2.4106,-17.975774496560916,-33.954456536968415,42.28699872904368,-1323.62402,8720178406.136135,48.60900789292632,66.43194525819285,51.92695788034575,97.02023,121339.23935027345,-48.07304211965425
2025-10-10 10:30:00+00:00,388.37954667892336,120938.3731597572,121387.43950000001,121836.50584024281,17.618900636678017,121496.33,121406.90278295598,121553.17703010308,2.445e-05,2.4106,-8.776507176880841,-29.16771635516794,48.474714624644854,-1712.4090599999995,8720178406.136135,51.25643453906002,57.100955522281595,69.5397435062817,192.68601,121333.60548134273,-30.46025649371831
2025-10-10 11:00:00+00:00,377.5273368314506,120962.98363901688,121369.34500000002,121775.70636098315,65.49399436944097,121449.81,121410.99529519728,121551.7617959877,2.445e-05,2.4106,-5.077466593502322,-24.429869956514576,47.61568666680886,-2770.00655,8720178406.136135,50.451389501211345,61.986343481688216,64.49232905843716,176.7155,121325.01581149358,-35.50767094156284
2025-10-10 11:30:00+00:00,364.02631319415104,120967.15760377924,121365.874,121764.59039622075,86.21650294994619,121554.55,121424.66656571225,121551.60942797788,2.445e-05,2.4106,6.293516864505364,-18.277236930177416,53.37579214877881,-2427.1584899999993,8720178406.136135,52.26604033841964,69.96289304081711,75.85660655773243,180.95202,121322.36472288932,-24.143393442267563
2025-10-10 12:00:00+00:00,354.4666519904486,120969.5121994285,121375.61200000001,121781.71180057152,84.48787359559888,121544.4,121436.07345760599,121552.92756448247,2.445e-05,2.4106,14.277392408432206,-11.814975334540675,51.78005217259797,-2783.44168,8720178406.136135,52.06606373212444,71.70142279510075,74.75533276913266,144.26557,121323.45768466231,-25.24466723086734
2025-10-10 12:30:00+00:00,342.89481597429676,121012.75141383198,121402.486,121792.22058616803,70.69604619280658,121597.21,121451.43309894233,121560.4083692655,2.445e-05,2.4106,24.47758037505264,-4.731082422315257,46.24452568403161,-2844.28481,8720178406.136135,53.06360644046115,77.03238359771085,80.4852114662674,144.06228,121350.40756270864,-19.514788533732602
2025-10-10 13:00:00+00:00,351.53775604198773,120966.29666475824,121429.30649999999,121892.31633524175,196.69973814511812,121975.32,121501.33059637283,121578.19356397032,2.445e-05,2.4106,62.43293082524906,8.655691802872777,49.860729781190166,-2814.55589,8720178406.136135,59.57394798967022,82.71147368052829,92.89387680618474,479.12199,121404.82689055672,-7.10612319381527
2025-10-10 13:30:00+00:00,409.69513119056546,121025.74092321371,121462.21599999999,121898.69107678626,173.94223270563757,121684.2,121518.74116772313,121579.94903859332,2.445e-05,2.4106,68.32342326629441,20.662245196783864,43.644716395049386,-3694.16163,8720178406.136135,53.42991291371979,74.09569457225922,48.907995444325486,973.64808,121492.18002174278,-51.092004555674514
2025-10-10 14:00:00+00:00,446.2644676549806,121015.15132847615,121458.56300000001,121901.97467152387,4.30804732738471,121215.01,121489.80920105381,121563.39734513167,2.445e-05,2.4106,34.73658751818584,23.545217978565013,39.821279065652284,-4026.70349,8720178406.136135,45.31708042667892,54.34078148637553,21.22047220861636,625.37862,121500.69687229682,-78.77952779138364
2025-10-10 14:30:00+00:00,484.01405550364365,120815.29896931104,121421.496,122027.69303068896,-247.1491059691388,120493.17,121394.88608028724,121519.2249250139,2.445e-05,2.4106,-49.549073899775976,8.993319759292424,39.504076602223904,-4703.85031,8720178406.136135,36.207653777394576,23.601028719289193,0.6746185049256879,710.42626,121437.6005660049,-99.32538149507431
2025-10-10 15:00:00+00:00,547.8125909914323,120191.89669776737,121315.59550000001,122439.29430223265,-393.81370047276147,119252.86,121190.87812333093,121427.98474632141,2.445e-05,2.4106,-213.950346852871,-35.523577355728015,23.85348906352371,-6834.27937,8720178406.136135,26.390792504031694,7.327252460069592,0.08666666666668431,2359.14104,120979.5622084402,-99.91333333333331
2025-10-10 15:30:00+00:00,587.2831681502895,119691.554717122,121187.35,122683.14528287802,-329.6807472778442,119018.98,120984.03483306883,121335.30583673588,2.445e-05,2.4106,-359.0644034054276,-100.28621318794731,15.860216022041882,-9363.10744,8720178406.136135,25.012479621252027,4.525202053082212,12.81432098765422,2331.54869,120554.19581859265,-87.18567901234577
2025-10-10 16:00:00+00:00,593.3478611960281,119317.5864533421,121064.449,122811.31154665789,-238.5361155188075,119068.86,120801.63689141374,121246.27945161809,2.445e-05,2.4106,-464.6470401682018,-173.1539356033237,12.379123654191389,-7247.787719999998,8720178406.136135,25.90070633411844,8.982304526748953,14.04592592592594,927.97105,120405.99732406747,-85.95407407407406
2025-10-10 16:30:00+00:00,640.2642498546037,118769.05111366496,120905.8205,123042.58988633504,-202.94491205577168,118205.61,120554.38520697299,121122.27591485278,2.445e-05,2.4106,-610.8256202502089,-260.5435254618902,11.342939022938097,-8284.22208,8720178406.136135,21.217644691827445,8.953492364987662,0.00023018138280916407,1146.47181,120200.54920440433,-99.9997698186172
2025-10-10 17:00:00+00:00,649.3408678153427,118308.29849407682,120747.68000000001,123187.0615059232,-188.7956462496308,118150.75,120325.47278266746,121007.99692587007,2.445e-05,2.4106,-722.9186069558928,-353.08698291066077,10.080064772380723,-10243.91527,8720178406.136135,20.956887433246592,8.027805070484787,10.037259104145567,1435.43251,119956.85756371307,-89.96274089585444
2025-10-10 17:30:00+00:00,646.5810796876219,117791.91559704671,120582.2675,123372.61940295329,-162.69070302120187,117623.8,120068.16009151412,120870.7405180872,2.445e-05,2.4106,-844.3839617467747,-451.2082827117388,8.050969618675097,-10693.359980000001,8720178406.136135,18.604747208136985,3.6409883165115757,0.8854756640063349,762.50268,119782.0028269461,-99.11452433599366
2025-10-10 18:00:00+00:00,624.4353828670354,117346.2802076227,120398.88600000001,123451.49179237733,-139.53657042800074,117612.26,119834.28451102745,120751.44827575078,2.445e-05,2.4106,-931.1422624515835,-547.4532046091964,6.306486607222354,-11759.438589999996,8720178406.136135,18.55017410922345,4.284804340128724,1.9316782522342555,775.23786,119643.66367051941,-98.06832174776575
2025-10-10 18:30:00+00:00,612.8253151863056,116889.80560201849,120179.19400000002,123468.58239798155,-128.85762817821427,117237.7,119587.00616698549,120620.31163302928,2.445e-05,2.4106,-1018.3707902901369,-641.8390992478669,4.716680943158593,-12749.932539999998,8720178406.136135,16.97816957508867,0.9434430489356949,0.013175230566480137,673.51534,119513.23732245629,-99.98682476943351
2025-10-10 19:00:00+00:00,668.2874297098823,116229.71029330473,119893.49649999998,123557.28270669523,-145.17555966445065,116040.38,119249.26244379624,120453.74480230742,2.445e-05,2.4106,-1170.7967745488568,-748.0269845408413,3.2523520376555126,-14819.432929999997,8720178406.136135,13.144376331616314,1.0924406153203183,1.3324683631602054,1744.53132,119151.85996047346,-98.6675316368398
2025-10-10 19:30:00+00:00,699.3742172592407,115801.82175605546,119660.835,123519.84824394455,-122.0449117618957,116661.5,119002.81868827474,120309.26521222384,2.445e-05,2.4106,-1227.1657585061039,-843.983505575278,9.174082999746147,-14725.46315,8720178406.136135,22.85603758701687,4.0308481092630934,10.74690073406258,988.8817,118967.22783850943,-89.25309926593742
2025-10-10 20:00:00+00:00,691.6868194735897,115510.85226222312,119447.43049999999,123384.00873777685,-97.10520890620593,117065.91,118818.33417069893,120174.72461337168,2.445e-05,2.4106,-1224.8224150929018,-919.9278499271446,8.882014687314765,-13724.389939999997,8720178406.136135,28.46706639893121,9.65199602477496,16.876618977102076,447.47826,118900.84667384603,-83.12338102289793
2025-10-10 20:30:00+00:00,940.5118420240682,114669.83257505983,119085.955,123502.07742494017,-153.56486589023916,114266.82,118384.85031430388,119940.31488523846,2.445e-05,2.4106,-1432.4011684134603,-1022.3396100644497,7.520973912229536,-16919.476229999997,8720178406.136135,18.460744288924815,13.739832043179765,13.595976418374619,4007.0821,118104.17420680696,-86.40402358162538
2025-10-10 21:00:00+00:00,1809.9470456501924,112158.8493792796,118435.06899999999,124711.28862072037,-293.53879033284034,108432.09,117436.97563039165,119492.14261140935,2.445e-05,2.4106,-2044.2891173965036,-1226.824680069988,4.473419753077238,-32266.00868,8720178406.136135,10.317693419363266,21.178737040893683,33.06361572720431,14691.74772,114124.21872126209,-66.93638427279569
2025-10-10 21:30:00+00:00,2121.8256365391453,111568.15154784059,118029.93450000002,124491.71745215944,-170.59839155608046,113451.86,117057.43314135719,119251.95837137023,2.445e-05,2.4106,-2099.8116663102555,-1401.3214446077006,23.75511350716333,-23650.17372,8720178406.136135,36.334758576795046,36.0469907395489,61.48138007306773,8240.88262,113642.9558222281,-38.51861992693226
2025-10-10 22:00:00+00:00,2178.787729010523,110872.3446243367,117570.75599999998,124269.16737566325,-134.51321785671942,112360.83,116610.14222218233,118983.7119939068,2.445e-05,2.4106,-2206.531236822135,-1562.4240168555364,34.298035462470295,-29229.01789,8720178406.136135,34.02414116185187,51.137782690999785,58.868352272727286,5232.27343,113480.20540349193,-41.131647727272714
2025-10-10 22:30:00+00:00,2169.9097813622748,110542.71076419942,117175.89550000001,123809.0802358006,-96.94978214251948,113700.0,116332.95703364504,118764.07851872679,2.445e-05,2.4106,-2157.8316080891527,-1681.1277053088183,42.23691047954958,-24369.219869999997,8720178406.136135,39.140479940006664,62.45810725907344,67.02458943142526,4137.90105,113443.05301149456,-32.975410568574745
2025-10-10 23:00:00+00:00,2092.1481516280696,110359.71915159712,116765.7195,123171.71984840289,-81.82632849987463,113771.8,116089.05453758022,118575.7385665627,2.445e-05,2.4106,-2089.7879155249393,-1763.0857833255823,46.05643040919912,-22495.836629999998,8720178406.136135,39.410765345839515,64.44294814266203,67.43590272383351,2338.55074,113369.89107169471,-32.56409727616649
2025-10-10 23:30:00+00:00,2096.591382152758,110108.09401088534,116320.23449999999,122532.37498911464,-73.01214335915886,112774.5,115773.38259009332,118348.20155250657,2.445e-05,2.4106,-2092.0673249301763,-1828.880952831977,44.66305147813718,-25146.1666,8720178406.136135,36.94748671962352,66.68288092119937,65.58815060833932,2638.81837,113224.57557794372,-34.41184939166068
2025-10-11 00:00:00+00:00,2045.404555333796,109880.03475014039,115882.06049999999,121884.0862498596,-86.71403596928685,112451.53,115457.0162319656,118117.19925519136,2.445e-05,2.4106,-2095.7824475777597,-1882.2685391248708,43.87795087432195,-27597.62446,8720178406.136135,36.15924538758319,65.85944116052777,64.55427014941043,2367.98263,113100.08776258632,-35.44572985058957
2025-10-11 00:30:00+00:00,1976.8800536885446,109703.5762647739,115483.13100000001,121262.68573522611,-71.86741769243636,112514.58,115176.78053804432,117895.9033144282,2.445e-05,2.4106,-2069.737174408583,-1919.714072405642,46.01603609269036,-26326.49455,8720178406.136135,36.444433756940086,65.4913958225083,66.33176670977511,1252.34615,112995.67021514686,-33.66823329022488
2025-10-11 01:00:00+00:00,1933.110635649776,109296.66551013464,115083.53250000002,120870.39948986539,-85.89251257726409,111260.89,114803.84988307851,117640.5861509052,2.445e-05,2.4106,-2125.9029076607694,-1961.1001687140754,45.439175371278864,-27824.228079999997,8720178406.136135,33.2632268995893,63.29161723945072,58.98881485916662,1447.38788,112686.86108307088,-41.01118514083339
2025-10-11 01:30:00+00:00,1862.270017489214,108947.70634679959,114687.352,120426.99765320041,-84.77704103768592,111095.37,114450.65430622666,117380.88147584828,2.445e-05,2.4106,-2158.713166348869,-2000.530673966492,44.870506361669186,-29006.832369999996,8720178406.136135,32.855806171605494,61.53500424075949,59.28443115333672,1349.03815,112393.53919068849,-40.71556884666328
2025-10-11 02:00:00+00:00,1825.8767116002123,108876.05708962558,114342.921,119809.78491037442,-64.78821814216371,112180.24,114234.41444320789,117172.64767788422,2.445e-05,2.4106,-2073.2349071488716,-2014.9411985163633,48.161449750088885,-27352.134839999995,8720178406.136135,38.20234237759731,61.728021162767675,66.91081747579966,1539.34389,112273.66174723489,-33.08918252420034
2025-10-11 02:30:00+00:00,1776.1508544013782,108904.54783604546,114092.4645,119280.38116395455,-33.71494882408743,113196.48,114135.55445593472,117012.79565229874,2.445e-05,2.4106,-1901.563481433448,-1992.1463736330415,48.53734032522412,-25599.566799999997,8720178406.136135,42.797462529456475,66.59514076798845,73.59017367482895,1387.2149,112161.80354420184,-26.409826325171043
2025-10-11 03:00:00+00:00,1753.5300435517715,108858.9682141258,113778.93999999999,118698.91178587418,-44.64452505898668,111880.26,113920.75173048516,116806.0029184374,2.445e-05,2.4106,-1850.3378793091833,-1963.6169696240638,46.865212766216004,-26508.979939999997,8720178406.136135,38.77665019108608,68.48005166953233,64.93916385796835,1280.98404,112017.89443463426,-35.060836142031654
2025-10-11 03:30:00+00:00,1671.2671821661827,108886.35318900118,113512.75050000001,118139.14781099884,-46.853720726680656,112300.01,113766.39630191613,116629.69744064542,2.445e-05,2.4106,-1755.7543376971444,-1922.0566066334213,49.95666602075242,-25910.293379999996,8720178406.136135,40.69053180600587,72.35975885377538,78.5499390285288,909.22905,111943.54361642776,-21.450060971471203
2025-10-11 04:00:00+00:00,1589.4786754894426,108995.6904649027,113245.87049999999,117496.05053509728,-36.944070688876465,112274.66,113624.30363491272,116449.1782871643,2.445e-05,2.4106,-1663.4230314513552,-1870.0340083315914,71.23324711648232,-26176.582259999992,8720178406.136135,40.60905465765991,69.12107106681232,63.87411031393977,608.62232,111870.08698193385,-36.12588968606023
2025-10-11 04:30:00+00:00,1568.1472372947014,109195.79660400549,113031.275,116866.7533959945,-20.815690486082378,112945.79,113559.66793132697,116305.15966175936,2.445e-05,2.4106,-1518.6282721220632,-1799.5512909158426,63.50760687901952,-24696.785659999994,8720178406.136135,43.8579133610858,65.00902873960804,52.60303687635551,838.11705,111815.21226050331,-47.39696312364449
2025-10-11 05:00:00+00:00,1524.1748081326016,109232.29203498646,112830.074,116427.85596501353,-25.661876800799583,112016.36,113412.70053084359,116143.14887069432,2.445e-05,2.4106,-1462.3034281941655,-1732.2895051468233,53.21874133636222,-25884.79589999999,8720178406.136135,40.54938972194059,47.59846532222938,26.31824877639282,696.83183,111678.22666830584,-73.68175122360718
2025-10-11 05:30:00+00:00,1452.1526881777045,109475.70986107267,112616.473,115757.23613892733,-18.45415865039578,112389.48,113315.2537659524,115997.15921379597,2.445e-05,2.4106,-1371.6492395272508,-1660.1983271585498,41.527912931579074,-25631.60554999999,8720178406.136135,42.426332920522306,38.36321307811355,36.16835358159228,560.03827,111597.71708682479,-63.83164641840772
2025-10-11 06:00:00+00:00,1392.7235651066474,110006.82698642834,112397.0055,114787.18401357166,17.337576372362747,112676.56,113254.43386431184,115870.42663238005,2.445e-05,2.4106,-1262.1504598747852,-1580.6947543454417,35.40665826398018,-25242.12122999999,8720178406.136135,43.89361409216415,35.41122181215324,43.74706307847455,537.20642,111563.96850267993,-56.25293692152545
2025-10-11 06:30:00+00:00,1341.5699474753958,110052.34953209899,112285.96399999999,114519.578467901,3.020629065196466,112045.99,113139.34024239263,115718.8381926611,2.445e-05,2.4106,-1212.1700731337914,-1506.9408597709262,39.98050947678577,-25859.83446999999,8720178406.136135,41.39718857092113,41.49703106023964,44.57567652065209,671.43362,111323.60373796921,-55.42432347934791
2025-10-11 07:00:00+00:00,1345.833676805285,110841.96720377306,112402.06849999998,113962.1697962269,-181.61031370750712,110754.18,112912.17664687664,115521.78083290857,2.445e-05,2.4106,-1262.2241360997868,-1457.9256253638152,41.430948804877296,-27446.13458999999,8720178406.136135,36.781773522764716,30.33248345223609,2.674710757581595,1847.36548,112351.35275846628,-97.3252892424184
2025-10-11 07:30:00+00:00,1314.6888715613366,110535.97392812867,112248.706,113961.43807187134,-238.69899153949632,110384.61,112671.4597076668,115321.91803243921,2.445e-05,2.4106,-1316.6233779978356,-1429.7136583801084,32.76908894798498,-29023.513939999993,8720178406.136135,35.55989719688603,18.78551372399573,9.106153893753486,1383.14773,112425.90654129746,-90.89384610624651
2025-10-11 08:00:00+00:00,1288.5687107420058,110375.69848714769,112178.1255,113980.5525128523,-164.08712165037028,110949.22,112507.4366942442,115150.3601804952,2.445e-05,2.4106,-1299.1653023302642,-1403.6015705308291,41.17528771415288,-27758.74086999999,8720178406.136135,38.898564475202164,12.785282287014718,26.574982209709045,1152.19048,112373.1815002265,-73.42501779029095
2025-10-11 08:30:00+00:00,1253.9493478253266,110364.34822622528,112059.5445,113754.74077377473,-97.1762880027616,111328.38,112395.13991511927,114998.03246665046,2.445e-05,2.4106,-1240.3787129606208,-1370.882639239114,48.46514645237563,-26726.57372999999,8720178406.136135,41.10563083222455,24.662396996792822,38.3060548869159,829.00646,112187.55233874447,-61.6939451130841
2025-10-11 09:00:00+00:00,1201.6724452187768,110453.87274518459,111958.852,113463.8312548154,-44.66765450927866,111757.95,112334.45186463605,114869.54701281902,2.445e-05,2.4106,-1145.933249435664,-1325.8494916724153,45.86723350189575,-25681.22341999999,8720178406.136135,43.59151800509368,38.82594391675192,51.59679465363078,858.61331,112043.37421163628,-48.40320534636922
2025-10-11 09:30:00+00:00,1143.6984370993143,110439.70706932513,111902.26600000002,113364.8249306749,-29.713374428401753,111642.78,112268.5795639474,114743.52966925094,2.445e-05,2.4106,-1068.107122959802,-1274.3169025214463,43.21691127363774,-26633.189719999988,8720178406.136135,43.06659775370271,45.978775409176826,48.03347668698377,768.67029,111868.68550568941,-51.96652331301623
2025-10-11 10:00:00+00:00,1103.67313743868,110441.97012452086,111889.56049999999,113337.15087547913,13.18568236010415,112197.42,112261.77288512577,114630.91158914476,2.445e-05,2.4106,-950.3991132741503,-1209.1451318839565,51.42075046309027,-25099.245419999992,8720178406.136135,46.414735024599935,57.42271171796144,72.63786381326973,818.85256,111818.38834776543,-27.362136186730275
2025-10-11 10:30:00+00:00,1047.3760093378526,110446.21510402249,111869.5635,113292.91189597752,30.591950474218834,112114.64,112247.7635541688,114533.66980395469,2.445e-05,2.4106,-854.2434426096152,-1138.2084325468522,57.44827397162756,-26092.80387999999,8720178406.136135,45.98007586191444,63.4851925476346,69.78423714265027,531.89934,111777.62407081902,-30.21576285734973
2025-10-11 11:00:00+00:00,1019.0094431032438,110514.71909912836,111924.019,113333.31890087164,30.318391725094333,112350.0,112257.5182101253,114455.74345627676,2.445e-05,2.4106,-750.5530557977909,-1060.9116642790477,57.33430330262895,-26004.977729999995,8720178406.136135,47.48320065383984,73.43992204637455,77.89766518320361,577.40915,111797.82158988038,-22.102334816796386
2025-10-11 11:30:00+00:00,963.7503784902902,110619.39369312479,111983.25050000001,113347.10730687523,41.8777419592203,112280.0,112259.66394332817,114372.41079258839,2.445e-05,2.4106,-666.236451454999,-982.0371339347927,55.68042754323086,-26674.92308999999,8720178406.136135,47.062826748667796,74.78861519774428,76.68394326737896,392.49833,111840.1889149564,-23.316056732621032
2025-10-11 12:00:00+00:00,925.573492482836,110619.79757013638,111997.57149999999,113375.3454298636,48.132405579306386,112466.66,112279.37472954032,114296.32664416566,2.445e-05,2.4106,-577.6211566580896,-901.1129358093922,61.10087644004388,-26110.14601999999,8720178406.136135,48.37421727121002,81.26580416890558,89.21580405613417,514.26151,111849.40855665885,-10.784195943865827
2025-10-11 12:30:00+00:00,881.0652564275861,110678.71212784655,111956.7545,113234.79687215344,55.550824206793024,112380.14,112288.98909758261,114228.81385203375,2.445e-05,2.4106,-508.72245875099907,-822.8668377713498,65.79826222864483,-26727.75396999999,8720178406.136135,47.78153436954386,83.95578009949566,85.96759297497381,483.29562,111775.3385765271,-14.032407025026194
2025-10-11 13:00:00+00:00,841.5382770228953,110691.49388846447,111980.0405,113268.58711153554,56.034270150793205,112345.98,112294.43760580546,114163.95941867701,2.445e-05,2.4106,-451.7300173322001,-748.9125218460969,65.33845861175621,-27444.449199999992,8720178406.136135,47.532251834802814,87.46709408268066,87.217885216934,388.38389,111741.25830717564,-12.782114783066007
2025-10-11 13:30:00+00:00,816.2155187376936,110691.40776691218,111978.433,113265.45823308783,33.32604144317734,112267.86,112291.90871083873,114090.59805916228,2.445e-05,2.4106,-408.0036448391329,-680.7610079015342,65.85050330973638,-28530.253339999992,8720178406.136135,46.93480228778509,87.85065127530179,90.3664756339975,585.10142,111732.51165663809,-9.633524366002499
2025-10-11 14:00:00+00:00,784.9755233018319,110686.40721583538,111966.67049999998,113246.93378416458,26.15536635369063,112039.41,112267.8724060303,114014.99143708435,2.445e-05,2.4106,-387.4148828527832,-622.2386739279735,75.75749950308014,-29193.754809999988,8720178406.136135,45.14696260039943,86.15681419286949,80.88608172767697,384.18505,111718.68916197005,-19.11391827232303
2025-10-11 14:30:00+00:00,751.0681712787474,110719.65912381196,111918.97949999999,113118.29987618802,17.964702014087607,111991.97,112241.6184341005,113945.34947867124,2.445e-05,2.4106,-370.78758000682865,-572.2430873171188,81.60287366519242,-30337.700309999993,8720178406.136135,44.762655097117005,83.17372125621169,78.26860640696057,674.36747,111685.60148244153,-21.73139359303943
2025-10-11 15:00:00+00:00,727.7060486386615,110723.22298437214,111928.40699999998,113133.59101562781,42.351247279669735,112204.91,112238.118257367,113875.31141699353,2.445e-05,2.4106,-336.3093502913689,-525.0020617654026,79.72794318343847,-30209.44036999999,8720178406.136135,46.92850780143511,80.82242879687641,83.31259825599166,311.65518,111665.59343296145,-16.68740174400834
2025-10-11 15:30:00+00:00,706.8435033008057,110711.1370903126,111898.59300000002,113086.04890968745,8.821582211036487,111793.2,112195.7024765745,113775.26083709294,2.445e-05,2.4106,-337.9027385953086,-487.0228841416883,73.99196205867628,-29328.67804999999,8720178406.136135,43.39214470222575,67.97034044089436,42.32981665973083,339.99337,111646.80889734653,-57.67018334026917
2025-10-11 16:00:00+00:00,677.4980944401168,110722.3238878459,111855.07949999999,112987.83511215409,7.542493690131933,111806.29,112158.58602221315,113685.28673280145,2.445e-05,2.4106,-334.3233729863132,-456.0951059550341,67.07071235099585,-27305.14566999999,8720178406.136135,43.541813010225525,52.14698616132649,30.798543568256928,367.84058,111619.57202794998,-69.20145643174307
2025-10-11 16:30:00+00:00,661.5588733518116,110715.72523534448,111845.089,112974.45276465554,-15.176120195702152,111846.18,112128.81778119152,113606.56465381358,2.445e-05,2.4106,-324.6273787793325,-429.6009206452956,58.81904632799806,-25322.006799999992,8720178406.136135,44.017517134531055,37.09247661454328,38.14906961564208,466.7363,111592.8032274365,-61.85093038435792
2025-10-11 17:00:00+00:00,647.7913725877088,110896.59253126306,111913.5145,112930.43646873695,25.465878499970643,112122.69,112128.22319641661,113543.62983318609,2.445e-05,2.4106,-291.2936944155954,-401.7952736763518,55.82429495841597,-25269.930429999993,8720178406.136135,47.31839393666618,44.41811401128505,64.30672884995612,354.97789,111668.3877711038,-35.693271150043884
2025-10-11 17:30:00+00:00,624.9012938544004,111258.32868776652,111994.5625,112730.79631223348,17.27025807034516,112005.57,112116.5460884481,113485.10509843667,2.445e-05,2.4106,-271.33979493747756,-375.75863251122576,54.330524335618186,-26130.534749999988,8720178406.136135,46.078884550278026,51.89435147433039,53.22725595739297,323.74762,111824.75729956511,-46.77274404260703
2025-10-11 18:00:00+00:00,593.7534137671186,111479.18971860962,112041.826,112604.46228139038,-26.62946434912829,111894.49,112095.40207952342,113424.53713676656,2.445e-05,2.4106,-261.4823093740415,-352.95836246769835,48.05817106994159,-27010.52520999999,8720178406.136135,44.878037828855845,53.417715930841894,42.719162985176595,180.67273,111949.44506678566,-57.280837014823405
2025-10-11 18:30:00+00:00,558.6790031357372,111612.38093451512,112073.17050000001,112533.96006548489,-44.37663666117407,111955.27,112081.99790714342,113341.76394170272,2.445e-05,2.4106,-245.2922284938686,-330.6604564609455,45.39720946781365,-22847.70434999999,8720178406.136135,45.721016731751206,48.13844295818429,48.4689099319833,112.11675,112015.15911394857,-51.5310900680167
2025-10-11 19:00:00+00:00,591.8918094680923,111521.90299551473,112054.85050000002,112587.7980044853,-217.1437953174985,111391.55,112016.25885878375,113273.0115450309,2.445e-05,2.4106,-275.4756843219657,-319.85838119569087,34.22348329021864,-25947.28067999999,8720178406.136135,39.71913451519048,39.097135416831144,26.103333333333527,805.5321,112005.67292206944,-73.89666666666648
2025-10-11 19:30:00+00:00,589.3360441174544,111397.92363961377,112031.62700000001,112665.33036038624,-284.3874424494823,111178.31,111936.48332764518,113203.44039473095,2.445e-05,2.4106,-313.13940928726515,-318.8968221623116,25.66210700920199,-27508.296389999985,8720178406.136135,37.69758308807704,31.231457264869775,19.12212852929249,527.28762,111984.37225642877,-80.8778714707075
2025-10-11 20:00:00+00:00,610.1380260097907,111075.08324614569,111952.70999999999,112830.3367538543,-277.12833627931127,110619.08,111811.00505646401,113097.21929526597,2.445e-05,2.4106,-383.3192037637491,-331.63314566128383,18.164734197291594,-27674.429999999986,8720178406.136135,32.97374094469055,17.392672618818064,6.95255599382814,652.40819,111897.92505845663,-93.04744400617186
2025-10-11 20:30:00+00:00,650.7017223322335,110713.23549936622,111859.227,113005.21850063378,-279.84171487306065,110244.98,111661.8578748324,112984.52993715124,2.445e-05,2.4106,-463.85645404494426,-358.0523684667087,16.790865400704476,-28547.856199999984,8720178406.136135,30.24297168330247,15.905683047227015,21.642364618560396,1100.12959,111695.16204597964,-78.35763538143961
2025-10-11 21:00:00+00:00,697.4382920773735,110571.77931805541,111781.875,112991.97068194459,-189.97304290582133,110802.96,111580.07643515375,112906.90455595058,2.445e-05,2.4106,-477.36472032820166,-382.15579167907424,27.73020158085066,-28083.22227999998,8720178406.136135,38.42994168570775,24.182496687414243,43.952569449854174,858.97173,111557.07497951908,-56.047430550145826
2025-10-11 21:30:00+00:00,677.3189384463403,110466.23303702746,111712.552,112958.87096297253,-110.63074454147949,110893.54,111514.68597301854,112825.3413113687,2.445e-05,2.4106,-475.05941525346134,-400.6572431394768,33.17395615371021,-27485.460989999985,8720178406.136135,39.66921553797072,37.58487482465353,47.15969040554603,240.44485,111510.72141327756,-52.84030959445397
2025-10-11 22:00:00+00:00,657.7981728644728,110395.19537148914,111635.6625,112876.12962851087,-89.36868987717696,110928.87,111458.89065611438,112749.53664180134,2.445e-05,2.4106,-465.0396394182608,-413.490153382563,33.19824367272349,-26827.961259999985,8720178406.136135,40.17517245488202,47.460834693257716,51.27024422437294,317.74591,111445.41062081771,-48.72975577562706
2025-10-11 22:30:00+00:00,637.8933879163093,110352.17488270154,111568.81900000002,112785.4631172985,-56.93375295418646,111043.27,111419.31746638397,112686.82529260847,2.445e-05,2.4106,-442.89341497544956,-419.4985133262138,37.51052380058521,-26923.19466999998,8720178406.136135,41.87140235975817,51.63256307598882,56.46775459804745,253.35009,111388.8461945076,-43.53224540195255
2025-10-11 23:00:00+00:00,613.5291132219816,110308.82359119398,111499.014,112689.204408806,-63.5125917984645,110949.88,111374.61828812577,112622.66128544213,2.445e-05,2.4106,-427.9545753985876,-421.30984661534256,38.18317553560949,-27573.494069999982,8720178406.136135,40.8497246093739,53.54886730515974,52.908603093058794,255.21194,111336.33587217802,-47.091396906941206
2025-10-11 23:30:00+00:00,595.1269436196742,110227.02398258554,111417.84099999999,112608.65801741443,-77.76052188014592,110644.4,111305.07887315942,112547.32065955884,2.445e-05,2.4106,-435.715706917661,-424.2590588347387,38.942954569395965,-28125.971039999986,8720178406.136135,37.62121891282008,50.21430876214154,41.26656859531837,344.66979,111258.52030917256,-58.73343140468163
2025-10-12 00:00:00+00:00,608.2429672850565,109992.3333710508,111312.11649999997,112631.89962894915,-129.87165931937756,109924.92,111173.63855315903,112445.94174910964,2.445e-05,2.4106,-494.21498559234897,-438.2946365671887,32.22895136089454,-28923.161239999987,8720178406.136135,31.340046758388098,36.014472353110236,13.868245370953534,568.77432,111153.97675964246,-86.13175462904647
2025-10-12 00:30:00+00:00,629.599274869327,109727.52059569013,111194.595,112661.66940430987,-143.23008587811668,109641.54,111027.73019527482,112338.46516732808,2.445e-05,2.4106,-557.051740500945,-462.1220531749997,26.14628826380219,-29740.956919999982,8720178406.136135,29.266197048928703,19.459929404491437,3.2449742472023884,602.7774,111003.81763297172,-96.75502575279761
2025-10-12 01:00:00+00:00,619.0947624545469,109598.96043079975,111082.531,112566.10156920025,-129.19785463838082,109963.63,110926.38001620317,112242.18102509393,2.445e-05,2.4106,-574.1147816534794,-484.4247406269901,33.1069728175722,-28792.160659999983,8720178406.136135,34.563774693705554,11.14367877763973,16.317816714763254,623.76179,110890.83842484759,-83.68218328523675
2025-10-12 01:30:00+00:00,610.2973578116301,109471.66980853067,110991.799,112511.92819146933,-104.83959831468607,109978.56,110836.11777748322,112156.1465061221,2.445e-05,2.4106,-579.8789401985123,-503.5987193493769,37.13360188543623,-28499.51209999998,8720178406.136135,34.805945201818304,12.162193242714986,16.923788766179275,581.64849,110801.59709407775,-83.07621123382073
2025-10-12 02:00:00+00:00,614.6629111394598,109434.25445519101,110923.85650000002,112413.45854480904,-72.70522838574067,110447.44,110799.1090478265,112092.67957445854,2.445e-05,2.4106,-540.4125411096611,-511.06913108158665,45.21991898508237,-28450.034559999982,8720178406.136135,42.097467499400494,26.947026298829257,47.599473415545226,472.07095,110734.17639243936,-52.400526584454774
2025-10-12 02:30:00+00:00,649.9778743631559,109371.72236912181,110837.49850000002,112303.27463087822,-80.79426343682076,110119.02,110734.33383647479,112013.19751018139,2.445e-05,2.4106,-529.4102098800213,-514.6740062972741,44.96027740139951,-28962.720259999984,8720178406.136135,38.82210128162649,31.792250656578748,30.85348978801176,574.97728,110651.68062514326,-69.14651021198824
2025-10-12 03:00:00+00:00,701.1321712713703,109434.88716992218,110779.38099999998,112123.87483007778,-0.9604174768599959,110960.34,110755.86093900965,111973.07735077999,2.445e-05,2.4106,-447.71328711627575,-501.3173795737492,55.74300152695222,-28095.772799999977,8720178406.136135,49.63460858787146,51.95984993041722,77.42658658769466,985.34585,110617.18605166597,-22.573413412305346
2025-10-12 03:30:00+00:00,695.8808259228515,109491.66717101698,110712.90250000001,111934.13782898305,15.661280125403755,110676.0,110748.24748816204,111918.90977829417,2.445e-05,2.4106,-401.18330621560744,-481.1901941725989,66.78977236991363,-28304.07260999998,8720178406.136135,46.635726759140596,56.65575673272861,61.68719382247941,376.22816,110581.75851553623,-38.31280617752059
2025-10-12 04:00:00+00:00,688.9937364458343,109560.57141257884,110674.74700000002,111788.9225874212,47.47187041805121,111131.38,110784.72512405261,111883.20134331386,2.445e-05,2.4106,-323.78108986905136,-449.5617014841302,63.932783456863596,-27527.344069999977,8720178406.136135,51.67544074437294,75.3276384819267,86.86913503560605,298.47741,110570.36544573678,-13.130864964393956
2025-10-12 04:30:00+00:00,698.761658630693,109625.54573115964,110653.227,111680.90826884036,139.80360818423992,111524.87,110855.20330283015,111864.05019857017,2.445e-05,2.4106,-228.03467803928652,-405.10129504697295,65.7964588428253,-26291.47776999998,8720178406.136135,55.580083069513414,76.82848164705315,81.92911608307399,589.3466,110608.27307739411,-18.07088391692601
2025-10-12 05:00:00+00:00,677.1238364459726,109604.55799192844,110662.84550000001,111721.13300807159,126.54601588722007,111583.92,110924.62033883476,111859.73371597071,2.445e-05,2.4106,-145.97328582756745,-353.4784235776285,61.7065532748659,-26524.05525999998,8720178406.136135,56.15018893366818,84.39864337535703,84.39767900739102,253.67947,110562.26971864948,-15.60232099260898
2025-10-12 05:30:00+00:00,656.9057908945867,109557.84258746404,110688.949,111820.05541253595,146.70835434475154,111700.38,110998.48539195335,111846.2224681133,2.445e-05,2.4106,-70.41758997346915,-296.64549792525537,61.88686264402542,-26013.298029999984,8720178406.136135,57.32148574596792,85.19768012218098,89.26624527607795,283.82971,110561.75774083669,-10.73375472392205
2025-10-12 06:00:00+00:00,646.3582605101857,109501.28603411566,110754.67599999998,112008.06596588429,160.36660498822746,111933.62,111087.55650576041,111854.25893188734,2.445e-05,2.4106,7.92965117940912,-235.87057971876098,66.2970628693516,-25918.223029999983,8720178406.136135,59.63881777500784,88.72317951032149,92.50561424749557,382.79854,110595.62749299082,-7.494385752504428
2025-10-12 06:30:00+00:00,622.3582822242978,109533.76990850737,110826.72750000001,112119.68509149265,126.83502215491298,111686.01,111144.54989488778,111846.71892162533,2.445e-05,2.4106,49.585953200090444,-178.75063702851412,65.91686565679719,-26055.766019999977,8720178406.136135,56.15122029309857,88.20230268339988,82.83504852662615,381.2486,110685.02789667013,-17.16495147337384
2025-10-12 07:00:00+00:00,605.3290160648078,109529.59369140043,110867.399,112205.20430859958,107.19325314328857,111616.39,111189.4926023445,111840.08471369161,2.445e-05,2.4106,76.02737858121691,-127.8679394233887,68.14788930795142,-26631.800889999984,8720178406.136135,55.1731940851289,85.15221933644482,80.11599523521272,334.74174,110751.03877289793,-19.88400476478728
2025-10-12 07:30:00+00:00,579.3622401187087,109530.72147623078,110898.982,112267.24252376922,81.85494833213579,111525.2,111221.47341276844,111831.48288792689,2.445e-05,2.4106,88.56167621263012,-84.69590844343014,72.3248485632964,-27104.117329999983,8720178406.136135,53.84977612154637,79.72706377866407,76.23014757415338,207.17554,110768.81120885054,-23.76985242584662
2025-10-12 08:00:00+00:00,560.8986807532169,109521.48595067555,110940.643,112359.80004932445,83.76738628697233,111762.09,111272.95838450307,111827.75890669359,2.445e-05,2.4106,116.36980778658472,-44.452284532144695,70.59924265100956,-26630.91854999998,8720178406.136135,56.74932705971765,80.65205933672569,85.61003520081097,244.11852,110790.56183308086,-14.389964799189036
2025-10-12 08:30:00+00:00,553.8487096165005,109526.22827453143,110954.02449999998,112381.82072546854,54.27191266738897,111310.9,111276.56581443771,111804.87459532378,2.445e-05,2.4106,100.8805706769781,-15.30621033430483,63.553998750878215,-26285.420249999985,8720178406.136135,50.27299889398421,76.52830517400446,67.74473274704903,329.38062,110807.33658881528,-32.25526725295098
2025-10-12 09:00:00+00:00,534.5040589986295,109535.66425426818,110975.98000000001,112416.29574573184,35.666863435887024,111388.99,111287.27024745058,111787.4288593658,2.445e-05,2.4106,93.79913584332098,6.549408288863752,57.84315772120745,-26070.93284999998,8720178406.136135,51.309450311952205,74.73051647654015,70.83678148176047,222.34323,110815.9142398534,-29.163218518239525
2025-10-12 09:30:00+00:00,537.7275604697934,109556.90264683182,111035.612,112514.32135316817,70.02674711080134,111837.04,111339.61373079299,111782.66439888407,2.445e-05,2.4106,123.06150262140727,30.055803275369115,67.09585916567076,-24576.390279999978,8720178406.136135,56.86556937780255,74.99855021596363,86.41413641908146,373.70213,110856.02381122169,-13.585863580918542
2025-10-12 10:00:00+00:00,532.6421722510086,109713.57033296174,111120.0655,112526.56066703825,67.9924433690878,111613.99,111365.75897322208,111782.16752424157,2.445e-05,2.4106,126.51002532725397,49.16067338997061,62.42418268974685,-25573.17355999998,8720178406.136135,53.586421163880395,74.55272621330647,66.40726073907754,324.76496,110935.82822438468,-33.59273926092245
2025-10-12 10:30:00+00:00,513.8948928487155,109972.72019095568,111220.57049999999,112468.4208090443,49.782807649522944,111651.64,111393.00006204778,111783.23361572271,2.445e-05,2.4106,130.74944104375027,65.29041559046021,56.27445326667279,-25585.189049999983,8720178406.136135,54.064868094457225,73.80206612422765,68.58480121452398,212.21285,111031.60144548112,-31.41519878547602
2025-10-12 11:00:00+00:00,507.80840060273965,110185.30848375848,111309.389,112433.46951624152,59.305462912161694,111740.0,111426.05267700457,111783.69780953664,2.445e-05,2.4106,139.70311007510463,80.10730423502739,57.302755495234216,-25390.75541999998,8720178406.136135,55.23674090839467,65.40447713073542,61.221369438604754,403.31829,111155.79418927572,-38.778630561395246
2025-10-12 11:30:00+00:00,503.66343384480837,110437.23296292587,111402.879,112368.52503707413,84.96625907913523,111848.36,111466.25451506088,111778.50189975937,2.445e-05,2.4106,153.99888153573556,95.1206539075393,58.34566926946205,-24406.701799999984,8720178406.136135,56.701493993446704,67.04052446233612,71.31540273387964,700.98035,111302.05791182548,-28.68459726612036
2025-10-12 12:00:00+00:00,497.32591298079785,110587.38908300293,111480.73900000002,112374.0889169971,111.9621350186268,112004.64,111517.53010810872,111787.7089811883,2.445e-05,2.4106,175.7464191015897,111.23550414999352,66.02419960256064,-24100.60495999998,8720178406.136135,58.78946752426147,70.14495206022121,77.89808400817927,558.23799,111412.79690031175,-22.101915991820736
2025-10-12 12:30:00+00:00,496.0820442345888,110917.4380414277,111564.268,112211.0979585723,63.545192258391594,111789.6,111543.44813885413,111790.63819777718,2.445e-05,2.4106,173.5666338593728,123.61493959212169,58.27297678988553,-24653.93925999998,8720178406.136135,54.86700091759565,69.24695547277123,58.52737967625483,456.31407,111526.93384279271,-41.47262032374517
2025-10-12 13:00:00+00:00,487.14737164978914,111014.56944001732,111600.10399999998,112185.63855998263,40.65537972308499,111677.06,111556.17118303088,111785.36595734689,2.445e-05,2.4106,160.98069580984884,131.11296297297704,51.76350179050135,-24781.36995999998,8720178406.136135,52.87965629457075,61.60509730091695,48.38982821831678,288.17569,111637.19366619554,-51.61017178168322
2025-10-12 13:30:00+00:00,493.25992622575825,111199.31703020417,111631.17999999998,112063.04296979579,-66.84422434059663,111297.52,111531.5420035844,111768.07690977478,2.445e-05,2.4106,118.94803606130881,128.6239778558544,47.15499832491681,-25833.72620999998,8720178406.136135,46.729582016028715,40.372749137488874,14.201039517895028,875.64075,111656.93517489059,-85.79896048210497
2025-10-12 14:00:00+00:00,481.070785275117,111274.7533428834,111648.67399999997,112022.59465711654,-113.87637933586508,111481.26,111526.75282788066,111756.65066968859,2.445e-05,2.4106,99.35982572483772,122.77657417499066,48.02248463803631,-25490.71168999998,8720178406.136135,49.77463916351116,31.11437399223532,30.752254240494175,235.4354,111675.53784775094,-69.24774575950582
2025-10-12 14:30:00+00:00,576.2783861991284,111214.78372906269,111689.3355,112163.88727093731,208.57875067251638,112338.1,111604.02613833162,111780.38142614851,2.445e-05,2.4106,151.20669942806126,128.4343641101618,66.45462898907834,-23071.641659999983,8720178406.136135,60.976443502224946,36.56214744324191,64.73314857133657,2563.3356,111815.27537599207,-35.266851428663436
2025-10-12 15:00:00+00:00,654.3197909779097,110971.11287505037,111768.61400000002,112566.11512494966,375.42606867713823,113169.49,111753.13333689282,111841.50646841248,2.445e-05,2.4106,256.2856955828174,153.80247211069155,74.35072041417227,-20601.40224999998,8720178406.136135,68.35066239183388,57.78962602096308,77.8834752510585,2614.30169,112080.7497233249,-22.116524748941508
2025-10-12 15:30:00+00:00,672.7262906318954,110832.86884029674,111843.505,112854.14115970327,255.84024691939538,113198.2,111890.74687468227,111889.58991964378,2.445e-05,2.4106,338.2393436906423,190.8454951070969,67.01395486111798,-17704.25262999998,8720178406.136135,68.57452206519028,73.8672667224932,78.98517634508458,1428.97545,112186.85047303948,-21.014823654915414
2025-10-12 16:00:00+00:00,704.2239464711764,110647.58169885945,111929.31300000001,113211.04430114057,280.02789624344996,113649.78,112058.25472666649,111950.36487093793,2.445e-05,2.4106,434.7107348346617,239.86939769799233,73.49226142224569,-15314.339879999981,8720178406.136135,71.90228917715564,78.57753445318465,78.86395176341091,2112.80359,112412.34140406745,-21.136048236589094
2025-10-12 16:30:00+00:00,748.7787413228118,110470.46085085117,112048.48000000001,113626.49914914885,234.1973417520969,114069.35,112249.75820587779,112020.76660973573,2.445e-05,2.4106,538.9464521949849,300.0707437563597,75.6020664597656,-13031.107499999976,8720178406.136135,74.59827989853216,79.9814599077435,82.09525161473506,1487.75848,112580.47593685798,-17.904748385264934
2025-10-12 17:00:00+00:00,737.8314509542761,110333.50959777492,112184.50699999998,114035.50440222505,192.18989363427306,114336.93,112448.48594828165,112089.78198236358,2.445e-05,2.4106,636.0811380372324,367.9359602011724,76.37820259693223,-8243.220409999982,8720178406.136135,76.1780003087551,83.55043453272519,89.69210022002962,780.03127,112676.58297500934,-10.307899779970388
2025-10-12 17:30:00+00:00,748.3190864449655,110346.46151998546,112298.24650000001,114250.03148001456,132.33036203832472,113799.99,112577.19109283334,112152.73548352241,2.445e-05,2.4106,661.758937978957,426.825600801293,73.23100156089795,-6773.574169999986,8720178406.136135,67.22024196235895,82.07840632171674,74.44786713038556,834.3101,112750.01001009157,-25.552132869614443
2025-10-12 18:00:00+00:00,727.5142378091272,110351.58177281242,112404.851,114458.12022718757,115.77500425460818,113894.18,112702.62063965033,112221.90471446193,2.445e-05,2.4106,681.7449095496704,477.78279397385296,73.28839551742836,-8677.16960999998,8720178406.136135,67.93255864434201,80.4206591430666,77.12201007878467,427.95325,112795.50153607699,-22.87798992121533
2025-10-12 18:30:00+00:00,708.8750887802396,110448.7375060328,112533.25250000002,114617.76749396723,90.99646667689345,113878.93,112814.61493827814,112271.70326280064,2.445e-05,2.4106,688.7988201376284,520.4475398886931,70.14472757728286,-7702.1691899999805,8720178406.136135,67.68480423958196,76.08630846759876,76.68904819362604,389.97215,112844.01951832118,-23.310951806373964
2025-10-12 19:00:00+00:00,698.699494816265,110529.72093415835,112678.30250000002,114826.88406584169,101.62839708595487,114289.99,112955.1246142106,112349.88688497407,2.445e-05,2.4106,718.9826083337248,560.183884735307,69.63563581163095,-5679.822419999988,8720178406.136135,70.87780389949366,80.72349587148358,88.35942934204004,297.95356,112886.30237347627,-11.640570657959962
2025-10-12 19:30:00+00:00,670.8862894691401,110575.14349493427,112803.56450000001,115031.98550506575,96.91537294919648,114342.28,113087.21318578221,112418.75195512197,2.445e-05,2.4106,738.8108663139865,596.191017352727,72.41815625814105,-5285.683049999992,8720178406.136135,71.27247174783673,84.96415643409749,89.84399176662642,304.56652,112936.42625334229,-10.156008233373587
2025-10-12 20:00:00+00:00,695.6881845413421,110590.58309900551,112984.4095,115378.23590099448,126.74012962775764,115230.89,113291.3724122955,112528.82891300532,2.445e-05,2.4106,816.6297962347162,640.284943044536,75.39744171931679,-3611.2587299999896,8720178406.136135,76.9145684575319,91.72785784157064,96.98015241604541,886.45128,113059.57644729724,-3.0198475839545917
2025-10-12 20:30:00+00:00,686.8833729831215,110693.98639661669,113148.226,115602.4656033833,119.78005450351633,114927.97,113447.22359161625,112616.32511834757,2.445e-05,2.4106,844.2816954157606,681.284553788558,81.15600176674097,-3970.3771700000025,8720178406.136135,71.74558015126742,91.40784142203478,87.39938008343253,930.91126,113178.35548603149,-12.600619916567474
2025-10-12 21:00:00+00:00,704.2115317651312,110823.93387370322,113308.883,115793.83212629678,107.17784814362447,114953.14,113590.59542942193,112686.90646122431,2.445e-05,2.4106,858.7032406766666,717.4084439486389,77.4365681819792,-202.40408000000184,8720178406.136135,71.92697853932914,89.91737898097244,85.37260444343941,952.42579,113303.84673876439,-14.627395556560588
2025-10-12 21:30:00+00:00,706.9101917897136,110980.38847195309,113460.568,115940.74752804691,77.3742119638072,114882.06,113713.61735635178,112783.91516826171,2.445e-05,2.4106,853.8583773518039,744.366345893167,69.75713552089083,-2606.170480000001,8720178406.136135,70.63880117914728,84.12918128938507,79.6155593412833,659.23508,113403.56445422897,-20.384440658716706
2025-10-12 22:00:00+00:00,720.0351975125092,111121.64260027622,113622.023,116122.40339972379,107.31037505526855,115233.74,113858.40741499653,112887.09949075089,2.445e-05,2.4106,868.4371973359666,768.9642964687206,66.52313677514876,-2379.4684500000003,8720178406.136135,73.19013121017954,83.02513471360199,84.08724035608324,1215.58373,113558.88295474963,-15.91275964391676
2025-10-12 22:30:00+00:00,699.9544855368691,111349.4002068163,113793.61299999998,116237.82579318367,102.59150184478897,115221.4,113988.10221241794,112929.41031040458,2.445e-05,2.4106,870.300325154356,790.7280488699977,71.47454500109873,4659.404969999996,8720178406.136135,72.9832126567824,80.79047881661181,78.66863675246888,527.81252,113645.57728420431,-21.331363247531115
2025-10-12 23:00:00+00:00,691.8366302523375,111654.19009553378,113972.02249999999,116289.8549044662,86.36193418648628,115245.25,114107.59289694174,112917.60635969123,2.445e-05,2.4106,865.2035256954114,808.7427101360819,60.84268860060487,30743.92825000002,8720178406.136135,73.23960478915944,80.29001542704127,78.11416917257169,708.10994,113723.83832567027,-21.88583082742831
2025-10-12 23:30:00+00:00,677.591722923179,112154.47394750276,114155.0865,116155.69905249725,78.13145949881157,114958.8,114188.86471910626,113085.94085135704,2.445e-05,2.4106,824.3091675034811,809.1721579145163,52.056259053812155,15660.875769999999,8720178406.136135,67.3063882335074,73.59579507470795,64.0045792990833,391.30476,113850.18054025203,-35.99542070091669
2025-10-13 00:00:00+00:00,708.7826483991274,112711.27214766528,114341.955,115972.63785233472,92.41937264300627,115218.63,114286.89316017964,113150.38669135893,2.445e-05,2.4106,805.8496000356681,809.09097067164,53.144113737871315,18872.415960000006,8720178406.136135,69.70823806588044,71.29819367497697,71.77583255327596,987.87595,113947.58461655986,-28.22416744672404
2025-10-13 00:30:00+00:00,694.8462588194142,113094.19293043893,114489.09200000002,115883.9910695611,80.28112275834367,115280.84,114381.60931471123,113257.48719321795,2.445e-05,2.4106,786.2139657768421,803.799576138965,55.07404146778389,14132.50374,8720178406.136135,70.2613402909572,69.92293965524915,73.98840711338825,492.36121,114229.57242362265,-26.011592886611755
2025-10-13 01:00:00+00:00,686.2251627984432,113274.29865814147,114610.7175,115947.13634185852,93.65155894848122,115602.0,114497.83992377864,113350.69168985018,2.445e-05,2.4106,787.9365067460021,800.5885740518777,55.63646842284726,10532.88204,8720178406.136135,73.03445345534536,77.83719842679629,87.7473556137247,538.27935,114466.48748180814,-12.252644386275312
2025-10-13 01:30:00+00:00,654.857524543808,113484.72977552097,114736.47350000001,115988.21722447904,111.06624463384748,115713.32,114613.55930628355,113425.80327450481,2.445e-05,2.4106,789.6322775488079,798.9305258978202,59.31933892487198,13748.18692,8720178406.136135,73.95510170266257,84.42056815477478,91.52594173721141,276.21888,114628.77513084185,-8.474058262788587
2025-10-13 02:00:00+00:00,676.6902666719526,113652.06742824512,114814.51900000001,115976.97057175491,74.33316317130901,115210.69,114670.41574006298,113490.11843809957,2.445e-05,2.4106,741.6471447808435,787.6465271075053,54.61239971056026,15302.08275,8720178406.136135,63.559899354953025,79.69136493388538,59.80079745072006,543.25106,114800.02277700977,-40.19920254927994
2025-10-13 02:30:00+00:00,649.7814356903742,113747.58378633915,114877.05,116006.51621366086,61.22384642218583,115319.97,114732.28061885842,113562.98624587155,2.445e-05,2.4106,704.1760765190265,770.918727010042,50.65906952139081,13373.689839999997,8720178406.136135,64.72101399393122,71.48428771567221,63.12612395908518,439.58972,114907.30264191722,-36.87387604091482
2025-10-13 03:00:00+00:00,639.2002500084283,113810.671184772,114918.05899999998,116025.44681522796,53.62762997708265,115157.11,114772.68949118572,113603.45101129758,2.445e-05,2.4106,654.352021456245,748.2756771680378,43.957643018398485,14688.77383,8720178406.136135,61.585163844718245,58.90858664589698,53.79883852788574,327.34562,114961.57312695043,-46.20116147211426
2025-10-13 03:30:00+00:00,636.0505390765501,113985.37545062696,114969.1155,115952.85554937304,-13.58315026071157,114821.12,114777.29517818277,113648.29157165698,2.445e-05,2.4106,580.6796551201987,714.8449688067811,35.23018151840954,15420.775460000003,8720178406.136135,55.57629036154948,50.49368292040365,34.556086274240066,518.68679,115032.8064306873,-65.44391372575993
2025-10-13 04:00:00+00:00,618.047402210194,114140.32299811568,115006.97950000002,115873.63600188436,-47.97051397696034,114651.46,114765.355067394,113706.71219655559,2.445e-05,2.4106,502.29203845416487,671.7543518763771,37.90438544476208,13724.174990000003,8720178406.136135,52.76607546454684,37.7314258005644,24.839352599567427,347.56232,115063.32303151459,-75.16064740043258
2025-10-13 04:30:00+00:00,616.8368385838088,114335.99533488316,115048.4405,115760.88566511683,-80.01399029798147,114708.15,114759.94836200764,113763.85788981573,2.445e-05,2.4106,439.6340278200514,624.7869495582736,37.532647746503265,12923.278999999999,8720178406.136135,53.598641674767435,26.396928325927252,19.7953461039743,738.4479,115081.48072376003,-80.2046538960257
2025-10-13 05:00:00+00:00,596.6548306853474,114426.88440393396,115069.63249999999,115712.38059606602,-101.10366229072464,114713.83,114755.50252117758,113777.9620292247,2.445e-05,2.4106,386.90189159188594,577.9136611930307,25.604549260724923,14315.050570000001,8720178406.136135,53.70212993554606,21.597617321338465,20.158153260473696,217.01839,115096.91899007473,-79.8418467395263
2025-10-13 05:30:00+00:00,568.5496669402844,114492.76322698685,115083.10949999999,115673.45577301313,-129.69482789260883,114611.82,114741.83556994791,113818.04490208499,2.445e-05,2.4106,332.395456860977,528.5855990103365,25.29362899411234,12416.107369999998,8720178406.136135,51.77542448239622,17.865271647599943,13.642315578351832,617.95916,115093.61603913133,-86.35768442164817
2025-10-13 06:00:00+00:00,578.3819882402619,114490.02673567404,115076.56450000001,115663.10226432598,-56.57521293521064,115099.99,114775.94448304155,113867.87140323018,2.445e-05,2.4106,325.0054896942893,487.8831306440978,31.558882607009835,13052.203679999997,8720178406.136135,59.287411103328274,26.2081329270916,44.82392994244929,328.08072,115096.47965356606,-55.17607005755071
2025-10-13 06:30:00+00:00,570.573988666154,114505.61998927886,115091.227,115676.83401072114,21.092207554380312,115221.22,114818.37901343757,113932.74772731359,2.445e-05,2.4106,324.8911434778274,454.9259103924411,36.213776119633124,12714.912849999999,8720178406.136135,60.910345696779984,37.01122700784179,52.567435502724244,271.33149,115098.09404117867,-47.432564497275756
2025-10-13 07:00:00+00:00,566.7588113611527,114511.12588071566,115118.26000000001,115725.39411928436,65.34154166185769,115493.8,114882.66696159405,113977.61865467824,2.445e-05,2.4106,343.47354242666916,433.1323609303809,29.229659017196795,13603.58136,8720178406.136135,64.3735975568668,55.78990399662755,69.97834654470914,333.1219,115108.44550405863,-30.021653455290856
2025-10-13 07:30:00+00:00,558.6602584840001,114535.36068159425,115144.14050000001,115752.92031840577,58.13789732444844,115399.67,114931.92054514958,114039.94780624555,2.445e-05,2.4106,346.12120215783943,415.5306388088808,28.7883430220042,12323.258279999998,8720178406.136135,62.32370985846993,62.17054065505429,63.96583991772951,583.49125,115148.88097228445,-36.03416008227049
2025-10-13 08:00:00+00:00,538.6018068852318,114536.02962559638,115146.9885,115757.94737440364,39.129156441937305,115290.7,114966.1017111687,114094.04607306325,2.445e-05,2.4106,335.5704658816394,399.3851155480793,20.643567995898437,11440.40645,8720178406.136135,59.94455907986424,63.64987406077865,57.0054357198973,322.81356,115134.67059894814,-42.9945642801027
2025-10-13 08:30:00+00:00,519.6990512796575,114536.70459464283,115148.63,115760.55540535718,40.27407827736646,115254.23,114993.51681447742,114128.45302088758,2.445e-05,2.4106,320.9383925316215,384.0329081679624,21.24806071637738,11924.028959999998,8720178406.136135,59.14014072273467,58.549069455001245,54.67593272737692,322.03831,115131.2761293952,-45.32406727262308
2025-10-13 09:00:00+00:00,518.7019992726777,114517.74684087814,115133.86750000001,115749.98815912187,-39.7554063876415,114950.0,114989.3197344138,114137.95020356859,2.445e-05,2.4106,281.86717044388934,364.2904329295667,20.346579635496127,14140.113000000003,8720178406.136135,52.73235076517023,52.358842493904575,45.39515903443951,807.2133,115120.98426444817,-54.60484096556049
2025-10-13 09:30:00+00:00,500.9590592491953,114531.3775302366,115142.27949999999,115753.18146976338,-13.447494528270319,115127.04,115002.42089584675,114170.23804395687,2.445e-05,2.4106,261.8620040817914,344.00233950279545,24.92845385850069,15289.39524,8720178406.136135,55.74955199498716,53.343976544632405,59.960837872080795,230.35226,115123.0699686726,-40.039162127919205
2025-10-13 10:00:00+00:00,489.3279548978783,114505.75135544792,115125.58250000002,115745.41364455211,-42.98568387100499,114884.69,114991.2314288161,114208.1861247457,2.445e-05,2.4106,223.50225363110076,319.60045093022507,24.46485626695356,13464.862739999999,8720178406.136135,50.954871970798834,49.138326881064785,42.058983736674065,441.38477,115095.53552013476,-57.941016263325935
2025-10-13 10:30:00+00:00,470.7876438013278,114471.99303163863,115102.0715,115732.14996836138,-66.49966399216979,114810.62,114974.04578534073,114238.47964622262,2.445e-05,2.4106,185.03405647580803,292.4844523578804,24.723151623698215,11857.373010000001,8720178406.136135,49.54940091229256,45.89154482126162,35.65481285502999,455.29925,115073.73595209714,-64.34518714497001
2025-10-13 11:00:00+00:00,522.4131240135042,114147.26306960138,115004.13799999999,115861.0129303986,-228.2558727858642,113643.33,114847.32844706303,114222.69571878722,2.445e-05,2.4106,59.62358611728996,245.68260748414485,21.337089751171092,9715.918329999997,8720178406.136135,33.77754461287125,26.36599260662493,1.3841812281707306,1312.44822,114906.42075049509,-98.61581877182927
2025-10-13 11:30:00+00:00,538.719273588238,114063.77250891206,114927.472,115791.17149108792,-192.32686532433232,114180.0,114783.76866544675,114218.99576766005,2.445e-05,2.4106,3.7007813139352947,197.34781843354355,31.18811408763311,11063.95839,8720178406.136135,42.79233489065152,22.036803743650523,29.07141714775087,669.31279,114827.92311434203,-70.92858285224912
2025-10-13 12:00:00+00:00,538.9524120862733,113996.72238124286,114884.63350000003,115772.5446187572,-133.24726184871474,114353.92,114742.85329042409,114234.04191875337,2.445e-05,2.4106,-26.55604401222081,152.27050505367956,36.17229898212512,10713.886309999998,8720178406.136135,45.382013593777955,22.83322929188182,38.04408949972387,418.59821,114771.51992914791,-61.95591050027613
2025-10-13 12:30:00+00:00,535.7275545790594,113952.190757526,114839.24799999999,115726.30524247399,-78.02164629533254,114412.26,114711.364843124,114239.57492901222,2.445e-05,2.4106,-45.07263921877893,112.84613491642527,46.152587190913266,11749.704779999998,8720178406.136135,46.26311263636977,36.056467852911034,41.053896911258356,790.87235,114723.8310068961,-58.946103088741644
2025-10-13 13:00:00+00:00,532.0437902763499,113899.34587874092,114798.67750000002,115698.00912125912,-78.48075453755492,114345.7,114676.54920729727,114247.8762066573,2.445e-05,2.4106,-64.50446104738512,77.25017939010561,40.74347670825028,10727.215489999999,8720178406.136135,45.362322859698494,38.90599983834861,37.620013104063624,490.58995,114691.12320446032,-62.379986895936376
2025-10-13 13:30:00+00:00,580.9518436524661,113894.42173983883,114824.91100000001,115755.40026016119,50.231533240143,115345.79,114740.28357421825,114289.7004899869,2.445e-05,2.4106,0.8988076497771544,62.017330872036084,48.10482331053245,12259.41196,8720178406.136135,58.428379765955754,55.96312289445007,89.21545866802825,1324.60896,114726.66312906916,-10.784541331971747
2025-10-13 14:00:00+00:00,632.209987990466,113854.33384330096,114808.26200000002,115762.19015669907,-29.808075783410143,114318.48,114700.11940879129,114294.11207309355,2.445e-05,2.4106,-29.9237020444707,43.52932563978094,41.868945456512,11065.317769999998,8720178406.136135,46.20416769413798,54.350394411684,36.215711462960144,801.59586,114720.94831140415,-63.784288537039856
2025-10-13 14:30:00+00:00,658.4713407178602,113763.47472473775,114774.68599999999,115785.89727526222,-104.6871851020103,114036.63,114636.92641691782,114282.49302369426,2.445e-05,2.4106,-76.11225434069638,19.647267969564034,41.665544140090056,10884.359699999999,8720178406.136135,43.51497217748886,49.129090505295146,21.95610138489703,633.2878,114693.83851406316,-78.04389861510298
2025-10-13 15:00:00+00:00,656.5896500233608,113716.17714871342,114751.96299999999,115787.74885128655,-84.13406676628252,114259.37,114600.967271427,114280.98543259266,2.445e-05,2.4106,-93.680491856343,-3.0000201905856354,46.15415632498864,11652.84345,8720178406.136135,46.18153941291991,30.58945455698532,33.59655082309879,475.01159,114676.96835604924,-66.4034491769012
2025-10-13 15:30:00+00:00,653.9708028458109,113684.96849784648,114736.977,115788.98550215352,-61.438748651901896,114312.1,114573.45292052193,114280.83163765271,2.445e-05,2.4106,-102.15010118170176,-22.788269162508016,47.74101711971945,13038.226550000001,8720178406.136135,46.822021015807906,30.634962111314447,36.35223412594752,603.56415,114664.35296064646,-63.64776587405248
2025-10-13 16:00:00+00:00,671.7626054548424,113659.9091782263,114704.84100000001,115749.77282177373,-17.49394213880812,114457.27,114562.37857462133,114283.73281199722,2.445e-05,2.4106,-95.97288989540539,-37.303051439632654,55.682698941432825,13896.865109999999,8720178406.136135,48.63464154401158,37.962546816479495,43.938855500392165,675.36988,114656.71447921167,-56.061144499607835
2025-10-13 16:30:00+00:00,655.7100351990797,113659.51918662534,114677.24200000001,115694.96481337468,-18.036736625855923,114669.24,114572.55392077284,114298.01636652586,2.445e-05,2.4106,-73.19158800019068,-44.45539473210668,52.75526678852719,15171.08774,8720178406.136135,51.24599480110561,45.10251720233455,55.016461980663976,309.67274,114643.82206064307,-44.983538019336024
2025-10-13 17:00:00+00:00,646.5600159675463,113682.82086244256,114629.852,115576.88313755744,-2.4168836099347293,114546.0,114570.03364999247,114311.48640223793,2.445e-05,2.4106,-64.44652386808593,-48.56746993414612,56.812161077405314,14197.01226,8720178406.136135,49.663654244156014,49.177075167668484,48.57590802194931,299.70801,114624.37614849315,-51.42409197805069
2025-10-13 17:30:00+00:00,660.2257702167069,113711.45781634981,114611.896,115512.33418365018,26.332039897095157,115040.55,114614.82796004656,114332.835978749,2.445e-05,2.4106,-17.160152170574293,-42.06588368902621,61.38781050218415,14935.536369999998,8720178406.136135,55.58782236565516,59.33786255552665,74.4212176639667,370.19255,114592.84727548223,-25.578782336033296
2025-10-13 18:00:00+00:00,656.0389771033259,113714.6153257692,114610.28099999999,115505.94667423077,100.4613266459629,115258.4,114676.12106849793,114369.3628338686,2.445e-05,2.4106,37.3093522147974,-26.197835138466218,73.1591124421005,15053.33983,8720178406.136135,57.93510872260326,69.56964377760123,85.71180564688767,457.79683,114593.41920845454,-14.288194353112337
2025-10-13 18:30:00+00:00,637.7743186420773,113722.55392773409,114605.601,115488.6480722659,121.21532327452721,115160.63,114722.26640116872,114401.09450387648,2.445e-05,2.4106,71.74826874656719,-6.629941738016232,71.81132117261397,14418.37374,8720178406.136135,56.491731267094664,79.59401094756724,78.64900953184734,267.12551,114587.64235403438,-21.350990468152663
2025-10-13 19:00:00+00:00,639.3749371721472,113663.29199064578,114638.21600000001,115613.14000935425,168.53389616859275,115602.3,114806.09038842938,114453.06385785245,2.445e-05,2.4106,133.04344599955948,21.15689843446803,72.09642460581392,14446.1509,8720178406.136135,61.192689346520275,85.91473352829239,93.38338540614217,494.51346,114597.62031947335,-6.616614593857831
2025-10-13 19:30:00+00:00,622.683777527519,113592.2074021619,114671.50600000001,115750.80459783811,192.60989752376656,115792.84,114900.06177105977,114503.5441929197,2.445e-05,2.4106,194.89810411333747,55.96775833036959,71.04481618513795,15233.21228,8720178406.136135,63.0494186220915,89.10809870301223,95.29190117104724,494.54403,114635.33249127876,-4.708098828952752
2025-10-13 20:00:00+00:00,605.5384128863506,113567.41695626643,114701.92999999998,115836.44304373352,149.92228451855863,115493.17,114956.5437442394,114540.3993737789,2.445e-05,2.4106,217.23841254311264,88.28127861859262,73.49885181261598,15040.471270000002,8720178406.136135,58.3266965004761,89.8792515729542,80.96246814167317,230.33885,114642.58804209412,-19.037531858326826
2025-10-13 20:30:00+00:00,586.6180906965357,113530.01789448912,114747.0675,115964.11710551089,128.69229280974244,115713.37,115028.62491112157,114587.46722011224,2.445e-05,2.4106,249.76652514745365,120.5458316108272,68.7171832860767,15048.81723,8720178406.136135,60.65877303573829,89.24874120757976,91.49185431001885,189.01869,114650.91588463173,-8.508145689981154
2025-10-13 21:00:00+00:00,561.4006543894177,113682.58316508975,114846.5185,116010.45383491027,116.24796938131688,115632.35,115086.09957564724,114618.52831169378,2.445e-05,2.4106,266.2009377164213,149.97824838746538,79.29190791504455,16395.72476,8720178406.136135,59.34810482321479,86.69067098935734,87.61769051638002,152.03992,114747.14188356968,-12.38230948361997
2025-10-13 21:30:00+00:00,527.9967614619575,113744.18144471713,114922.5185,116100.85555528288,104.0928446684075,115700.0,115144.55759645293,114657.18850239852,2.445e-05,2.4106,281.32884921724326,176.36237832467674,89.38100256544399,16714.50628,8720178406.136135,60.12829733149624,89.7209983940137,90.05345035564228,69.73838,114801.82603895814,-9.946549644357713
2025-10-13 22:00:00+00:00,508.2940382502233,113802.46371475054,114983.97449999998,116165.48528524942,93.27795467542444,115583.04,115186.29504527462,114683.66067064794,2.445e-05,2.4106,280.8044585892203,197.5497893334384,84.7528282059624,17300.274479999996,8720178406.136135,58.065167207162524,86.79455307949964,82.71251836647659,191.76056,114844.28352632708,-17.287481633523413
2025-10-13 22:30:00+00:00,483.3742533352519,113866.81724260445,115038.72099999999,116210.62475739553,66.05436309673884,115507.19,115216.84123066865,114709.37627008911,2.445e-05,2.4106,271.10114391443494,212.46007457826533,79.8846682194609,18706.93580999999,8720178406.136135,56.70640628042758,83.28033618691175,77.07503983861639,141.18966,114889.1929042856,-22.924960161383606
2025-10-13 23:00:00+00:00,463.02474116741035,113954.68519741976,115090.84150000001,116226.99780258026,44.85745048706858,115388.11,115233.17527120271,114745.80702773064,2.445e-05,2.4106,250.5420368858031,219.77814040231257,71.98441708865111,17392.226710000003,8720178406.136135,54.53715662515157,76.58516942069686,69.9679500569976,214.57951,114929.50097951615,-30.032049943002402
2025-10-13 23:30:00+00:00,460.41283034795964,113951.07443038431,115081.852,116212.62956961569,14.645246988829882,115166.0,115226.78131607884,114763.87830395912,2.445e-05,2.4106,214.02170317436685,218.57842393268885,71.39696782557293,16193.21627,8720178406.136135,50.65245437718256,67.91822589340963,56.7116877846149,340.03871,114918.13950986347,-43.2883122153851
2025-10-14 00:00:00+00:00,451.0395504705504,114050.5540247933,115126.389,116202.2239752067,12.79165657575008,115209.22,115225.11024894389,114781.96406800719,2.445e-05,2.4106,186.43504953681258,212.13085970247093,71.82132726546895,16310.02887,8720178406.136135,51.37772133745759,61.99027957656681,59.29120088808793,357.25745,114963.20606449663,-40.70879911191207
2025-10-14 00:30:00+00:00,457.2826035419168,114214.9080666055,115172.509,116130.10993339452,-15.71402323676996,114959.03,115199.77393290805,114790.91989650503,2.445e-05,2.4106,142.70321561979654,198.1841663866185,62.03659499365808,15590.500679999997,8720178406.136135,47.06228249644977,45.694633705540134,21.08101244391757,401.78228,115040.80437833435,-78.91898755608243
2025-10-14 01:00:00+00:00,458.12747741359334,114280.54712961793,115187.794,116095.04087038206,-91.50690099932629,114565.07,115139.32213508058,114780.42049510354,2.445e-05,2.4106,75.46717237020493,173.6906989871083,50.88707047744384,15408.862760000002,8720178406.136135,41.19678996569765,27.807816611910127,3.051236503724877,438.71171,115072.30262357328,-96.94876349627512
2025-10-14 01:30:00+00:00,457.99215910398925,114271.30806569649,115185.91749999998,116100.52693430347,-155.65026930944785,114274.57,115056.95234523463,114755.21044052465,2.445e-05,2.4106,-1.1491427020955598,138.88605697137177,44.21702375336452,15576.382870000003,8720178406.136135,37.48834005770943,10.641747289948148,7.792992922201999,266.60753,115106.83945358943,-92.207007077798
2025-10-14 02:00:00+00:00,453.712950759286,114162.2304480792,115163.753,116165.2755519208,-182.72763854436613,114013.98,114957.59233785913,114713.48837053271,2.445e-05,2.4106,-81.7568580082152,95.14214734928125,33.11097834425166,16030.554780000004,8720178406.136135,34.49197980661798,5.514658920803807,5.699747336484546,338.70694,115101.59673835729,-94.30025266351545
2025-10-14 02:30:00+00:00,454.72476896340794,113927.8364799958,115112.6435,116297.4505200042,-196.96194465977192,113647.05,114832.76723846246,114666.68317235852,2.445e-05,2.4106,-173.38707231215085,41.58781386993859,20.071752947298577,16154.641450000003,8720178406.136135,30.759403524912386,4.497580086228848,0.0,512.69381,115019.2743063025,-100.0
2025-10-14 03:00:00+00:00,452.06373681846435,113651.58735447274,115051.81999999999,116452.05264552725,-206.1856213122339,113329.53,114689.61490743209,114619.91070988387,2.445e-05,2.4106,-268.7669127158297,-20.65533838415248,17.1571702799815,14655.568030000004,8720178406.136135,27.93633130918407,2.5491596973029234,1.9477317554242235,896.29602,114826.93309200396,-98.05226824457577
2025-10-14 03:30:00+00:00,446.99974512546805,113419.63264375523,114974.79250000001,116529.95235624479,-161.92604712451936,113500.0,114576.31885775106,114576.25523157291,2.445e-05,2.4106,-326.72467147586576,-81.87718739738351,18.097176538175617,14276.595110000002,8720178406.136135,31.562734105069936,3.522249355582812,8.619016311324213,244.78887,114781.83112805804,-91.38098368867578
2025-10-14 04:00:00+00:00,441.81820898822343,113210.72117673208,114886.66750000001,116562.61382326794,-138.09283094191954,113495.9,114473.44092338353,114542.13501814911,2.445e-05,2.4106,-368.92890193114,-139.5382192065618,13.97240390934239,13289.073400000001,8720178406.136135,31.51548128492665,6.974181374673075,10.35579605727079,405.87322,114678.48961203481,-89.6442039427292
2025-10-14 04:30:00+00:00,460.9466222263614,112933.61634357036,114781.7405,116629.86465642964,-139.753989574437,113062.09,114339.01317162527,114478.31778821273,2.445e-05,2.4106,-432.0913011855009,-197.87324430106474,10.912692334003324,13182.92582,8720178406.136135,27.445851836900275,9.333318798525395,9.025144026981177,784.03119,114489.02703137351,-90.97485597301882
2025-10-14 05:00:00+00:00,477.7246513845865,112696.8949466039,114653.22099999999,116609.54705339608,-112.45767033142359,113031.91,114214.56142622983,114436.39304487508,2.445e-05,2.4106,-479.53196225526335,-254.6548035961251,23.244578351548228,11770.874220000005,8720178406.136135,27.170979097186432,9.359970839303791,8.698972433659407,837.07432,114285.19990951811,-91.3010275663406
2025-10-14 05:30:00+00:00,495.41873032215346,112392.57253777889,114488.23449999999,116583.89646222109,-134.6310486967497,112493.11,114050.6020888354,114355.18489656667,2.445e-05,2.4106,-553.7977336321637,-314.3313658818869,20.56560402524852,10578.796560000003,8720178406.136135,22.94305945868514,7.0106308900197725,3.307776209418731,959.18813,114001.23152911077,-96.69222379058127
2025-10-14 06:00:00+00:00,491.37813194644144,112078.26181279615,114327.692,116577.12218720384,-133.6244027940852,112282.32,113882.21282063611,114281.9052975835,2.445e-05,2.4106,-622.7801553834579,-376.26459484596285,19.54770853086474,9613.489690000004,8720178406.136135,21.52475688751322,4.235797938856435,0.7006451734911677,589.07871,113844.3444706024,-99.29935482650883
2025-10-14 06:30:00+00:00,533.4464318450013,111768.1041694689,114141.39249999999,116514.68083053107,-145.81611365401872,111987.38,113701.76858071619,114198.84461293549,2.445e-05,2.4106,-693.2604193732986,-439.87414103495985,17.41887197099301,8050.410420000001,8720178406.136135,19.692401283325538,6.534478294975384,15.595013502016254,1264.60186,113550.79328707769,-84.40498649798374
2025-10-14 07:00:00+00:00,532.028557236962,111532.22409168787,113963.73199999999,116395.23990831211,-127.26143261746465,112079.14,113547.23493079614,114116.75751285744,2.445e-05,2.4106,-733.1444325167977,-498.55977069220387,18.7746820072216,7968.729680000004,8720178406.136135,21.91220497844435,11.38452846901105,17.85792673152573,507.66586,113436.51778351524,-82.14207326847428
2025-10-14 07:30:00+00:00,540.0997108922319,111284.19357578445,113764.95250000001,116245.71142421558,-128.09901704173552,111724.41,113373.6373004022,114024.98826105922,2.445e-05,2.4106,-784.3632045930426,-555.7827233603907,17.688654793353635,6776.264350000001,8720178406.136135,19.648415055767856,14.536572886532992,10.156778426056993,938.78586,113273.2611902638,-89.84322157394301
2025-10-14 08:00:00+00:00,536.2618342178076,111133.96436211371,113584.4555,116034.94663788629,-112.99610552444565,111973.1,113240.2622965723,113948.62427835226,2.445e-05,2.4106,-795.7714325164416,-603.9051680571783,23.770785588375958,7075.842690000003,8720178406.136135,25.455488158130223,15.699993482946036,19.085275291255392,583.40805,113155.1668915922,-80.91472470874461
2025-10-14 08:30:00+00:00,526.8400215864095,110998.67485408585,113399.2625,115799.85014591414,-101.23904470450653,111803.33,113103.40151533215,113860.14012788988,2.445e-05,2.4106,-808.996514331986,-644.7910514583281,27.707245644186415,7059.065190000001,8720178406.136135,24.171623754001118,14.825042221649632,15.233072947636513,396.47616,113081.21788284258,-84.76692705236349
2025-10-14 09:00:00+00:00,516.0304683299458,110900.29609714967,113218.25250000002,115536.20890285037,-97.37302405844788,111767.91,112976.20901125284,113776.8674114715,2.445e-05,2.4106,-813.0231169722538,-678.4002418999099,27.864281319414573,7054.291420000001,8720178406.136135,23.900860170056816,16.426019850535926,14.95971131271588,293.00865,113004.26018649308,-85.04028868728412
2025-10-14 09:30:00+00:00,539.4661094584403,110742.01478813338,113024.347,115306.6792118666,-110.54950409395462,111287.89,112815.41300986607,113677.6566050296,2.445e-05,2.4106,-845.1912492566626,-711.7096882078574,27.5060893751709,6488.977700000004,8720178406.136135,20.539358320463492,12.988771049769456,8.773528888955981,644.92306,112852.27143514734,-91.22647111104402
2025-10-14 10:00:00+00:00,571.5226089394544,110454.40401235112,112782.79299999999,115111.18198764886,-141.9427185176203,110378.14,112583.30142048332,113552.43021677464,2.445e-05,2.4106,-933.4672178482579,-756.1878484912129,27.123597240103663,5229.380220000004,8720178406.136135,15.955037366278262,8.209717552344275,0.8959124553609707,1052.42194,112599.65355223398,-99.10408754463903
2025-10-14 10:30:00+00:00,579.8474123169821,110281.57906485233,112566.02049999998,114850.46193514764,-143.98633451731385,110623.58,112396.64290609272,113429.63781873143,2.445e-05,2.4106,-972.1379836442939,-799.136644661278,23.004673496822818,6529.513680000004,8720178406.136135,21.071771564616327,8.762513640449422,16.61809957703132,885.49074,112373.45385928037,-83.38190042296868
2025-10-14 11:00:00+00:00,610.1203622394631,110276.43143483993,112411.8085,114547.18556516006,-84.48464534081718,111480.83,112309.42581029769,113354.58742911686,2.445e-05,2.4106,-923.1660252955917,-823.9842719747973,30.50805214672495,7120.726570000003,8720178406.136135,35.77510611345397,19.144933519653662,39.9207885265687,920.59351,112218.55733299897,-60.0792114734313
2025-10-14 11:30:00+00:00,592.592688204182,110258.97135814585,112263.77900000001,114268.58664185417,-66.9188663884003,111313.98,112214.63969861159,113282.44390886469,2.445e-05,2.4106,-887.7480060048838,-836.9765708255647,36.21612705101571,6392.870670000001,8720178406.136135,34.42662039174563,30.641393658007846,35.38529287042353,505.51267,112146.5549031232,-64.61470712957647
2025-10-14 12:00:00+00:00,579.5037687623764,110245.06048593037,112125.52549999999,114005.9905140696,-77.58684159210074,111248.91,112122.65635571763,113198.77447911103,2.445e-05,2.4106,-854.8193926964595,-840.4258804656992,28.955312553020576,6145.191540000001,8720178406.136135,33.89273745045675,38.3801080503841,39.834242754160066,523.50692,112062.60526322835,-60.165757245839934
2025-10-14 12:30:00+00:00,576.9085788260601,110155.2402677003,111983.33699999998,113811.43373229967,-93.0494927216952,110803.28,111997.00299835979,113105.49570710196,2.445e-05,2.4106,-854.9232005312806,-843.3454742288136,30.52554096714691,5367.027230000004,8720178406.136135,30.40728254763613,34.886462649649566,29.439852324365113,453.39935,111960.22241777934,-70.5601476756349
2025-10-14 13:00:00+00:00,579.3284644531526,110061.34334858222,111854.54300000002,113647.74265141782,-109.04043810597543,110753.65,111878.59202640886,113014.8205387938,2.445e-05,2.4106,-849.2446857364848,-844.5725586209123,30.330056691159683,4494.521180000004,8720178406.136135,30.035924525185735,33.28942255212708,30.59417257785606,660.2932,111799.44092475058,-69.40582742214394
2025-10-14 13:30:00+00:00,642.5418070256845,110070.90943121168,111730.26200000002,113389.61456878835,-96.66554056020557,111014.38,111796.29053314806,112938.27772519171,2.445e-05,2.4106,-814.3328695431555,-838.5825559901652,46.20755447533466,5850.931200000001,8720178406.136135,34.54620482864158,36.45435423430288,49.32903780068749,1759.72831,111646.5534126633,-50.67096219931251
2025-10-14 14:00:00+00:00,689.1349133756182,110196.09917532465,111646.40950000002,113096.7198246754,-0.9241501654136527,111818.85,111798.44541982548,112897.12725034123,2.445e-05,2.4106,-713.5531003092765,-813.6602206927564,50.33413608654163,6496.767150000003,8720178406.136135,46.09461618035168,54.53095872943748,83.66966580976889,1346.8163,111600.35108458457,-16.330334190231113
2025-10-14 14:30:00+00:00,693.1861130079217,110266.98097168142,111565.0655,112863.15002831857,7.030944536219068,111435.21,111763.84281072022,112836.0150399656,2.445e-05,2.4106,-656.9205338060856,-782.1973111656772,51.16808006303044,6089.323960000002,8720178406.136135,42.265682825468964,66.74378380845555,67.2326478149103,761.83334,111527.1543802871,-32.7673521850897
2025-10-14 15:00:00+00:00,694.9868633888348,110378.82556964848,111488.8345,112598.84343035151,-5.224925384611981,111507.29,111739.40462541183,112781.92882286225,2.445e-05,2.4106,-599.3432589712174,-745.566330685207,46.03282964147704,6723.306240000002,8720178406.136135,43.221005552381705,73.74107397886326,70.32090831191061,513.94497,111432.50896098843,-29.679091688089393
2025-10-14 15:30:00+00:00,755.9834725681383,110314.51759446402,111509.2005,112703.88340553599,137.73169281485926,112900.43,111849.96301014822,112779.90058078672,2.445e-05,2.4106,-436.1493998892838,-683.4800216757812,49.70138722604219,9353.876970000003,8720178406.136135,57.76169478440064,78.71459735768072,98.59023594622123,1167.46492,111430.05208530591,-1.4097640537787743
2025-10-14 16:00:00+00:00,766.4927187627334,110264.78554428837,111531.72449999998,112798.66345571159,176.332114749162,112732.8,111934.05020806819,112781.28511711698,2.445e-05,2.4106,-316.9052868479921,-610.2633121674307,56.70500986946301,7024.981540000001,8720178406.136135,55.90573797506389,85.07280935112954,86.30728379525674,1453.25468,111509.23487073109,-13.69271620474326
2025-10-14 16:30:00+00:00,761.2153120268679,110248.9818265369,111548.79700000002,112848.61217346315,127.16564122513779,112328.83,111971.68318664325,112778.61187556021,2.445e-05,2.4106,-252.38967092661187,-539.1466974646253,55.21801508260123,5813.257900000002,8720178406.136135,51.59978206015579,86.34765561419715,74.14544710111348,976.28824,111534.1664412273,-25.85455289888653
2025-10-14 17:00:00+00:00,794.5752220662379,110193.95943458477,111583.87550000001,112973.79156541525,118.05104231504421,112780.71,112048.76722579778,112793.31663688425,2.445e-05,2.4106,-162.96437745947333,-464.3547400464999,53.76798515564874,4632.696380000004,8720178406.136135,55.70126286497323,82.73412772482526,87.74965227810557,1382.77408,111595.64341679198,-12.250347721894423
2025-10-14 17:30:00+00:00,779.2707645680892,110152.95443170976,111636.40350000001,113119.85256829027,128.9062409153251,112774.97,112117.93056426373,112793.10211222201,2.445e-05,2.4106,-91.21858173828514,-389.74285832169426,59.67874544652999,1369.7556199999983,8720178406.136135,55.63654018552516,83.15731480422225,87.5768450334477,648.63907,111628.69180713913,-12.423154966552307
2025-10-14 18:00:00+00:00,775.3066641074648,110075.41614578936,111695.4345,113315.45285421064,153.00027537301298,113153.72,112216.59557218403,112815.18637628875,2.445e-05,2.4106,-3.934119107274455,-312.8225498546972,58.94305390261577,614.6296099999994,8720178406.136135,59.010449698708534,89.01991874670824,91.73325892857146,673.84944,111680.47180301709,-8.26674107142854
2025-10-14 18:30:00+00:00,769.0446274605129,110050.4510334324,111748.33600000001,113446.22096656762,119.48911106056674,112861.36,112278.01879924054,112824.37650107239,2.445e-05,2.4106,41.158042406328605,-242.2507564809487,54.517599890184194,-2113.5873599999995,8720178406.136135,55.49693058818759,87.62866560638734,83.57589285714288,615.41338,111721.20380439836,-16.424107142857128
2025-10-14 19:00:00+00:00,762.8393118435685,109988.98285521573,111828.50700000001,113668.0311447843,125.45845854587863,113371.33,112382.15457530456,112850.5318531997,2.445e-05,2.4106,116.73578895602259,-170.5965103020056,58.37517749135623,-3136.9603399999955,8720178406.136135,59.970048042887804,90.20024974816063,95.29159745876757,464.3855,111760.93871143046,-4.7084025412324255
2025-10-14 19:30:00+00:00,809.3136690728445,110042.46825847859,111894.79750000002,113747.12674152144,68.90046037326086,112613.7,112404.18464840339,112831.80063230314,2.445e-05,2.4106,114.50235480329138,-113.2896597786783,55.04301308281992,-3469.7786499999975,8720178406.136135,51.66296520680411,84.52102960981568,74.6955985135366,1221.40724,111836.45106652475,-25.304401486463398
2025-10-14 20:00:00+00:00,799.9028174264192,110261.5529756809,112016.39100000002,113771.22902431914,58.886655701231106,112810.01,112442.83851869375,112832.60271081283,2.445e-05,2.4106,126.87684262226685,-65.30671842601964,56.0505573942191,-3899.4521499999964,8720178406.136135,53.462049359292855,83.3398123707024,80.032241139803,404.6366,111925.16681240809,-19.96775886019699
2025-10-14 20:30:00+00:00,764.5318151428316,110453.7728453696,112134.85550000002,113815.93815463044,73.16319038356927,112992.87,112495.2218480896,112838.61948564443,2.445e-05,2.4106,149.75314803973015,-22.28659164847407,50.19053014642096,-3387.240109999997,8720178406.136135,55.137638421999206,77.9407083115093,79.0942852811883,160.22099,112013.460596845,-20.90571471881169
2025-10-14 21:00:00+00:00,732.5458711107882,110518.3484658053,112209.88149999999,113901.41453419467,66.21761957217782,112981.35,112541.5365117406,112851.44648133438,2.445e-05,2.4106,164.87218107753142,14.92538772987908,42.44441129174526,-4114.427659999998,8720178406.136135,55.000921200704134,78.81314258318511,77.31290132856404,337.2154,112076.4200722047,-22.687098671435958
2025-10-14 21:30:00+00:00,702.3729143378471,110616.37597734483,112300.61750000001,113984.85902265519,76.0722198628596,113128.7,112597.45897397524,112863.23884452214,2.445e-05,2.4106,186.717487403439,49.25585056960581,46.83554539127883,-4188.535899999999,8720178406.136135,56.46200274690708,79.88530790294219,83.24873709907423,223.84532,112112.05160034851,-16.751262900925763
2025-10-14 22:00:00+00:00,684.2661563299001,110743.83802813914,112397.40400000001,114050.96997186088,92.88207127453987,113184.64,112653.41717374936,112891.4716783272,2.445e-05,2.4106,205.81200005344,80.09198094066997,51.07202327140688,-4139.060489999998,8720178406.136135,57.02710092880882,80.85839641133124,82.01355080635545,354.04193,112170.04654495593,-17.98644919364455
2025-10-14 22:30:00+00:00,665.1967850479867,111001.03025864957,112517.8335,114034.63674135042,71.2252279178368,113211.87,112706.59081783495,112898.70856339512,2.445e-05,2.4106,221.04278952092864,108.44410026280335,43.53623640818361,-2929.0992499999975,8720178406.136135,57.322941665935346,81.96293667968098,80.62652213361326,234.59,112220.41834099308,-19.373477866386736
2025-10-14 23:00:00+00:00,645.3301522360704,111320.3747854673,112651.4515,113982.5282145327,100.28053178891476,113426.01,112775.10795571546,112919.82974090206,2.445e-05,2.4106,247.42066183587303,136.22595531828176,34.89543533682918,-3622.9151799999986,8720178406.136135,59.654278866065525,84.87622528006005,91.98860290021143,237.09533,112306.24539175059,-8.011397099788562
2025-10-14 23:30:00+00:00,633.553073342767,111645.97895442847,112752.1395,113858.30004557154,75.43907618072322,113028.14,112799.20335022213,112922.82704746364,2.445e-05,2.4106,233.5674392342189,155.73225535856378,38.281726211133886,-3527.5774999999967,8720178406.136135,53.77647637915245,81.16436478501312,70.87796932121464,270.70669,112528.97756045825,-29.122030678785364
2025-10-15 00:00:00+00:00,616.3060379015478,111782.60185025076,112802.57650000001,113822.55114974926,15.41146562068017,112827.59,112801.92116626985,112925.2776068504,2.445e-05,2.4106,203.88042097046855,165.17386111100222,43.0349121896582,-4766.492979999997,8720178406.136135,51.043305912273084,71.56190224205153,51.81913450472854,579.6804,112637.44521792517,-48.18086549527146
2025-10-15 00:30:00+00:00,608.7066126288044,112074.6342986251,112880.50899999999,113686.38370137489,18.418893626564238,112993.86,112820.20055252986,112927.75007662407,2.445e-05,2.4106,191.6920752095175,170.48410156987728,41.7131600961259,-4424.806369999997,8720178406.136135,53.16670430500408,61.735341434500754,62.508920477559094,501.6453,112709.74793749752,-37.491079522440906
2025-10-15 01:00:00+00:00,609.6153277846921,112386.5334818329,112929.24749999998,113471.96151816707,-72.63368443901052,112482.06,112787.99766190769,112910.69150804901,2.445e-05,2.4106,139.1164935912093,164.1978284592203,31.249426323569352,-5572.32265,8720178406.136135,46.48352258830022,47.97748932221515,29.60441298435783,619.70376,112757.19705776796,-70.39558701564216
2025-10-15 01:30:00+00:00,597.9313784660105,112372.12516038993,112921.1345,113470.14383961007,-82.68190178546743,112738.17,112783.2405018317,112898.88787796936,2.445e-05,2.4106,116.89890564502275,154.89119573926828,33.197834085637126,-5246.79906,8720178406.136135,49.88086619004799,46.06116715206928,46.070167994290905,251.02401,112788.64602692299,-53.929832005709095
2025-10-15 02:00:00+00:00,619.1583555239406,112353.63041376254,112962.9425,113572.25458623747,101.21712444632382,113568.96,112858.08151433567,112929.735104445,2.445e-05,2.4106,164.22226199998113,156.61848965701347,32.78123455238703,-5209.962629999999,8720178406.136135,58.9724535949193,58.38589182273498,99.48309448955622,428.14119,112815.48743517027,-0.5169055104437787
2025-10-15 02:30:00+00:00,632.1823467161315,112445.51044651048,112986.99799999999,113528.4855534895,39.932056793966034,112809.94,112853.4991423165,112926.13140628889,2.445e-05,2.4106,138.94523114233743,153.0505770842915,38.265315356209705,-6581.794509999997,8720178406.136135,50.03942464600037,62.4957118858479,41.93387317369662,383.95593,112859.6485286336,-58.06612682630338
2025-10-15 03:00:00+00:00,653.3518200678891,112338.31360041445,112960.9625,113583.61139958554,-173.25023704445127,112260.0,112796.98849684534,112905.65716604178,2.445e-05,2.4106,73.57499693788122,136.98375134698992,38.35455629508597,-7468.189669999998,8720178406.136135,44.74830859152269,53.546542416598164,19.22265958654166,394.03395,112898.1682746806,-80.77734041345833
2025-10-15 03:30:00+00:00,637.6791118381709,112181.39825804817,112923.4285,113665.45874195182,-225.30903955241237,112024.29,112723.40269840349,112873.05164320453,2.445e-05,2.4106,2.784982997487532,110.0844799142778,33.74330006727834,-8374.833599999998,8720178406.136135,42.66585033143235,24.08676818320902,11.103771789388787,368.36458,112877.5050009401,-88.89622821061121
2025-10-15 04:00:00+00:00,633.8656508942034,112074.11286352931,112874.7495,113675.3861364707,-173.63448486132032,112180.14,112671.64291929222,112837.03838440467,2.445e-05,2.4106,-40.02535043962416,80.33124734254467,44.21557461554556,-6853.795609999998,8720178406.136135,44.506950387923546,17.852205309602198,23.230184552876146,710.75475,112795.40526941289,-76.76981544712386
2025-10-15 04:30:00+00:00,616.6288462120446,112015.56607146522,112848.92200000002,113682.27792853482,-108.91580054893872,112344.81,112640.52042608992,112819.65732643855,2.445e-05,2.4106,-60.19900218928524,52.16677036899953,46.23480887197864,-6962.071370000001,8720178406.136135,46.45964141382028,22.13027971715221,32.0568828091917,434.9753,112758.30854538667,-67.94311719080831
2025-10-15 05:00:00+00:00,596.6680108380923,111967.14943248496,112795.85,113624.55056751505,-82.87798919895248,112309.89,112609.0251800219,112796.80207026696,2.445e-05,2.4106,-77.9967219154496,26.221145778875744,46.15440235533706,-7095.292309999999,8720178406.136135,46.090157638383324,28.49071875385272,30.185088899490314,348.32246,112714.83644444411,-69.81491110050969
2025-10-15 05:30:00+00:00,587.6313687539748,111946.3678204148,112786.7625,113627.15717958519,-65.77091805869283,112431.95,112592.14719069802,112776.58475599933,2.445e-05,2.4106,-81.23156103306974,4.910243053947429,50.57497166205395,-6110.219979999998,8720178406.136135,47.6637431351197,32.98992097227506,36.727791208143174,275.04437,112708.30936757562,-63.272208791856826
2025-10-15 06:00:00+00:00,587.7553949951738,111826.5622664938,112743.46199999998,113660.36173350617,-112.4535790786341,111944.0,112530.41197576637,112740.95039443015,2.445e-05,2.4106,-121.81329709364218,-20.34375545676264,45.895702388742585,-6245.609409999999,8720178406.136135,42.350512341368535,25.82846892046669,10.572526653766587,311.82728,112686.32278114089,-89.42747334623341
2025-10-15 06:30:00+00:00,592.6065739922427,111799.53798931211,112716.84200000002,113634.14601068792,-68.65659121569306,112460.47,112523.75314446948,112730.94822662878,2.445e-05,2.4106,-111.10431153488753,-38.52617624812149,51.800684247066656,-6164.490689999998,8720178406.136135,48.850717127985725,28.518949322555766,38.25653010575754,428.68104,112660.9120630094,-61.74346989424246
2025-10-15 07:00:00+00:00,581.9924277126354,111763.01940670193,112685.2365,113607.45359329807,-45.16653642453464,112349.24,112507.1330763695,112716.07917636813,2.445e-05,2.4106,-110.30318521252775,-52.88461487979298,61.40059272661939,-7480.064519999999,8720178406.136135,47.60564322306334,27.041132653298472,32.2943412003713,577.12593,112633.84264888291,-67.70565879962871
2025-10-15 07:30:00+00:00,558.4728697703359,111757.90405050178,112658.02649999999,113558.14894949821,-27.328047250118487,112584.5,112514.49719945989,112709.12505744824,2.445e-05,2.4106,-89.6063701686071,-60.17442581012743,60.43017219019423,-6105.691979999998,8720178406.136135,50.481107494084746,38.48523344714914,44.9048290353186,355.47261,112616.20790053396,-55.0951709646814
2025-10-15 08:00:00+00:00,562.8561559241641,111761.5511367107,112655.04299999999,113548.53486328929,58.030715844809,113124.97,112572.65735165506,112734.01863305182,2.445e-05,2.4106,-29.49713155871723,-54.299969351732955,71.19196647935742,-6060.950739999998,8720178406.136135,56.39684439430598,50.35815300610897,73.87528878263703,662.7004,112613.70121826138,-26.124711217362968
2025-10-15 08:30:00+00:00,566.331900362761,111774.28144505837,112641.69200000001,113509.10255494165,90.53869450205906,112944.85,112608.10920881736,112744.41872224958,2.445e-05,2.4106,3.687428655815893,-42.7673059412284,76.70980036094704,-6963.14746,8720178406.136135,54.07621090943151,61.000184034720064,64.22043428620458,574.116,112634.5256186239,-35.77956571379542
2025-10-15 09:00:00+00:00,570.8380053547238,111811.15462480272,112600.3915,113389.62837519728,27.224177685143705,112600.0,112607.34800669062,112743.54937821989,2.445e-05,2.4106,2.0637549106031656,-33.94682995285956,68.7516746382262,-7761.565420000001,8720178406.136135,49.84649208964706,61.27712948718639,45.73566539271759,527.08647,112621.709252444,-54.26433460728241
2025-10-15 09:30:00+00:00,553.5970034171312,111812.7167891108,112577.18499999998,113341.65321088917,-6.545933337584058,112564.01,112603.21674312108,112734.85306045947,2.445e-05,2.4106,-1.9661816835141508,-27.500373250745557,69.45601270333228,-7249.057599999999,8720178406.136135,49.41296245048572,52.00706370151003,46.06509142560793,321.35278,112602.87526241585,-53.93490857439207
2025-10-15 10:00:00+00:00,538.3182204535932,111796.46345697161,112555.705,113314.94654302839,-26.26782486185662,112397.99,112583.66690014991,112719.72618070897,2.445e-05,2.4106,-18.332552440522704,-25.608547764498052,68.77962196413469,-7642.495269999999,8720178406.136135,47.36410490310883,42.83598980274321,36.70721258990411,455.57354,112579.68076510153,-63.29278741009589
2025-10-15 10:30:00+00:00,528.6537069074461,111778.08647267213,112519.3475,113260.60852732787,-63.23030582350217,112266.71,112553.47904311116,112701.31940616525,2.445e-05,2.4106,-41.4422254171659,-28.75578443759469,68.51598913628942,-7713.311379999998,8720178406.136135,45.74837475832456,37.35993055712148,29.30748765585241,392.07917,112547.61231980789,-70.69251234414759
2025-10-15 11:00:00+00:00,555.7035125263437,111728.62691714287,112497.71300000002,113266.79908285716,-92.73026838819297,112049.37,112505.45626532359,112670.40196751703,2.445e-05,2.4106,-76.29842749833188,-38.10165504602121,58.762712617672015,-6984.022130000001,8720178406.136135,43.12716722777854,28.499868036599395,19.484903864041687,563.09904,112514.36439822016,-80.51509613595832
2025-10-15 11:30:00+00:00,532.687736719509,111654.1628860172,112456.09100000001,113258.01911398282,-117.18688301721764,111905.73,112448.34668982796,112643.52860990907,2.445e-05,2.4106,-114.37923559466435,-53.45182642639291,53.79602973134211,-7994.31137,8720178406.136135,41.43426897303252,20.13929784630445,11.625502019019272,203.07594,112498.56992190826,-88.37449798098073
2025-10-15 12:00:00+00:00,543.6656735243427,111612.28285614622,112351.13099999998,113089.97914385374,-179.9376392333194,111469.76,112355.1380853996,112593.23601811398,2.445e-05,2.4106,-177.52434670252842,-78.13675691158613,46.69350296619973,-7860.658270000001,8720178406.136135,36.72806038503521,11.466535530733431,3.2892007091393483,518.76418,112411.15540315538,-96.71079929086065
2025-10-15 12:30:00+00:00,533.683287092366,111538.82355246945,112296.19649999999,113053.56944753054,-165.99466748036787,111711.25,112293.81239337761,112557.34558844891,2.445e-05,2.4106,-205.7649147294287,-103.62278660048594,40.853565901846615,-6904.704089999999,8720178406.136135,40.744738499111364,9.863404926586599,14.67551205160119,486.74045,112340.52308932917,-85.32448794839881
2025-10-15 13:00:00+00:00,521.5127012710233,111408.59957099846,112254.774,113100.94842900155,-166.71597509828499,111431.55,112211.64461618447,112492.66645288482,2.445e-05,2.4106,-247.3931630404113,-131.75276478703273,39.97979248224377,-5189.13893,8720178406.136135,37.76244827594218,7.258584546014703,3.811040877303581,454.03203,112297.19736862036,-96.18895912269642
2025-10-15 13:30:00+00:00,576.0972836726085,111300.37003660206,112223.0095,113145.64896339794,-164.90727987885487,111389.0,112133.31937099306,112458.82436400025,2.445e-05,2.4106,-281.2244605275191,-161.9340370806414,28.676008055541573,-8018.618419999999,8720178406.136135,37.3081907037993,14.074957786819558,23.738320431553912,1517.03127,112168.46677837489,-76.26167956844608
2025-10-15 14:00:00+00:00,596.519059440523,111277.8855782174,112209.94049999998,113141.99542178256,-70.47877246408699,111918.76,112112.89222976984,112440.7042731669,2.445e-05,2.4106,-262.1476479458652,-182.06974640157324,31.274554283751257,-7819.3825400000005,8720178406.136135,45.92063901901376,23.412757803273433,42.688912100962845,868.54867,112146.7985486331,-57.311087899037155
2025-10-15 14:30:00+00:00,635.2422302821024,111090.62500552804,112145.68800000001,113200.75099447198,-146.5931514099267,111059.76,112012.59629863733,112387.57567932988,2.445e-05,2.4106,-312.7008235258254,-208.22715358246057,25.02909617910504,-9147.18119,8720178406.136135,37.03409671523619,26.129323050066517,11.960736617682807,909.20044,112066.34350188856,-88.03926338231719
2025-10-15 15:00:00+00:00,664.0858341069494,110958.9366033208,112089.61749999998,113220.29839667915,-146.1975703797508,111188.48,111934.1063207963,112339.38166250734,2.445e-05,2.4106,-338.42741866815777,-234.23161998180484,16.344176973986478,-7877.59888,8720178406.136135,38.941208872497036,25.380308010336943,21.49127531236519,1079.27476,111967.15318284747,-78.50872468763481
2025-10-15 15:30:00+00:00,686.4124605006366,110758.13917129514,112007.92049999998,113257.70182870481,-153.140710754473,110798.01,111825.94740960082,112296.52529139948,2.445e-05,2.4106,-386.3200795470184,-265.1840147280274,9.611519682672224,-9125.09741,8720178406.136135,35.42664413148458,16.015028142643462,14.593072497882401,756.90858,111886.4179971694,-85.4069275021176
2025-10-15 16:00:00+00:00,673.6955225941854,110630.15972725132,111959.28699999998,113288.41427274865,-126.27635556013064,110971.33,111744.51342814938,112226.4885269744,2.445e-05,2.4106,-404.8256940068677,-292.56309444932833,14.78874702455147,-8385.815079999998,8720178406.136135,38.096728239436835,20.271595301718666,24.73043809490842,460.69957,111843.33507168,-75.26956190509158
2025-10-15 16:30:00+00:00,656.8120806460458,110466.37528093069,111873.6635,113280.9517190693,-121.30663622494106,110748.0,111649.59590628732,112163.55140876597,2.445e-05,2.4106,-432.7737179011456,-320.4545267084616,14.718801429533741,-8290.26772,8720178406.136135,36.0347167700478,18.2734711462627,15.496902845997298,369.43238,111794.64499965476,-84.5030971540027
2025-10-15 17:00:00+00:00,652.3526145964771,110250.20002820218,111776.407,113302.61397179784,-139.9139656212195,110404.11,111530.98727418216,112098.47125613851,2.445e-05,2.4106,-477.36536215167143,-351.9557827881603,14.092426317841628,-9792.726219999999,8720178406.136135,33.062553006912125,16.694691096339128,9.856732348111683,869.1707,111670.1176029853,-90.14326765188832
2025-10-15 17:30:00+00:00,673.0831569610029,110206.95417945605,111706.521,113206.08782054394,-86.84330417256449,111186.78,111498.2077769647,112063.64607275694,2.445e-05,2.4106,-444.3694312033331,-370.46670481425474,18.866153004039546,-9801.84688,8720178406.136135,44.312137198442656,22.44655929568272,41.98604269293919,465.89093,111616.4726841878,-58.01395730706081
2025-10-15 18:00:00+00:00,664.7155397562553,110247.7468921285,111610.95800000001,112974.16910787152,-54.04141548415509,111213.71,111471.11866404902,112032.86849539391,2.445e-05,2.4106,-411.3479371984431,-378.72056711597446,22.857396837331308,-10080.48926,8720178406.136135,44.655681263328205,34.14853234942414,50.602822007221555,324.92177,111530.88599969786,-49.397177992778445
2025-10-15 18:30:00+00:00,654.3333925589775,110317.13743264147,111535.95350000002,112754.76956735857,-27.817475180948342,111444.76,111468.61694963441,112013.53354413004,2.445e-05,2.4106,-362.3948461691325,-375.5687536863892,25.329413460200783,-10518.076069999997,8720178406.136135,47.64786051952726,51.44326448205509,61.740928746004535,237.78307,111448.87531261587,-38.259071253995465
2025-10-15 19:00:00+00:00,640.2823535782545,110363.97124721583,111480.7545,112597.53775278416,-12.386265599222837,111496.02,111471.22174380583,111991.07135101898,2.445e-05,2.4106,-315.6949568414275,-363.5281034704393,29.030653891607116,-9955.86061,8720178406.136135,48.3167472140772,58.85191452027322,64.21199280759357,272.47218,111388.22992542494,-35.788007192406425
2025-10-15 19:30:00+00:00,625.9664207518953,110413.86573209484,111416.14050000001,112418.41526790518,-17.11719888018547,111271.73,111452.24267547476,111971.56002846945,2.445e-05,2.4106,-293.65317246435734,-349.81753075813947,29.588489190526573,-10572.94581,8720178406.136135,45.57231826597584,59.784227804532186,53.39976185999846,317.37719,111353.44682747786,-46.60023814000154
2025-10-15 20:00:00+00:00,618.3648838406077,110444.19803566334,111349.26800000001,112254.33796433668,-24.19534966856594,111060.54,111414.94653282556,111939.66529723197,2.445e-05,2.4106,-289.8001268498774,-337.93052450598987,30.34066337081738,-11177.715079999998,8720178406.136135,43.0918362958455,53.61026348053966,43.219035774026935,234.57672,111306.42593266125,-56.780964225973065
2025-10-15 20:30:00+00:00,639.7949181577668,110485.8777270457,111291.42050000001,112096.96327295431,-54.84886818813176,111109.76,111385.87716611159,111905.40041333149,2.445e-05,2.4106,-279.43368190390174,-326.1788827941654,33.86067098240409,-10483.072739999998,8720178406.136135,43.858937121413796,47.40351875151615,45.591758620523095,618.18815,111258.23925036185,-54.408241379476905
2025-10-15 21:00:00+00:00,641.0573976628655,110501.31515258356,111237.76299999999,111974.21084741643,-76.9024022372631,110976.22,111346.88018922223,111876.73005484875,2.445e-05,2.4106,-279.00086278452363,-316.97941973989737,24.156910732953733,-11132.52599,8720178406.136135,42.19407866400387,44.86197152601732,45.77512018350193,382.32774,111202.94411640761,-54.22487981649807
2025-10-15 21:30:00+00:00,646.9964246028173,110498.53635506023,111185.18600000002,111871.8356449398,-44.44345871956747,110854.19,111299.96507565523,111839.98166114034,2.445e-05,2.4106,-285.13975499008666,-310.71335989920726,31.841569700400086,-12024.075259999994,8720178406.136135,40.676369483666896,46.603934554957334,48.444924860847,397.03581,111182.44171876034,-51.555075139153
2025-10-15 22:00:00+00:00,642.4750574208514,110495.96387520272,111170.0855,111844.20712479728,-6.467096092002089,111167.75,111287.3609567091,111808.34904119455,2.445e-05,2.4106,-261.49266061533126,-300.7090000641848,40.21526569801877,-11834.816089999995,8720178406.136135,46.04271439944012,55.41352198663253,72.02052091554869,223.1255,111159.65179182535,-27.97947908445131
2025-10-15 22:30:00+00:00,642.2826458453146,110458.06710296153,111117.92150000001,111777.77589703849,-65.06146169694581,110667.97,111228.38031157374,111767.50117065458,2.445e-05,2.4106,-280.0536465993646,-296.69566033929334,44.38335211072685,-12264.769339999992,8720178406.136135,39.85439762641024,52.20867517604527,36.16057975174013,199.6144,111133.07080150962,-63.83942024825987
2025-10-15 23:00:00+00:00,622.1904803063111,110439.18003286392,111090.344,111741.50796713607,-77.70166918081893,110880.0,111195.19793395254,111731.27222394278,2.445e-05,2.4106,-274.3776440708316,-292.1887393606795,37.77223786379576,-11967.87780999999,8720178406.136135,43.333613819338346,53.18504699720182,51.374040324316674,181.83038,111112.05136007501,-48.625959675683326
2025-10-15 23:30:00+00:00,604.039512049526,110408.1706459486,111059.058,111709.94535405141,-72.04443170760116,110763.28,111154.06564832876,111694.50157233427,2.445e-05,2.4106,-276.1721449454926,-289.02158986905744,39.2795747365069,-12293.62276999999,8720178406.136135,41.89636782031284,43.51127693669139,42.99921073401737,173.70504,111063.53323302975,-57.00078926598263
2025-10-16 00:00:00+00:00,586.1982814233204,110475.075762335,111002.3575,111529.639237665,-94.3576709351143,110784.75,111118.88796510533,111656.76794836351,2.445e-05,2.4106,-272.64480848028325,-285.68370037589307,44.19212733295443,-11658.416109999996,8720178406.136135,42.27636366108766,45.1785389650944,41.162365836949164,321.42392,110973.6461351214,-58.837634163050836
2025-10-16 00:30:00+00:00,574.6114063796913,110389.0006919056,110970.933,111552.8653080944,-141.71361214467544,110431.27,111053.39745012732,111607.37515598179,2.445e-05,2.4106,-294.9817257438699,-287.5027518894133,33.76718999094881,-12000.262729999999,8720178406.136135,37.89338137560071,30.011185950941776,5.871981281858798,432.46538,110918.39631498775,-94.1280187181412
2025-10-16 01:00:00+00:00,583.0504925718913,110382.14095567589,110956.174,111530.20704432411,-44.608496835209685,110893.3,111038.14522323209,111577.27783041981,2.445e-05,2.4106,-272.24034442496486,-284.3866037131552,35.92356048552493,-11240.871459999998,8720178406.136135,45.80451573201414,30.505000751254254,44.48065513495481,471.42191,110884.88245802565,-55.51934486504519
2025-10-16 01:30:00+00:00,578.6533314026012,110393.36755270074,110981.273,111569.17844729926,62.19392831377974,111299.99,111063.07377342683,111562.49732861316,2.445e-05,2.4106,-218.82698817379423,-271.1559284467038,36.86992363904893,-10470.427789999996,8720178406.136135,51.64479920808001,42.93919389432093,78.4649452661492,304.94576,110898.65863123848,-21.535054733850796
2025-10-16 02:00:00+00:00,576.4792157796925,110387.20514116225,111002.7065,111618.20785883775,105.10903328676243,111400.0,111095.1637460368,111556.88503743385,2.445e-05,2.4106,-166.60444458048732,-250.26873945021717,38.39884406789272,-10425.77572,8720178406.136135,52.98580226270339,69.8131855487723,86.4939562452129,384.69078,110921.16432684952,-13.506043754787097
2025-10-16 02:30:00+00:00,554.6582638995236,110399.25923677649,111040.82800000001,111682.39676322353,124.48189753948174,111510.43,111134.7027216568,111550.66293116071,2.445e-05,2.4106,-114.86079939581396,-223.05338617635064,43.327972357272365,-9819.749709999998,8720178406.136135,54.48947066077396,86.88195277421869,95.686956811294,159.7189,110939.76153754961,-4.313043188706003
2025-10-16 03:00:00+00:00,548.2994866492219,110468.41466902885,111107.12449999999,111745.83433097113,166.975643048799,111730.04,111191.38546221303,111550.7683600892,2.445e-05,2.4106,-55.41649525721732,-189.31537542130832,49.95756294656575,-8986.9474,8720178406.136135,57.40674989565401,91.02545436843529,90.89545004879895,357.16117,111046.83630066687,-9.104549951201047
2025-10-16 03:30:00+00:00,541.8986247880081,110468.9952059165,111114.2595,111759.5237940835,94.39271380175921,111329.48,111204.52548951324,111536.98107306563,2.445e-05,2.4106,-40.183333060587756,-159.3336497546568,53.85657549473333,-9176.04091,8720178406.136135,50.99679510038183,83.627749798156,64.30084253437508,283.59686,111077.69666485986,-35.69915746562493
2025-10-16 04:00:00+00:00,529.6008688337856,110459.29408034818,111131.10250000001,111802.91091965184,100.71015904192467,111550.57,111237.4714944942,111532.93071692923,2.445e-05,2.4106,-10.147557955584489,-129.35710572283557,61.179378849487584,-8561.827539999997,8720178406.136135,54.050410214089425,78.05869634016524,78.97979643732171,203.40702,111088.66621629863,-21.020203562678294
2025-10-16 04:30:00+00:00,547.7976847388067,110447.76603853801,111107.166,111766.56596146198,3.0456085695535706,110966.03,111211.60497679253,111504.2457538023,2.445e-05,2.4106,-33.06795545556815,-109.90309481509199,51.8225663877086,-8245.298529999998,8720178406.136135,45.913283182263164,61.150246430792556,40.1701003206809,370.15167,111081.73765172467,-59.8298996793191
2025-10-16 05:00:00+00:00,527.440857954666,110450.14471631126,111085.101,111720.05728368873,-12.356346629219242,111054.72,111196.65061633733,111481.03275316575,2.445e-05,2.4106,-43.57073863840196,-96.46686001487,45.357708951851535,-6654.532880000003,8720178406.136135,47.21475502641981,55.06948086869365,46.05854584807837,310.86742,111066.84252348835,-53.94145415192163
2025-10-16 05:30:00+00:00,542.2868081299454,110437.59328510176,111069.0715,111700.54971489825,-4.2198789572511695,110951.14,111173.27559692741,111463.25087045418,2.445e-05,2.4106,-59.750496080858284,-89.21472981722394,53.72740300160071,-8071.024579999999,8720178406.136135,45.82869886454838,41.80338208834331,39.18150009627068,520.19568,111054.96048890566,-60.81849990372932
2025-10-16 06:00:00+00:00,531.9946907806794,110441.29319352582,111081.86750000001,111722.44180647419,32.32339365449596,111316.46,111186.91203973144,111457.42225495704,2.445e-05,2.4106,-42.54125726445636,-79.87784322233415,58.52149764810059,-7242.957790000002,8720178406.136135,51.257605195230774,49.558814742028005,63.43639828173497,261.10922,111054.36835102063,-36.56360171826503
2025-10-16 06:30:00+00:00,523.520959937809,110420.14663908171,111109.72099999999,111799.29536091827,122.37096901040586,111666.83,111232.60084100124,111458.00447592034,2.445e-05,2.4106,-0.4425718717247946,-63.758850390607286,63.47544334626577,-5765.39954,8720178406.136135,55.83356245018932,63.10553700224212,86.69871262872074,315.36909,111083.38316796382,-13.301287371279255
2025-10-16 07:00:00+00:00,560.5746138340146,110396.31203153437,111099.474,111802.63596846563,-5.779334460346745,110771.28,111188.66429343625,111430.54329867114,2.445e-05,2.4106,-39.035900473449146,-58.798124527891204,61.038726150086255,-5383.17539,8720178406.136135,44.3754133773038,59.12502130126989,27.23995299335396,507.8933,111096.39188086294,-72.76004700664605
2025-10-16 07:30:00+00:00,548.7031172222831,110354.69041103122,111085.97449999998,111817.25858896875,-105.38389598798388,110584.2,111131.07431761305,111387.87695448028,2.445e-05,2.4106,-83.53572672125301,-63.457573006529444,58.91976229481911,-4910.022649999999,8720178406.136135,42.42032161894934,41.81627394837721,11.510156223056944,608.1492,111065.58581010789,-88.48984377694306
2025-10-16 08:00:00+00:00,534.1431418694448,110289.22106529673,111055.18150000002,111821.14193470331,-119.57589033231471,110551.89,111075.90531993638,111351.3857791893,2.445e-05,2.4106,-120.12888641795143,-74.67913582159827,49.484667283484264,-5178.430740000001,8720178406.136135,42.07629124085455,16.265378898705226,10.046027479704794,487.37738,111028.3372323169,-89.95397252029521
2025-10-16 08:30:00+00:00,523.6563793887784,110309.14373652256,111062.65799999998,111816.1722634774,-75.30863479485754,110817.5,111051.2832751626,111325.26167915679,2.445e-05,2.4106,-126.19242264835339,-84.82410212553478,50.505742194856126,-2827.1768300000003,8720178406.136135,45.97293830387698,16.5892258594343,28.21149387554118,411.1289,111015.68363161077,-71.78850612445882
2025-10-16 09:00:00+00:00,506.81030153951923,110284.56048025159,111052.66300000002,111820.76551974844,-66.01439151416659,110680.1,111015.93622487145,111301.57509543627,2.445e-05,2.4106,-140.6093034940859,-96.03020231578513,50.37215187839346,-4464.3897799999995,8720178406.136135,44.312228069841126,19.024007696323636,18.814501733724953,372.61109,111008.6184651647,-81.18549826627505
2025-10-16 09:30:00+00:00,613.3404324345076,110314.5035935561,111071.81450000001,111829.12540644391,-59.45324348497866,111146.31,111028.33832505008,111289.24727922218,2.445e-05,2.4106,-112.92967970285099,-99.22043972644249,64.521510188661,-867.70532,8720178406.136135,50.80582164326486,38.24323000686885,67.70369441134044,2226.7786,110963.73354709477,-32.296305588659564
2025-10-16 10:00:00+00:00,620.0877707574564,110345.4840011004,111100.255,111855.02599889961,64.42882158437243,111353.56,111059.32194822445,111296.14330481265,2.445e-05,2.4106,-73.65464709988737,-94.24024448202336,65.75808859481995,-1187.9911000000004,8720178406.136135,53.40416074905385,55.624058102613084,80.3539781627739,618.50008,110998.08581116145,-19.646021837226105
2025-10-16 10:30:00+00:00,604.099782094088,110447.42003763416,111152.173,111856.92596236583,77.55425328480744,111469.63,111098.39198999993,111299.96079096371,2.445e-05,2.4106,-32.62508027558215,-81.82644330989737,70.03635654427384,-575.425140000001,8720178406.136135,54.845206075455295,77.94638667685628,85.78148745645451,403.02169,111038.6487322212,-14.218512543545486
2025-10-16 11:00:00+00:00,595.5242132296547,110468.05003131038,111163.11500000002,111858.17996868966,23.59109192161706,111112.14,111099.69988146122,111291.97230301888,2.445e-05,2.4106,-28.670884484279668,-71.17639407476732,65.70553767646624,-780.2654500000008,8720178406.136135,49.747611403228134,78.4001621036062,69.06502069159025,394.38145,111059.12615898173,-30.93497930840975
2025-10-16 11:30:00+00:00,583.8580169940063,110467.68519636405,111168.35149999999,111869.01780363593,27.830385197869894,111404.72,111128.72986307116,111287.95119268144,2.445e-05,2.4106,-1.7170048291154671,-57.02787126970531,70.44740149463126,584.8909100000006,8720178406.136135,53.556834802370986,79.19758715017208,82.74625330247152,368.31889,111064.84032316806,-17.253746697528484
2025-10-16 12:00:00+00:00,587.7413306620723,110467.31114902011,111169.34850000001,111871.3858509799,97.0158864471863,111419.94,111156.42710339832,111277.12654723438,2.445e-05,2.4106,20.846350452658953,-40.966624798931285,75.16426093324402,2583.1159199999984,8720178406.136135,53.7612401292249,75.94904833159542,76.03587100072448,538.30419,111083.18254015187,-23.96412899927551
2025-10-16 12:30:00+00:00,570.5418870217852,110466.89402036164,111169.78050000002,111872.66697963841,77.93896087728051,111519.07,111190.97452005642,111290.93132290426,2.445e-05,2.4106,45.76715401066758,-23.751094690062434,69.83021679472837,1917.8058499999988,8720178406.136135,55.09016904574195,79.6803817686836,80.2590210028548,387.11187,111093.96730721067,-19.74097899714521
2025-10-16 13:00:00+00:00,579.9176273722292,110486.1543528973,111140.34650000001,111794.53864710273,4.450631750356087,111141.36,111186.28424752431,111300.1430882763,2.445e-05,2.4106,34.36633675429039,-12.585941155025914,65.14947566444822,605.07936,8720178406.136135,49.263468058570886,73.48755307516466,64.16776722191473,427.23575,111077.17004725998,-35.83223277808526
2025-10-16 13:30:00+00:00,596.7063694099795,110457.8370028723,111116.87250000001,111775.90799712772,-33.64963864067929,110860.0,111155.20276069285,111279.94801829137,2.445e-05,2.4106,2.9732680947199697,-9.384892165970356,57.64261301017825,-122.40818999999965,8720178406.136135,45.41575768985867,65.53600590749683,52.18122949772097,817.91938,111062.46743975265,-47.81877050227903
2025-10-16 14:00:00+00:00,640.424586223383,110348.14625021818,111056.5145,111764.88274978183,-184.6791019503923,110343.41,111077.88651382698,111242.07658644347,2.445e-05,2.4106,-62.897815478703706,-20.052686846259064,52.605138494844056,-917.9721799999993,8720178406.136135,39.33876011899801,48.8407958079498,30.173390704213713,1337.06516,110971.50790603783,-69.82660929578628
2025-10-16 14:30:00+00:00,671.6326010533024,110290.48668003538,111034.67999999998,111778.87331996458,-70.49533431888385,110529.34,111025.6258360793,111206.28839451996,2.445e-05,2.4106,-98.7930259230634,-35.56249648130849,60.22043516027427,346.98443999999824,8720178406.136135,42.333041381748934,40.14967551371098,38.09440633919828,881.66484,110952.09926993692,-61.90559366080172
2025-10-16 15:00:00+00:00,683.5085698675318,110124.2781999939,110984.1925,111844.1068000061,-162.81113065946795,110044.97,110932.2280205019,111159.87360457711,2.445e-05,2.4106,-164.56721985946933,-61.33690624348162,59.14784331257726,548.7502999999992,8720178406.136135,37.18828290986511,28.57566849855885,17.45920845226458,665.42119,110911.04574599241,-82.54079154773542
2025-10-16 15:30:00+00:00,764.6999639684298,109497.57875253618,110864.09599999999,112230.6132474638,-289.5016598286856,108549.21,110705.2845440795,111062.08035724274,2.445e-05,2.4106,-333.67159286749666,-115.94324409194667,43.03506985129162,-3309.6322099999998,8720178406.136135,26.481632688810024,20.24421265998828,5.179023188501982,3198.08931,110510.98405597036,-94.82097681149801
2025-10-16 16:00:00+00:00,775.1308910173083,108911.68796362872,110704.972,112498.25603637127,-298.0667185206482,108133.98,110460.43116689906,110961.40190540148,2.445e-05,2.4106,-495.7277386822825,-192.3302566879753,36.07882292374657,-6878.600030000001,8720178406.136135,24.376280816637248,9.391278928205969,5.5356051438513605,1809.23951,110260.67032493159,-94.46439485614864
2025-10-16 16:30:00+00:00,839.4615576605293,108737.9210195458,110583.25200000001,112428.58298045422,-194.56237933795734,109232.43,110343.46304733849,110886.85162774703,2.445e-05,2.4106,-528.9718921526655,-259.45346884635376,34.13320579915677,-4852.870570000001,8720178406.136135,38.30609138405486,16.094471892432598,37.56878734494447,1848.87908,110079.43545683408,-62.43121265505553
2025-10-16 17:00:00+00:00,844.6378458668181,108489.72458957839,110485.575,112481.42541042161,-147.98184159289465,108817.74,110198.15902660905,110806.97773785942,2.445e-05,2.4106,-582.2373540444387,-324.0487837977578,36.05957716189254,-6664.362360000001,8720178406.136135,35.63696744054256,23.752949485271415,28.15445596701842,1049.65845,109980.82958250686,-71.84554403298158
2025-10-16 17:30:00+00:00,835.3418356041251,108155.6901957137,110370.2,112584.70980428629,-142.49937816838002,108276.7,110015.21967802975,110732.2536971994,2.445e-05,2.4106,-661.0549233871716,-392.19486058429516,32.97897091116353,-7671.149160000002,8720178406.136135,32.45026520770227,27.19831943965165,15.871715006992057,492.84183,109918.22245427434,-84.12828499300794
2025-10-16 18:00:00+00:00,820.2829414187923,107770.18739779324,110235.89499999999,112701.60260220674,-148.01486711924989,107865.79,109810.50526128183,110616.89508077866,2.445e-05,2.4106,-747.4856593608274,-463.16339616983055,32.303783193909766,-6640.243560000001,8720178406.136135,30.244958304095363,16.85645617285056,6.543197544541219,708.13884,109827.98545410697,-93.45680245545879
2025-10-16 18:30:00+00:00,820.8329016404538,107585.30278969403,110127.82949999999,112670.35621030595,-103.16681347161608,108656.19,109700.55401888094,110532.8996637109,2.445e-05,2.4106,-743.52151697519,-519.0190358659735,32.95264975304843,-5620.7072499999995,8720178406.136135,38.85645674047045,15.633948408734375,24.486932674669863,520.21451,109768.8254998061,-75.51306732533014
2025-10-16 19:00:00+00:00,837.2682811646384,107288.67560046684,109990.09599999999,112691.51639953314,-101.65047757850226,107925.43,109531.51299572478,110438.59361392123,2.445e-05,2.4106,-790.5708193036699,-573.5709923258162,28.010404955837203,-7790.176690000001,8720178406.136135,34.60094111123536,13.170286423442569,8.480729051116638,1193.1812,109651.34616826742,-91.51927094888336
2025-10-16 19:30:00+00:00,839.1513970834574,107088.40751936723,109842.6635,112596.91948063276,-88.65815334795107,108197.66,109404.47914326694,110350.6129092729,2.445e-05,2.4106,-796.5437614343391,-618.1624772294465,31.62029055705014,-7242.557130000001,8720178406.136135,37.35193967561241,16.195121867229687,15.61770387590255,633.1155,109458.76597010404,-84.38229612409745
2025-10-16 20:00:00+00:00,823.7494438833284,106896.19903044331,109673.6385,112451.07796955669,-83.1524487737026,107973.06,109268.16893885689,110264.03699282827,2.445e-05,2.4106,-810.2242544687178,-656.7773331503275,31.752104786448427,-8265.418690000002,8720178406.136135,36.00387693875013,11.394166226786595,10.08406575334061,374.22249,109364.46466983971,-89.91593424665939
2025-10-16 20:30:00+00:00,808.7959416002683,106733.24024015923,109492.0575,112250.87475984076,-89.25393130488898,107838.01,109131.95141642439,110163.7566535979,2.445e-05,2.4106,-822.2245566363417,-689.7104661952696,32.31926975430652,-8275.261740000002,8720178406.136135,35.184088570417146,11.998327094526607,10.293211654336677,566.82037,109268.53794632241,-89.70678834566333
2025-10-16 21:00:00+00:00,795.1516206803611,106625.41509216209,109341.85,112058.28490783792,-73.06823633134103,108107.99,109034.4520550212,110092.10770251324,2.445e-05,2.4106,-801.0383047909563,-712.248691779026,36.92046188618389,-8566.51836,8720178406.136135,38.213380662116776,12.477262509279022,17.054510120159794,324.15676,109202.15636953012,-82.94548987984021
2025-10-16 21:30:00+00:00,763.7176533942746,106624.44297732886,109193.799,111763.15502267114,-49.70795386120311,108443.7,108978.15909268337,110014.1390716669,2.445e-05,2.4106,-748.0299854058103,-718.999880053214,33.508172127677156,-6421.4043200000015,8720178406.136135,41.85987611291644,19.384515133087792,30.805823624766926,166.68506,109151.47720218709,-69.19417637523307
2025-10-16 22:00:00+00:00,747.2194559836784,106614.91305896356,109021.3215,111427.72994103645,-57.1748115481335,107970.39,108882.18908049284,109937.44474825688,2.445e-05,2.4106,-736.0840450159449,-722.5216711127348,34.61852244084443,-7884.595910000002,8720178406.136135,38.418763590316544,22.529611648888835,19.728501201739803,241.78435,109063.52809249244,-80.2714987982602
2025-10-16 22:30:00+00:00,713.8830142599681,106666.54610144965,108835.31049999999,111004.07489855033,-71.6216654534206,107798.85,108779.02137872389,109856.7944280364,2.445e-05,2.4106,-732.0274214329256,-724.5205881378217,44.89880356154923,-8498.56161,8720178406.136135,37.22355476508185,23.62912086444597,20.35303776683119,209.3291,108995.14352898959,-79.64696223316881
2025-10-16 23:00:00+00:00,711.7849059685292,106792.76157001326,108693.92650000002,110595.09142998677,-48.767589052933545,108313.68,108734.70268291458,109796.07752305546,2.445e-05,2.4106,-679.3679337704671,-715.4838980420366,55.82984539134152,-7761.231940000002,8720178406.136135,42.95371582791645,29.537852891001364,48.53201970443312,223.11986,108930.26715984082,-51.46798029556688
2025-10-16 23:30:00+00:00,684.9342075386074,106931.24739109687,108560.64050000001,110190.03360890315,-44.54572429598593,108194.28,108683.23985823398,109735.85352476152,2.445e-05,2.4106,-639.9593203278346,-700.457763871357,44.814272263024925,-8246.735900000003,8720178406.136135,41.99533041273892,37.03058912479822,42.206709903130374,148.28856,108820.65100892147,-57.793290096869626
2025-10-17 00:00:00+00:00,676.43716283764,107059.20649793759,108468.4695,109877.73250206243,-22.584801408587328,108499.99,108665.7897694844,109688.372160854,2.445e-05,2.4106,-577.3745891662547,-675.8710375150686,37.97538120503554,-8171.005020000002,8720178406.136135,45.353579593311096,53.85516318887951,70.82675995907503,299.5762,108680.60098376768,-29.173240040924963
2025-10-17 00:30:00+00:00,666.4520695694915,107319.61787494387,108382.00249999999,109444.3871250561,50.97262247561359,108800.0,108678.57280540708,109654.01295796255,2.445e-05,2.4106,-497.8203178577678,-640.2754522314613,44.857232316841596,-8167.586930000001,8720178406.136135,48.50461483581573,69.85823987496507,96.54124976268977,357.46002,108557.74121673687,-3.458750237310222
2025-10-17 01:00:00+00:00,644.9398876688934,107546.5261193932,108320.956,109095.38588060682,140.52449455050217,108824.04,108692.43554687654,109625.23129175958,2.445e-05,2.4106,-427.98101481521735,-597.9310557087208,54.33093384422064,-8008.463680000002,8720178406.136135,48.75823122725878,83.37570688812455,82.75911094260888,393.71325,108491.79332778494,-17.24088905739111
2025-10-17 01:30:00+00:00,627.5660664234985,107534.03561411062,108335.4875,109136.93938588939,115.49008954787311,108839.84,108706.4578590914,109587.43389827658,2.445e-05,2.4106,-366.8822239631845,-551.5085662884458,47.200511234743125,-7434.635220000002,8720178406.136135,48.93979827055316,87.665148748756,83.69508554096933,269.51041,108352.01284958133,-16.30491445903067
2025-10-17 02:00:00+00:00,615.1892369507246,107553.21237723247,108350.0665,109146.92062276753,58.880524713506,108425.56,108679.69751268336,109538.34294389041,2.445e-05,2.4106,-347.9370674866368,-510.6870415251326,57.16293351208686,-6796.151370000002,8720178406.136135,44.5475784505624,75.20259703331563,59.15359461636869,250.17026,108368.28523127765,-40.84640538363131
2025-10-17 02:30:00+00:00,620.1021926218067,107591.31070126325,108337.0935,109082.87629873675,118.63535388989922,108972.97,108707.63499872602,109519.09581157759,2.445e-05,2.4106,-285.602265888534,-465.7589834371676,53.83542286273737,-7066.290520000001,8720178406.136135,50.828022920096295,78.1434134243241,91.5815601156343,309.54125,108316.53978291378,-8.418439884365696
2025-10-17 03:00:00+00:00,589.2805641377757,107568.54950954748,108348.0945,109127.63949045254,156.3562396295598,109037.76,108739.05462699888,109491.21836231354,2.445e-05,2.4106,-228.06668314630224,-417.9468870962276,61.85808050400167,-6066.163300000001,8720178406.136135,51.53140290517044,82.05160102996676,95.41964835789732,262.365,108275.96373638707,-4.580351642102679
2025-10-17 03:30:00+00:00,570.7215617475523,107535.24982947455,108393.09650000001,109250.94317052548,151.36799888877167,109176.74,108780.74938081086,109483.39033853785,2.445e-05,2.4106,-169.59322572177916,-368.41308524021974,74.02141412300873,-6410.310360000003,8720178406.136135,53.0727593816496,94.38753874684073,96.1614077669906,275.5567,108292.52805715005,-3.8385922330093907
2025-10-17 04:00:00+00:00,552.8265805274685,107591.44365332511,108448.12449999999,109304.80534667487,118.275643359783,108966.35,108798.45947227048,109477.72617596867,2.445e-05,2.4106,-138.88970133996918,-322.9525942502076,67.43172671949529,-6869.224140000002,8720178406.136135,50.44825181940095,91.12648836898536,81.79840898206821,207.88977,108347.52756151183,-18.201591017931793
2025-10-17 04:30:00+00:00,533.3717666060438,107589.7649369549,108454.678,109319.5910630451,78.05086543831105,108787.26,108797.36193738288,109437.2994321856,2.445e-05,2.4106,-126.9225135143788,-283.3407644818183,60.90447603511141,-6809.436360000002,8720178406.136135,48.270259602473445,82.6154035397055,69.8863938700577,279.98289,108366.44064990073,-30.1136061299423
2025-10-17 05:00:00+00:00,509.3913487333785,107656.01926908016,108500.0115,109344.00373091982,62.10417889910413,108832.1,108800.64792263696,109403.89377996203,2.445e-05,2.4106,-112.56196825568622,-248.8909772230346,60.51806616957281,-6141.294610000003,8720178406.136135,48.871207560090255,74.85123006793327,72.86888735167392,264.02978,108434.055235074,-27.131112648326074
2025-10-17 05:30:00+00:00,513.5099984074046,107674.65232913416,108509.21650000001,109343.78067086586,4.153640056747182,108381.76,108760.74423318166,109359.66443636338,2.445e-05,2.4106,-136.04927039868198,-226.19661239550126,55.65365890023564,-6335.027090000001,8720178406.136135,43.45091695717458,61.89006544990152,42.91491512797292,536.42769,108472.1919037367,-57.08508487202708
2025-10-17 06:00:00+00:00,531.1685272269737,107644.9614720454,108501.56450000001,109358.16752795462,-83.66341128544657,107820.02,108671.15779757802,109302.0273119631,2.445e-05,2.4106,-197.86128627925063,-220.61287310942984,45.78995825612437,-7322.753510000002,8720178406.136135,37.813804893029705,39.971665354365975,4.131193583451083,619.36184,108452.83670539992,-95.86880641654892
2025-10-17 06:30:00+00:00,581.9449418385706,107327.17453103914,108446.728,109566.28146896086,-226.57300369848056,106741.28,108487.36661988375,109204.50206364212,2.445e-05,2.4106,-330.10181166874827,-242.59870241310458,29.174871066259684,-10254.638080000002,8720178406.136135,29.814519373502733,16.983084998587582,3.9031462843387645,2221.12982,108116.39032038311,-96.09685371566124
2025-10-17 07:00:00+00:00,593.6315116213217,106899.69677814904,108356.2085,109812.72022185095,-264.3992778069721,106297.6,108278.81599553299,109089.89173154985,2.445e-05,2.4106,-465.26715397257067,-287.113722582366,20.136710656406024,-11768.603790000005,8720178406.136135,27.260706410393496,4.20384886158167,4.577206716955178,1775.63533,107804.09571824002,-95.42279328304483
2025-10-17 07:30:00+00:00,606.9776979615673,106338.66723114515,108215.71099999998,110092.75476885481,-256.5199778592777,105633.75,108026.90992042152,108956.50355217443,2.445e-05,2.4106,-618.8842394159583,-353.53308590353845,12.885023246025924,-14232.544460000001,8720178406.136135,23.95331475658594,3.6530168092260378,2.4786974263841848,2115.61821,107425.80661755064,-97.52130257361581
2025-10-17 08:00:00+00:00,646.8004594091075,105777.18964650316,108075.871,110374.55235349684,-242.23924073086877,105173.59,107755.1452895802,108799.57193966972,2.445e-05,2.4106,-768.645780606661,-436.29474007630483,6.943974581000262,-16960.043880000005,8720178406.136135,21.965794171189515,7.058691032644243,14.12016895459338,3076.10961,106909.36212346384,-85.87983104540662
2025-10-17 08:30:00+00:00,670.2282554457253,105242.9985564474,107930.14749999999,110617.29644355258,-185.89439491373665,104884.38,107481.76010979513,108655.11867187345,2.445e-05,2.4106,-900.6828463497222,-529.4484944512734,6.306909464685134,-18828.74491,8720178406.136135,20.79250933437487,8.203705196334331,8.012249208025441,1556.87375,106715.15870994859,-91.98775079197456
2025-10-17 09:00:00+00:00,658.4997579475701,104822.47588953962,107769.6575,110716.83911046038,-149.6348928684576,105103.88,107255.29080650877,108513.89809771188,2.445e-05,2.4106,-976.12578703287,-618.7244833237334,6.033531456260647,-17213.296730000002,8720178406.136135,24.094057320937054,11.593453009503742,12.647940865892389,889.87736,106604.56809949254,-87.3520591341076
2025-10-17 09:30:00+00:00,690.4723244551844,104328.75485157562,107586.51100000001,110844.2671484244,-131.49759218218682,104531.35,106995.87745581006,108361.85749229483,2.445e-05,2.4106,-1069.9200984433119,-709.0893892157001,3.628123819005779,-18935.154220000004,8720178406.136135,21.56683464067075,7.072228088701262,0.556494192185973,1144.73156,106476.51926336368,-99.44350580781402
2025-10-17 10:00:00+00:00,734.8497871058851,103785.00670902406,107362.2415,110939.47629097594,-139.57972485997283,104014.6,106711.96828544629,108200.88258918135,2.445e-05,2.4106,-1172.5787595571164,-802.0762281174411,1.6557151461130957,-21474.956940000004,8720178406.136135,19.568176446842884,7.239886295122826,8.515223827290132,2184.33011,106177.37360653267,-91.48477617270987
2025-10-17 10:30:00+00:00,751.4502080327914,103474.46482137767,107159.84100000001,110845.21717862236,-106.27555478746332,104751.99,106525.29634969137,108062.46395001635,2.445e-05,2.4106,-1180.5551994317793,-877.6757203731473,7.754548630589085,-19553.47092,8720178406.136135,29.575269624783985,10.17064256606516,21.440209678719388,1435.95442,106016.51316030725,-78.55979032128062
2025-10-17 11:00:00+00:00,839.0105588205598,103408.63113667438,107031.49749999998,110654.36386332559,-48.693510726390976,106257.17,106499.7464594892,107985.60288927316,2.445e-05,2.4106,-1053.1985933690885,-912.595919294126,19.02893849546892,-16577.385160000005,8720178406.136135,44.70072261083225,26.408494698377552,49.27005058912315,2496.02882,105947.84222038041,-50.72994941087685
2025-10-17 11:30:00+00:00,840.5989874951066,103305.10213297996,106873.6915,110442.28086702005,-45.013678179470276,105683.72,106422.02818778035,107894.69998015992,2.445e-05,2.4106,-987.2684735091898,-927.5111879139714,18.285728877954767,-17586.193660000004,8720178406.136135,41.08100792133709,36.880929569942545,39.932528441985106,1124.42759,105908.79653053312,-60.067471558014894
2025-10-17 12:00:00+00:00,821.251222997944,103197.2763987574,106732.4505,110267.62460124261,-44.111947148110794,105600.74,106343.80350235336,107801.8208065672,2.445e-05,2.4106,-930.9253288642794,-928.1052527283728,17.83854224374133,-17805.481630000002,8720178406.136135,40.56966235484108,42.674626096009405,38.82129925691999,809.08227,105874.40363370895,-61.17870074308001
2025-10-17 12:30:00+00:00,803.5259002384049,103124.33309091594,106551.322,109978.31090908406,-50.208289511021135,105350.4,106249.18829732998,107703.3777055005,2.445e-05,2.4106,-896.1470170347166,-921.6434161187354,17.81966883506324,-18052.200319999996,8720178406.136135,38.991426082392024,38.42034743668176,36.50721461114017,575.30349,105826.18384498723,-63.49278538885983
2025-10-17 13:00:00+00:00,799.7708954562926,103118.62936245039,106374.687,109630.74463754962,-51.2055306275323,105505.06,106178.31008239152,107613.3465935178,2.445e-05,2.4106,-846.3042791739426,-906.4593868741979,17.663042019684383,-16487.115159999998,8720178406.136135,40.53197599211386,40.244510223196926,45.40501680153063,830.96625,105775.22600858704,-54.59498319846937
2025-10-17 13:30:00+00:00,828.3399651437387,103211.28414603579,106207.63149999999,109203.97885396419,-31.610254795110706,105835.63,106145.66803293073,107541.1058779119,2.445e-05,2.4106,-771.2558963272313,-879.3418909616439,25.306683360980273,-15134.675839999994,8720178406.136135,43.79757736602742,50.102534976120076,68.39537351568944,1509.38648,105732.39284301392,-31.604626484310565
2025-10-17 14:00:00+00:00,841.1546470926971,103262.26886169925,106012.624,108762.97913830074,-43.67355116292959,105066.2,106042.84379448026,107436.38290790904,2.445e-05,2.4106,-764.9147608083294,-856.223371515184,26.551425613879488,-15085.431410000007,8720178406.136135,38.500784309027225,54.34903526820717,49.24671548740145,785.20799,105694.6084689338,-50.75328451259855
2025-10-17 14:30:00+00:00,869.2958125964597,103374.27109286646,105831.432,108288.59290713354,-52.631864123136246,105163.42,105959.09898441879,107351.49443215449,2.445e-05,2.4106,-743.7311104786495,-833.8540330748508,27.937975763569725,-14494.955870000002,8720178406.136135,39.49531710267471,56.66728226643514,52.35975779621451,1109.23972,105639.52762197758,-47.64024220378549
2025-10-17 15:00:00+00:00,888.6155854063015,103651.05551089703,105694.3925,107737.72948910297,4.867553407649061,106091.31,105971.67911620601,107297.15607302703,2.445e-05,2.4106,-644.4352321226033,-795.8207299608026,37.472689686007776,-12944.915280000007,8720178406.136135,48.131213757638065,61.2259405249456,82.07134829122083,1128.71698,105615.9291198857,-17.928651708779167
2025-10-17 15:30:00+00:00,910.6717195446136,103897.35226952682,105615.481,107333.60973047318,84.37415230937468,106803.53,106050.90127663757,107277.04981868592,2.445e-05,2.4106,-502.56175282823096,-737.1461849762101,44.930539200636844,-9265.444820000008,8720178406.136135,53.604668595280735,77.65622392855475,98.53756569822887,1099.43995,105593.00974540453,-1.462434301771123
2025-10-17 16:00:00+00:00,910.2784060264731,104065.2658441781,105564.10999999999,107062.95415582188,164.38388329102676,106792.6,106121.56082992598,107267.36920202876,2.445e-05,2.4106,-386.7901420251437,-667.3582150674363,51.2272311329409,-12040.391810000005,8720178406.136135,53.50897589827178,87.08767258849404,80.65410377603239,1257.91572,105602.43801439423,-19.345896223967614
2025-10-17 16:30:00+00:00,892.6875297055449,104096.98293145295,105545.66299999999,106994.34306854702,114.84390423271923,106372.34,106145.40956926919,107217.16193120013,2.445e-05,2.4106,-324.65284872596385,-598.3578733995778,52.67586068798302,-11741.671760000007,8720178406.136135,49.91501236455066,83.1540800799894,70.27057076570695,651.13216,105504.0559578825,-29.729429234293043
2025-10-17 17:00:00+00:00,867.7559259087794,104100.84659796364,105541.71200000001,106982.57740203639,100.3820679423532,106218.58,106152.38342509526,107180.26578199292,2.445e-05,2.4106,-284.89587398241565,-535.7342942709536,59.12707917695246,-12949.192570000007,8720178406.136135,48.62589069513582,71.13440376972994,62.47853676745052,298.32037,105449.50521759472,-37.52146323254948
2025-10-17 17:30:00+00:00,841.3052319233153,104088.07421200478,105582.68800000001,107077.30178799524,91.09630743151185,106453.27,106181.02338367872,107144.88855965287,2.445e-05,2.4106,-231.5686824952718,-474.69240528956016,53.22684305468485,-12089.461150000005,8720178406.136135,50.71906996724983,65.2864532234858,63.11025213729989,425.18902,105432.21797279034,-36.88974786270011
2025-10-17 18:00:00+00:00,819.0415442603488,104083.45409782414,105668.455,107253.45590217586,123.16274639294225,106888.93,106248.4501215684,107137.89932011547,2.445e-05,2.4106,-152.60765599562728,-410.36812178584546,45.1072662948847,-12440.209730000004,8720178406.136135,54.426669569842275,67.67290140053514,77.429915296855,406.16,105502.120713306,-22.570084703144992
2025-10-17 18:30:00+00:00,802.0239859412696,104159.79655698156,105756.59150000001,107353.38644301846,107.39921606490203,106647.11,106286.40863174901,107114.72475351766,2.445e-05,2.4106,-108.13925303459109,-349.80294359824103,48.17790110301057,-12517.056530000005,8720178406.136135,52.08504082036894,70.00724211338213,69.48155890599149,355.01199,105553.15161425194,-30.51844109400851
2025-10-17 19:00:00+00:00,772.4052140174887,104223.92665946142,105831.23700000001,107438.5473405386,88.47580337780202,106596.79,106315.95475378959,107088.36525162081,2.445e-05,2.4106,-76.01590907791979,-294.8616742844848,50.6750280135488,-11399.782530000006,8720178406.136135,51.589426043818854,71.57969009013713,67.8275960675649,251.63502,105588.61545530347,-32.1724039324351
2025-10-17 19:30:00+00:00,746.4823336957587,104415.36780968361,105927.4055,107439.44319031638,58.033619200476124,106454.72,106329.20237338134,107077.28201311376,2.445e-05,2.4106,-61.76685998275934,-248.66116962936812,52.139713343529955,-12540.056390000005,8720178406.136135,50.12827268166519,66.82235566993907,63.157912036260804,271.10316,105642.72107201748,-36.842087963739196
2025-10-17 20:00:00+00:00,744.5312079820606,104771.9633653154,106078.0715,107384.17963468461,89.6419954778632,107027.92,106395.74800623627,107075.81989255919,2.445e-05,2.4106,-3.906432451782166,-199.72462044529462,57.876732743928635,-12728.410080000007,8720178406.136135,55.5777664536018,70.99462374427095,81.99836312898715,277.53724,105855.26816527215,-18.001636871012845
2025-10-17 20:30:00+00:00,709.7111560848505,104974.70789576175,106191.5405,107408.37310423826,108.88829868992423,107021.37,106455.34046502263,107077.74830855815,2.445e-05,2.4106,40.860169336985564,-151.73119446058723,51.59326203283665,-13278.608680000005,8720178406.136135,55.50185529369977,75.64644900883819,81.78307186126662,225.27683,105990.42465298758,-18.216928138733383
2025-10-17 21:00:00+00:00,688.6741486928322,104919.97616731562,106249.68149999999,107579.38683268437,124.97585438622863,107419.99,106547.21393736886,107092.07111190773,2.445e-05,2.4106,107.32752885788796,-99.94685619751911,58.333909381189905,-13227.494250000007,8720178406.136135,59.10134120814356,86.22223536978036,94.88527111908728,288.8975,106041.5133936099,-5.114728880912724
2025-10-17 21:30:00+00:00,655.4439972518788,104952.48449269409,106330.5655,107708.64650730591,117.36930983307664,107301.4,106619.03204503455,107096.33527684427,2.445e-05,2.4106,148.83247133149416,-50.07107298585912,68.39422468150862,-13051.29382000001,8720178406.136135,57.60989989568053,88.54960522355111,88.98047269029942,186.08177,106079.69798970481,-11.019527309700571
2025-10-17 22:00:00+00:00,638.2865831912558,105029.1328342215,106407.54550000001,107785.95816577852,95.24158491419507,107140.34,106668.67181892862,107094.34654391026,2.445e-05,2.4106,166.81541108316742,-6.580862442955791,60.24070779995224,-13122.665520000008,8720178406.136135,55.55856467671244,87.06645856957829,77.33363189934815,223.14795,106123.67807550596,-22.66636810065185
2025-10-17 22:30:00+00:00,617.1613941310574,105178.72610294393,106490.0305,107801.33489705606,66.48739845401042,107000.1,106700.2384125659,107091.51628205295,2.445e-05,2.4106,167.72041759977583,28.25307786056066,49.369481315582654,-13601.23429000001,8720178406.136135,53.76174091327041,76.01801864175306,61.73995133561162,243.99205,106173.7946034592,-38.26004866438838
2025-10-17 23:00:00+00:00,602.7531708871118,105313.30205671838,106544.476,107775.6499432816,27.489019621337285,106593.97,106690.11217165219,107069.655962494,2.445e-05,2.4106,134.19402151339455,49.5126643816682,32.454991381663845,-13626.05484000001,8720178406.136135,48.837640387046335,59.084978814205755,38.18135320765751,171.28788,106244.62459212012,-61.81864679234249
2025-10-17 23:30:00+00:00,580.2470957053383,105385.03984448522,106574.27849999999,107763.51715551475,-11.508640001522032,106431.68,106665.49461301573,107042.49103444869,2.445e-05,2.4106,93.45521758418181,58.3664189369491,36.328472155341984,-13408.645910000012,8720178406.136135,46.98614094753289,42.08151819326744,26.32325003653319,194.33495,106339.90935016327,-73.6767499634668
2025-10-18 00:00:00+00:00,575.8429552227761,105690.16184814891,106658.17050000001,107626.1791518511,-0.5864650652815329,106744.04,106672.98789884633,107036.3019635622,2.445e-05,2.4106,85.21451471828914,63.5683917610087,43.794639074035565,-13529.75919000001,8720178406.136135,50.847965644192016,37.88372546154188,49.14657314043493,275.92253,106432.22590837491,-50.85342685956507
2025-10-18 00:30:00+00:00,553.3769655440645,106057.50524543389,106742.27550000002,107427.04575456615,9.551863773998937,106845.52,106689.39916912025,107020.03019052988,2.445e-05,2.4106,86.20429823173617,68.36278278824136,52.076131614855214,-13157.88465000001,8720178406.136135,52.07413249713131,42.063250519050136,50.719928380182274,195.77124,106607.93028638407,-49.280071619817726
2025-10-18 01:00:00+00:00,546.6596070452404,106147.25174436561,106801.89050000001,107456.5292556344,92.35235896215164,107283.61,106745.99931380957,107034.09583591286,2.445e-05,2.4106,120.67751509558002,78.71236641063315,50.827124486151185,-13043.02187000001,8720178406.136135,57.03981295257543,62.30038640423385,87.03465769208434,314.47718,106749.0496501167,-12.965342307915666
2025-10-18 01:30:00+00:00,527.6293932972417,106147.24562086517,106819.179,107491.11237913484,88.5703469252981,107149.3,106784.40414841194,107036.5607756653,2.445e-05,2.4106,135.72164795783465,90.17662761835035,59.355570404086244,-13088.090190000012,8720178406.136135,55.15351406962583,71.21861452124979,75.90125749148281,210.64802,106812.96378068988,-24.098742508517187
2025-10-18 02:00:00+00:00,523.2608533057071,106153.18927255369,106829.38699999999,107505.58472744629,56.83878634294009,106996.76,106804.62938980467,107035.3775751543,2.445e-05,2.4106,133.74264069722267,98.87835119740535,58.281389949906725,-13573.837010000008,8720178406.136135,53.00817287577294,75.39754248972794,63.256712285616715,312.04178,106781.87688749439,-36.743287714383285
2025-10-18 02:30:00+00:00,529.5898777654976,106188.23840568807,106840.669,107493.09959431192,-27.575959357474662,106597.98,106784.93409662237,107012.00772511963,2.445e-05,2.4106,99.01291027612751,99.09425276156189,52.96204180117191,-13641.88566000001,8720178406.136135,47.77901462502019,54.60973495322357,24.671235082571176,611.55549,106807.94112428793,-75.32876491742883
2025-10-18 03:00:00+00:00,521.2094832868571,106289.6242533429,106877.26599999999,107464.90774665707,-6.0598740029128155,106950.52,106800.72300332935,107017.72262242857,2.445e-05,2.4106,98.47716636763653,98.72380896515958,54.249671491525255,-13691.773550000013,8720178406.136135,52.26137814853859,48.04578498837264,56.20940759693001,382.57749,106831.88263156274,-43.79059240306999
2025-10-18 03:30:00+00:00,498.18205104179367,106348.64063717228,106908.12250000001,107467.60436282774,46.08054695077279,107070.4,106826.42309323241,107026.94126302663,2.445e-05,2.4106,106.49162706320931,100.05993385898681,55.86251725275796,-13797.88579000001,8720178406.136135,53.71443655911326,49.2714986909041,66.93385339321111,365.30967,106879.63712178319,-33.06614660678889
2025-10-18 04:00:00+00:00,506.0531559955881,106326.88578704746,106896.7005,107466.51521295255,-48.07344844313835,106660.49,106810.62401537714,107014.32960049303,2.445e-05,2.4106,78.96054893522523,95.78658605627177,45.63709485896778,-14649.52074000001,8720178406.136135,48.28997017273422,51.13554358781681,30.2633697733093,546.68919,106873.05441207651,-69.73663022669069
2025-10-18 04:30:00+00:00,488.78360693261664,106299.3073685439,106888.2805,107477.25363145609,-98.57290231122056,106478.71,106779.01765510693,106995.26715240222,2.445e-05,2.4106,41.97895043628523,84.96601701218745,41.181103010281575,-15226.113370000008,8720178406.136135,46.067507346443115,37.16986257023463,14.312364544183469,191.90185,106869.62418190186,-85.68763545581653
2025-10-18 05:00:00+00:00,468.7426178852093,106298.60678191972,106888.04649999998,107477.48621808024,-83.02813090204211,106592.11,106761.22587180496,106983.31956725167,2.445e-05,2.4106,21.519423054967774,72.15928269893307,45.53366835284045,-15233.771790000004,8720178406.136135,47.68259366793906,24.003171848843255,27.433781229036992,152.06048,106871.20621705656,-72.566218770963
2025-10-18 05:30:00+00:00,459.4685974909022,106349.38870136165,106905.9365,107462.48429863834,-51.28833855630586,106812.52,106766.09471016446,106969.57649832136,2.445e-05,2.4106,23.074000253604027,62.556387502231914,50.929286122592146,-14818.779330000012,8720178406.136135,50.77525610034409,30.52750153492074,49.83635883154175,204.95991,106886.41652228453,-50.16364116845825
2025-10-18 06:00:00+00:00,443.67047869634297,106343.29264405553,106897.343,107451.39335594446,-15.477023462582647,106856.05,106774.67088666822,106969.0130082671,2.445e-05,2.4106,27.26580224565987,55.380063640114955,56.7143775871969,-14774.790130000007,8720178406.136135,51.38400324184518,43.84363628971655,54.26076880857089,327.58606,106887.40206009096,-45.73923119142911
2025-10-18 06:30:00+00:00,424.95964747306243,106336.70679817064,106888.2725,107439.83820182938,-14.086463676096729,106839.96,106780.86508637793,106953.67122024878,2.445e-05,2.4106,29.280475839346764,50.47267314667036,55.921632180127965,-14492.36828000001,8720178406.136135,51.13704127456042,52.24083372295587,52.625373528755006,254.47447,106878.9881401354,-47.374626471244994
2025-10-18 07:00:00+00:00,441.660732483081,106367.340460104,106871.3805,107375.420539896,88.15918810623185,107082.15,106809.56250043919,106960.26948291388,2.445e-05,2.4106,49.59974920049717,50.25066983081156,59.029975649426554,-14259.11606000001,8720178406.136135,54.741483290307755,55.84885592428622,60.66042543553277,603.40389,106885.53722212049,-39.33957456446723
2025-10-18 07:30:00+00:00,463.9171960277127,106368.87850512486,106839.56049999999,107310.24249487513,10.264595518741167,106665.0,106795.79042395033,106946.86852313651,2.445e-05,2.4106,31.752423892292427,46.60640017839883,49.548409610866145,-14224.85134000001,8720178406.136135,48.1523611053618,44.859445932988,21.292538834676236,695.25922,106872.19802802788,-78.70746116532376
2025-10-18 08:00:00+00:00,455.9441965249118,106364.19621753905,106817.479,107270.76178246096,-28.820631241969068,106698.71,106786.55955050292,106943.56206214032,2.445e-05,2.4106,19.906101866217796,41.07102045575221,39.819407545309424,-13956.552790000007,8720178406.136135,48.68643852994372,35.475610753540316,24.47386799041193,788.49423,106849.68730459553,-75.52613200958807
2025-10-18 08:30:00+00:00,439.2250152855574,106356.2898406784,106803.43400000001,107250.57815932162,-41.79667244209539,106719.2,106780.15862744712,106940.9258551898,2.445e-05,2.4106,12.015111465443624,35.07251168545267,34.81852638302598,-13801.518770000002,8720178406.136135,49.028819184239545,24.05799563365461,26.40758007587566,416.14324,106837.46017502944,-73.59241992412434
2025-10-18 09:00:00+00:00,424.7636623152131,106379.27440326884,106816.2455,107253.21659673117,-15.759160075913238,106850.2,106786.79275436224,106921.61705091712,2.445e-05,2.4106,16.64761737920344,31.866342853570814,38.93239796977471,-12906.063930000011,8720178406.136135,51.299346805932004,29.88398356643548,38.77050263301884,195.03733,106838.60212453251,-61.22949736698116
2025-10-18 09:30:00+00:00,409.6187059755524,106438.57555500626,106838.88200000001,107239.18844499376,6.3431247085124,106884.41,106796.08201424434,106916.86758905304,2.445e-05,2.4106,22.57617343388847,30.10833217357879,45.45285377017002,-12021.254140000015,8720178406.136135,51.901659637465926,35.725700408322126,41.99901851607187,176.40469,106847.9358077878,-58.00098148392813
2025-10-18 10:00:00+00:00,391.408776190801,106448.4212306945,106850.39100000002,107252.36076930554,35.532291116315676,106974.22,106813.04622055788,106918.54843513711,2.445e-05,2.4106,34.075081113842316,30.91895665544964,42.671487669092855,-11529.319380000012,8720178406.136135,53.52157994558943,43.748073208634345,50.474698476812335,125.3292,106857.54175106085,-49.525301523187665
2025-10-18 10:30:00+00:00,389.0199517068849,106451.08900064444,106854.3385,107257.58799935556,44.665785355032995,106924.47,106823.66882862995,106923.45220032643,2.445e-05,2.4106,38.60392122276244,32.31393993025426,41.210367008049,-12257.107760000014,8720178406.136135,52.4646410541174,46.08444536720705,45.779619108736966,240.411,106863.49284797911,-54.220380891263034
2025-10-18 11:00:00+00:00,375.1652665379318,106481.899590756,106834.74350000001,107187.58740924402,15.258109487878103,106891.71,106830.14334323599,106919.79081784685,2.445e-05,2.4106,39.2513109681895,33.7748756955873,44.98440421004384,-12056.533110000013,8720178406.136135,51.7438711031039,46.314087440151546,42.687944734905315,133.51863,106851.61653715979,-57.312055265094685
2025-10-18 11:30:00+00:00,373.71579290677084,106473.52690028577,106837.7085,107201.89009971422,141.3899394055728,107208.6,106866.2058252986,106939.31636658723,2.445e-05,2.4106,64.3450444774935,39.63964807762937,50.016196733700156,-12167.75433000001,8720178406.136135,57.79406291384055,53.335487547360835,71.53889879844021,261.38987,106851.58032572483,-28.461101201559792
2025-10-18 12:00:00+00:00,363.4999672313462,106465.62936414266,106843.67,107221.71063585734,163.20080116783456,107115.99,106890.00323659225,106949.8898560256,2.445e-05,2.4106,75.96320860015112,46.79355299260469,50.239222754667566,-14566.223470000004,8720178406.136135,55.59595234556608,58.580370674030654,61.514268488746396,171.69054,106850.66203911795,-38.485731511253604
2025-10-18 12:30:00+00:00,348.3222925939561,106494.91151846795,106867.02949999999,107239.14748153203,91.89428064941322,107065.17,106906.69051356928,106956.45208439344,2.445e-05,2.4106,80.17101926599571,53.40698887459705,46.91929637401618,-15278.145020000002,8720178406.136135,54.3736179331833,61.49192937812561,51.42262084719022,93.42147,106865.05588020815,-48.57737915280978
2025-10-18 13:00:00+00:00,336.79211025055434,106494.46599119766,106869.7095,107244.95300880233,64.11079768325814,107004.12,106915.95495001545,106952.03388261309,2.445e-05,2.4106,77.87581487730495,58.49188778891307,41.431914804889054,-15023.142980000002,8720178406.136135,52.87660073797615,52.50784662614907,44.586650542510576,130.73917,106869.91190709067,-55.413349457489424
2025-10-18 13:30:00+00:00,326.64816897646034,106496.62955207497,106860.62850000002,107224.62744792507,17.074675853377588,106888.78,106913.37877770746,106954.69923334154,2.445e-05,2.4106,65.73874362783681,59.78482968041154,42.56895356258377,-15557.361540000004,8720178406.136135,50.058233057362244,42.56030695615515,31.671649478764667,139.83711,106859.93897150314,-68.32835052123534
2025-10-18 14:00:00+00:00,320.56226192774346,106520.41429519768,106873.00600000001,107225.59770480233,0.6598837627975009,106908.04,106912.8709426704,106953.13714874643,2.445e-05,2.4106,57.11468102726212,59.242662505043604,30.352642029493268,-15634.347100000003,8720178406.136135,50.531518198716164,38.775313092856585,40.06763925729451,291.33333,106873.37046181159,-59.93236074270549
2025-10-18 14:30:00+00:00,312.8173024508178,106592.21449037467,106900.4885,107208.76250962535,65.78457850082486,107028.36,106923.87393854589,106957.83056227969,2.445e-05,2.4106,59.26893281380762,59.194916244959714,41.83894968439267,-15911.036969999996,8720178406.136135,53.49637137565098,44.20067530798377,60.862737187892186,261.61432,106891.09550184665,-39.137262812107814
2025-10-18 15:00:00+00:00,302.95040491345986,106644.54719378799,106919.509,107194.47080621202,67.10296652173429,106972.52,106928.4915108617,106951.7634576277,2.445e-05,2.4106,56.02110511742649,58.76209845159275,57.536764815771136,-15642.529630000006,8720178406.136135,51.94593181032058,51.249271869461516,52.81743916319786,198.85229,106904.07771321139,-47.18256083680214
2025-10-18 15:30:00+00:00,292.987360691097,106655.58061239863,106926.32049999999,107197.06038760135,-10.322099104878928,106948.75,106930.40942965374,106946.69672496142,2.445e-05,2.4106,50.92581814882578,57.345272841467,63.7708313612276,-14572.057020000004,8720178406.136135,51.26689037180799,53.760464547935634,47.60121729271685,138.1304,106911.03260811832,-52.39878270728315
2025-10-18 16:00:00+00:00,296.6438946332845,106650.90766065821,106924.302,107197.69633934178,-43.26988262963592,106815.68,106919.4617741474,106932.4730326051,2.445e-05,2.4106,35.85538362212537,53.32349227641056,57.64922571784739,-12844.515090000014,8720178406.136135,47.504899167450745,38.97173606001715,16.496551724136726,128.66901,106914.29495531386,-83.50344827586328
2025-10-18 16:30:00+00:00,299.1210195480021,106621.28935555891,106915.5045,107209.71964444108,-166.3228627824252,106664.01,106895.14060756227,106925.21520617773,2.445e-05,2.4106,11.27820204073214,44.815025878256336,49.6300365707089,-14405.959150000004,8720178406.136135,43.56770215374436,28.71927267882026,22.060049019607202,224.3789,106907.25306501979,-77.9399509803928
2025-10-18 17:00:00+00:00,305.44273952472355,106623.74940991901,106908.1075,107192.46559008099,-58.51975492319188,106934.21,106898.84177139508,106917.0488467681,2.445e-05,2.4106,13.718537130625919,38.85469883268047,50.41941232845276,-13790.85271000001,8720178406.136135,51.311988108145535,31.243131620463924,55.17279411764785,165.9289,106876.05598462945,-44.82720588235215
2025-10-18 17:30:00+00:00,297.8948713453105,106656.68622819467,106918.85900000001,107181.03177180536,-30.30015740406438,106880.03,106896.9892447275,106889.28971009655,2.445e-05,2.4106,11.609125218936242,34.20529924535454,47.13271950103004,-8140.199800000009,8720178406.136135,49.86030310605012,41.92197712418301,48.533088235293974,80.10452,106875.55264152322,-51.466911764706026
2025-10-18 18:00:00+00:00,290.60035652720086,106675.69717684734,106924.02349999998,107172.34982315262,-63.8468602964337,106802.0,106887.9257357063,106878.5635216603,2.445e-05,2.4106,3.241627761075506,28.234569625502477,48.41961221587495,-7789.020990000003,8720178406.136135,47.736927670563595,47.558823529411974,38.970588235294116,69.2109,106899.4546370645,-61.029411764705884
2025-10-18 18:30:00+00:00,275.52793931704224,106696.99348248859,106930.251,107163.50851751142,-52.25373455051288,106843.75,106883.76326785491,106896.51781700095,2.445e-05,2.4106,-0.6307421808451181,21.874215793342806,44.354223918073075,-9508.47284000001,8720178406.136135,48.973117727901176,43.86356209150322,44.08700980392157,89.78766,106920.74342425301,-55.91299019607843
2025-10-18 19:00:00+00:00,272.45870787313527,106705.58681436203,106936.95800000001,107168.329185638,-5.028642199906955,106984.34,106893.32511196117,106892.66825914377,2.445e-05,2.4106,8.123407171864528,19.34577003250372,41.76277706644109,-9183.12090000001,8720178406.136135,53.07182318779895,52.87237119293244,75.55951553958165,74.91412,106929.06965767441,-24.440484460418347
2025-10-18 19:30:00+00:00,265.37869518877005,106708.63216983103,106946.7445,107184.85683016897,73.81603783588689,107080.14,106911.0949669374,106890.50428410339,2.445e-05,2.4106,22.61169210850494,20.288224034300228,45.851498015627776,-9168.83079000001,8720178406.136135,55.690361443437375,69.89113541733947,90.02688090851517,78.2649,106936.18008810065,-9.973119091484836
2025-10-18 20:00:00+00:00,264.79251671628015,106690.49187609473,106959.8035,107229.11512390526,144.12493718149838,107235.4,106941.96442225119,106896.80252387728,2.445e-05,2.4106,46.07090845472703,25.66445588704076,52.45989506250612,-8102.187890000011,8720178406.136135,59.61726738663432,87.58395493941316,97.16546837014268,143.20705,106947.20154284232,-2.8345316298573175
2025-10-18 20:30:00+00:00,268.7718015301092,106694.54269712047,106964.5055,107234.46830287953,103.68278411145994,107018.51,106949.28667401186,106915.47691615798,2.445e-05,2.4106,46.14485305991548,29.33794423543209,52.97232099702185,-8929.750450000012,8720178406.136135,52.603942286922006,83.23531509761075,62.51359601417441,119.42372,106953.84910870783,-37.48640398582559
2025-10-18 21:00:00+00:00,267.4146724040274,106700.8697872062,106975.019,107249.1682127938,36.088123039719754,107101.98,106963.79912821736,106909.93816043701,2.445e-05,2.4106,52.92453064039,34.445965795422985,57.79539449262524,-6944.72537,8720178406.136135,54.817692417154994,77.31829698783369,72.27582657918398,118.87719,106959.94747870724,-27.724173420816022
2025-10-18 21:30:00+00:00,259.78511151731334,106704.37064477678,106973.4415,107242.51235522323,111.52307096641445,107177.05,106984.11982427153,106925.20111401401,2.445e-05,2.4106,63.24679218373785,40.06058202025101,53.300054785446505,-8058.3208000000095,8720178406.136135,56.758190769251875,71.94835268937916,81.05563547477911,79.58577,106952.37138185956,-18.944364525220887
2025-10-18 22:00:00+00:00,254.0496515419265,106692.87666210257,106979.53700000001,107266.19733789745,140.116650436148,107237.9,107008.28021579495,106933.51355208017,2.445e-05,2.4106,75.65887901178212,47.300324867363976,51.05891377867744,-7822.540850000008,8720178406.136135,58.328798699937884,80.50126896132282,88.1723448300054,120.45047,106950.54815550878,-11.827655169994596
2025-10-18 22:30:00+00:00,249.5682590760418,106691.1043831648,106982.572,107274.0396168352,99.93145727845886,107125.87,107019.47374163571,106938.68168366957,2.445e-05,2.4106,75.56122730736388,53.024710474553885,52.31842007376262,-7161.763380000004,8720178406.136135,54.423773122075275,81.4326202979231,75.06988058898474,98.64078,106954.39117898214,-24.930119411015262
2025-10-18 23:00:00+00:00,243.72802623924863,106692.05657866265,106985.1145,107278.17242133734,59.429303600774816,107054.97,107022.86533523501,106947.99041629121,2.445e-05,2.4106,68.8060608492815,56.036634469727176,54.095552567838794,-7804.7734600000085,8720178406.136135,52.04237624789828,76.67333309942315,66.77777387927932,76.18971,106955.48333318444,-33.222226120720684
2025-10-18 23:30:00+00:00,236.65941365195798,106698.03032574238,106999.926,107301.82167425763,83.5039300362053,107185.01,107038.32135931918,106963.18976723214,2.445e-05,2.4106,73.05785188432492,59.2613890185278,64.60642321512304,-8080.361450000008,8720178406.136135,55.84532212369924,73.95769112041496,80.0254188929808,48.56877,106961.97136373936,-19.974581107019212
2025-10-19 00:00:00+00:00,238.38516809767458,106707.7919781169,107008.9415,107310.0910218831,64.36844619233939,107088.35,107043.06671160608,106959.77343844053,2.445e-05,2.4106,68.16444695813698,61.29505802923086,50.17802921879354,-7990.806820000007,8720178406.136135,52.51640740964507,68.70961893499063,59.32566403271179,227.32901,106986.03993424252,-40.67433596728821
2025-10-19 00:30:00+00:00,245.41824361866784,106697.62009193655,107002.425,107307.22990806345,-38.35781879915905,106898.03,107029.24670381616,106954.3350827204,2.445e-05,2.4106,48.27519902600034,58.782800898283035,42.015829829304394,-7980.567370000003,8720178406.136135,46.61066433477396,55.932061201848335,28.445100679852402,166.6344,106978.36433799275,-71.5548993201476
2025-10-19 01:00:00+00:00,245.604199320521,106695.89388312181,107001.2985,107306.7031168782,-47.191062841761386,106949.99,107021.71941777506,106963.2195140245,2.445e-05,2.4106,36.009499966035946,53.95288442529021,40.81450519823133,-8076.185730000006,8720178406.136135,48.31039105329276,41.150582913975825,35.68098402936329,113.71074,106969.66850873591,-64.31901597063671
2025-10-19 01:30:00+00:00,236.16924819725526,106697.77667001031,107002.524,107307.2713299897,-20.174727887381575,106973.26,107017.09937140206,106961.51325214603,2.445e-05,2.4106,28.079147269629175,48.84197476705934,40.07304122684848,-7932.294380000003,8720178406.136135,49.09901575482321,34.55141332827201,39.52815527560035,70.43409,106972.25341074783,-60.47184472439965
2025-10-19 02:00:00+00:00,227.2411588209123,106708.84360428019,107006.1885,107303.53339571982,-32.16081595940462,106888.97,107004.90902714246,106964.04524422817,2.445e-05,2.4106,14.650742896963493,41.840279100345015,35.42959982515579,-8145.667450000008,8720178406.136135,46.34193483935206,33.60061281398482,25.592699136990834,65.08451,106977.00186555639,-74.40730086300917
2025-10-19 02:30:00+00:00,219.97136591703602,106751.27696653918,107015.339,107279.40103346083,-76.58101660911827,106847.02,106989.88419776718,106964.73259290082,2.445e-05,2.4106,0.5991176373208873,33.43164504689826,30.73837029536064,-8502.016560000013,8720178406.136135,44.98399680836154,27.926021448489717,18.657209932877972,56.77291,107008.87444620562,-81.34279006712202
2025-10-19 03:00:00+00:00,229.018450733859,106759.06511251547,107025.519,107291.97288748453,11.732663331640689,107137.81,107003.97334867151,106971.94275756313,2.445e-05,2.4106,12.876826940017054,29.307828326186872,31.629325509585783,-8696.473110000012,8720178406.136135,54.817668815374596,36.99423558068574,66.73279767218844,163.00347,107025.79002296267,-33.26720232781155
2025-10-19 03:30:00+00:00,229.33425802615446,106766.51590236342,107045.30649999999,107324.09709763656,133.70733387430053,107275.78,107029.86034002593,106984.13583383869,2.445e-05,2.4106,33.35743556043599,30.109302228572542,42.34230260444205,-8895.043390000012,8720178406.136135,58.59879507412585,56.984586862315155,85.56375298187903,195.14297,107052.81006227745,-14.436247018120966
2025-10-19 04:00:00+00:00,237.26628223142262,106803.18043273673,107058.69399999999,107314.20756726325,36.645881865354475,107069.75,107033.64247967428,106980.20689816323,2.445e-05,2.4106,32.76789954639389,30.86251844713979,40.87650709733726,-8840.367020000012,8720178406.136135,51.65499724987359,68.43720206139015,53.015055530103,176.15374,107063.91561251951,-46.984944469897
2025-10-19 04:30:00+00:00,230.4746892643729,106832.92329293149,107068.85150000002,107304.77970706855,18.12677694064401,107046.9,107034.92739926066,106992.45015745542,2.445e-05,2.4106,29.731872718664818,30.343713964329574,36.05470287911616,-9170.972120000011,8720178406.136135,50.92332731974887,62.661337461886625,49.405203873677834,80.43484,107073.3350948278,-50.594796126322166
2025-10-19 05:00:00+00:00,232.25836667749766,106831.48192568407,107068.28,107305.07807431593,-26.28735653091591,106972.91,107029.02361948714,106992.8234028712,2.445e-05,2.4106,21.27973374845169,28.496277642175357,28.891983117994798,-9594.910180000013,8720178406.136135,48.55571981276764,46.71216501577147,37.71623564353359,114.39681,107076.12300440866,-62.28376435646641
2025-10-19 05:30:00+00:00,234.2948171316537,106809.43160062614,107058.70249999998,107307.97339937383,-97.63841384808232,106888.59,107015.65465037368,106991.18019778452,2.445e-05,2.4106,7.653381658688886,24.25339213331976,24.41167201257035,-10259.834200000012,8720178406.136135,45.93302432434593,37.172256539070844,24.395330100001104,402.55902,107052.48741556534,-75.6046698999989
2025-10-19 06:00:00+00:00,227.55034648085697,106777.12067048172,107036.88249999999,107296.64432951827,-136.0528826742963,106799.0,106995.01230396607,106979.94338148295,2.445e-05,2.4106,-10.118492555367993,17.49150120092879,24.184674207339313,-10214.381470000013,8720178406.136135,43.265621921866995,24.117811234511418,10.24186795999956,94.77011,107038.03185614484,-89.75813204000045
2025-10-19 06:30:00+00:00,230.01885923898462,106741.54434987895,107024.8445,107308.14465012106,-172.99750302895126,106777.75,106974.31336078506,106968.86439550812,2.445e-05,2.4106,-25.621721714458545,8.964607930622805,19.985728580497494,-10083.156590000013,8720178406.136135,42.63551057958934,20.5800121581487,27.102838414445444,220.85113,107007.94033912658,-72.89716158555456
2025-10-19 07:00:00+00:00,226.10029556352666,106720.26630307065,107011.87700000001,107303.48769692937,-94.5180304544423,106842.63,106961.77391487501,106964.70267268636,2.445e-05,2.4106,-32.38317796436604,0.6710768342511377,25.864704163835825,-10272.150790000012,8720178406.136135,45.268711346269676,24.15726190466795,35.12707933955885,90.98869,107001.41106373249,-64.87292066044115
2025-10-19 07:30:00+00:00,223.176421146985,106695.2466358315,106992.32450000002,107289.40236416853,-102.8187905666852,106786.0,106945.01519754782,106949.77414773518,2.445e-05,2.4106,-41.62356414025999,-7.547074956648543,27.21299372246733,-9530.366740000012,8720178406.136135,43.40413378375803,30.11770041019933,28.12318347659373,67.04155,106991.56911446826,-71.87681652340628
2025-10-19 08:00:00+00:00,273.17755407194875,106666.15050072988,106965.73449999999,107265.3184992701,-122.18880730709354,106706.1,106922.23848687817,106930.33841932335,2.445e-05,2.4106,-54.6865829902672,-16.674639624164513,22.340953481253422,-9359.642170000006,8720178406.136135,40.846350987810006,34.13442284404068,39.153005715969456,531.57142,106937.60605598817,-60.846994284030544
2025-10-19 08:30:00+00:00,285.6739471788503,106565.00031190344,106931.6385,107298.27668809656,-216.18972317616667,106443.95,106876.64326022222,106892.2914915317,2.445e-05,2.4106,-84.95621712233697,-29.754201697352002,16.695349888731016,-5974.528639999999,8720178406.136135,33.796763544328996,27.485024114762314,15.178883151723793,437.78427,106872.88415106323,-84.8211168482762
2025-10-19 09:00:00+00:00,290.99743798868366,106392.17305714618,106886.55500000001,107380.93694285383,-262.2545754828496,106153.3,106807.73535272678,106855.50799207443,2.445e-05,2.4106,-131.08676338499936,-49.783498431217836,14.476400700406955,-5125.5391,8720178406.136135,28.014704119374073,19.427821161310067,3.9515746162369214,481.1513,106788.64025807912,-96.04842538376307
2025-10-19 09:30:00+00:00,418.13657278616313,106369.02454809137,106897.378,107425.73145190862,138.926245625628,107401.47,106864.25446785407,106865.24247739547,2.445e-05,2.4106,-66.04455247723672,-52.68077870837695,45.39021467501684,-963.3283099999994,8720178406.136135,59.836970473510505,26.887196817196884,61.53113268362998,1706.6097,106930.3220428897,-38.46886731637002
2025-10-19 10:00:00+00:00,450.37108253956734,106277.31950079491,106932.982,107588.6444992051,222.4149188363473,107800.43,106953.3952978471,106893.82320679071,2.445e-05,2.4106,17.450216935234494,-38.40855286635113,49.07652074885048,3578.2000900000007,8720178406.136135,65.1468120754984,48.64158828769971,80.44205756323224,504.92739,106977.84102642538,-19.557942436767753
2025-10-19 10:30:00+00:00,445.04188973721494,106207.39363830938,106982.21599999999,107757.03836169059,223.9745388387825,107882.71,107041.88967906329,106927.51645742767,2.445e-05,2.4106,89.18897926792852,-12.734418949536952,50.92436138888449,4000.8787899999998,8720178406.136135,66.1440266954111,75.43845512115605,84.34217511660592,385.04081,107030.18356403694,-15.657824883394083
2025-10-19 11:00:00+00:00,447.7381720368485,106167.11990626589,107026.61750000001,107886.11509373413,217.29994518583825,107838.02,107117.7205556656,106967.08304328311,2.445e-05,2.4106,140.61777396667458,17.818662923893825,57.65598439968266,1847.5489,8720178406.136135,65.05780974005748,81.73301372542448,80.41480849643528,596.45614,107118.6678922735,-19.585191503564722
2025-10-19 11:30:00+00:00,440.59812923901063,106147.25439564786,107067.128,107987.00160435213,149.1980456517213,107783.47,107181.10194279024,106989.02856412523,2.445e-05,2.4106,175.27607195163728,49.616250592997346,54.43413373433495,2831.1170199999997,8720178406.136135,63.693646346102916,80.88099360434585,77.88599719999634,416.01764,107162.15698302654,-22.11400280000366
2025-10-19 12:00:00+00:00,437.5141585116876,106163.26486583274,107097.35449999999,108031.44413416724,96.08777199023358,107493.5,107210.8330890391,106999.72316203645,2.445e-05,2.4106,177.31464806229633,75.43221291045542,51.170882698865626,5556.992479999999,8720178406.136135,56.835222733078396,74.24815573707168,64.44366151478346,498.0532,107194.83194130172,-35.55633848521655
2025-10-19 12:30:00+00:00,427.0236635455109,106182.17240688746,107136.575,108090.97759311253,81.79168177567944,107631.43,107250.91997509054,107037.46518975466,2.445e-05,2.4106,187.39973271383496,97.43146783137479,51.82971070358212,3691.197870000004,8720178406.136135,59.087080876315056,71.0558115529512,70.83777594407377,318.5355,107214.13874701933,-29.162224055926234
2025-10-19 13:00:00+00:00,417.59237139440677,106187.30454074664,107154.48300000001,108121.66145925337,59.38487432318633,107495.97,107274.31938581401,107081.91886663805,2.445e-05,2.4106,181.98872533287795,113.53816774888207,48.65718527036556,1748.0346599999993,8720178406.136135,55.97236987968097,66.6132008121864,64.558164977702,507.20879,107236.52924964142,-35.441835022298
2025-10-19 13:30:00+00:00,440.6616308153595,106145.18851897046,107195.51099999998,108245.8334810295,116.70350523760139,108096.34,107352.58370402,107111.61425266898,2.445e-05,2.4106,224.34552565892227,136.00623707677312,53.20587143626555,1905.8545499999993,8720178406.136135,64.79775766755972,75.92862153901292,92.38992369526301,404.99353,107271.2547475792,-7.6100763047369915
2025-10-19 14:00:00+00:00,453.51985526370794,106090.989847779,107261.852,108432.714152221,142.08021060020576,108396.57,107452.00759013522,107160.54522243049,2.445e-05,2.4106,278.7550871752901,164.6003727446763,55.84971073413434,2901.74078,8720178406.136135,68.22646819921242,84.10471033038338,95.36604231818514,502.14928,107334.41077768164,-4.633957681814868
2025-10-19 14:30:00+00:00,447.2718446404989,106062.97640757733,107329.7805,108596.58459242266,132.0197514347002,108405.47,107542.80333639754,107204.96282364476,2.445e-05,2.4106,318.99274711120233,195.6126930791492,60.975749990542404,4097.992409999999,8720178406.136135,68.32853081299214,94.49737536797996,95.73616009049177,854.72692,107431.30443505738,-4.263839909508237
2025-10-19 15:00:00+00:00,433.1546955906997,106056.4056423927,107404.771,108753.13635760729,131.3741093697545,108472.72,107631.37312820382,107257.39895042304,2.445e-05,2.4106,352.09316305875836,226.82609737696174,67.06358616398848,3949.6970999999994,8720178406.136135,69.106517148568,95.06238264263742,94.08494551923535,427.00818,107484.0122821976,-5.915054480764649
2025-10-19 15:30:00+00:00,415.3051705544358,106079.90780404667,107484.67649999999,108889.4451959533,113.84696581902152,108486.7,107712.846295962,107311.42089773879,2.445e-05,2.4106,375.04524260274775,256.29318561324453,69.73895347832865,3242.52853,8720178406.136135,69.27330675188276,94.82039437390647,94.64007751199227,123.79768,107522.04379725049,-5.359922488007733
2025-10-19 16:00:00+00:00,405.69662524629626,106146.4699931053,107562.03,108977.5900068947,97.47663778773385,108346.07,107773.12197286468,107338.4626424816,2.445e-05,2.4106,377.9768295436079,281.0412937760973,72.7511038437394,3149.740119999999,8720178406.136135,65.40531144927003,92.53610328164304,88.88328681370149,153.81791,107543.30486530438,-11.116713186298506
2025-10-19 16:30:00+00:00,428.4193431981017,106214.79148518179,107654.352,109093.9125148182,116.48155266003634,108624.19,107854.18003091832,107390.59322789883,2.445e-05,2.4106,397.8375123457954,304.34855835868444,67.98611397349376,2956.7170199999996,8720178406.136135,69.09230951290894,88.40530910217846,81.69256298084164,592.18489,107629.02805999594,-18.30743701915836
2025-10-19 17:00:00+00:00,456.4855527859813,106253.49889648521,107765.049,109276.59910351479,146.5972216985619,109056.57,107968.73115866315,107472.24537364331,2.445e-05,2.4106,443.00006458391726,331.5827588409348,68.65197915762084,2477.7967999999996,8720178406.136135,73.76795492919796,84.09548797957747,81.71061414418928,630.3195,107723.68038166188,-18.28938585581072
2025-10-19 17:30:00+00:00,440.38612308756444,106331.3999548412,107881.425,109431.45004515881,140.3714549898653,109113.52,108077.78767945706,107549.13560522706,2.445e-05,2.4106,477.90910242560494,360.467235777284,67.80257542704426,1561.70218,8720178406.136135,74.3156312039165,82.61620111264297,84.445426212898,212.62236,107758.7727762787,-15.554573787101996
2025-10-19 18:00:00+00:00,432.5385680144422,106451.43134936363,108006.9235,109562.41565063638,134.38510899487744,109216.07,108186.19507427809,107614.31334472346,2.445e-05,2.4106,508.2520936696819,390.030051131783,65.45175013295403,3147.15914,8720178406.136135,75.32256422921039,85.17534971499424,89.37000878789542,169.06547,107838.56952588119,-10.62999121210459
2025-10-19 18:30:00+00:00,422.58827392464406,106662.79612905717,108153.87649999998,109644.9568709428,133.78644149324867,109383.01,108300.16032897533,107676.28246771399,2.445e-05,2.4106,539.7231809926452,420.19337109418643,71.64936032944077,3412.6562099999996,8720178406.136135,76.91680327750815,90.20485224671025,96.79912173933738,221.14847,107933.68617495958,-3.200878260662616
2025-10-19 19:00:00+00:00,428.4014072909375,107067.17967333455,108303.124,109539.06832666544,106.19396126825595,109138.25,108379.97212950911,107730.91019791973,2.445e-05,2.4106,538.619360435725,443.96077747134416,74.31119021016369,3066.7746800000004,8720178406.136135,69.82953234085791,90.42849206639117,85.11634567194069,291.39011,108056.04503009004,-14.88365432805931
2025-10-19 19:30:00+00:00,421.9084169599876,107188.7106046841,108378.472,109568.23339531588,76.69617749041919,108908.43,108430.31101054393,107781.2151712598,2.445e-05,2.4106,513.129680000231,457.66907986223555,76.50721371595704,2608.4400499999997,8720178406.136135,63.87387390410087,85.35404882938303,74.14667907687104,160.01426,108246.08877934533,-25.85332092312896
2025-10-19 20:00:00+00:00,404.24496252883375,107253.38694475085,108434.509,109615.63105524916,64.14774388418326,108921.17,108477.0772322262,107833.5816674486,2.445e-05,2.4106,488.2280171799939,463.54793965295636,77.66834771958091,2605.7023200000003,8720178406.136135,64.05306993054695,77.44826746663931,73.08177765110617,422.45129,108325.56948355085,-26.918222348893842
2025-10-19 20:30:00+00:00,387.09620655685075,107317.03560624222,108482.62649999998,109648.21739375775,55.133821396572536,108845.06,108512.11335963506,107868.99435581788,2.445e-05,2.4106,457.33978555978683,462.4355990373357,72.15423689213594,2670.5856,8720178406.136135,62.03543259761246,69.50500064839484,61.28654521720729,238.9807,108370.87221475817,-38.71345478279271
2025-10-19 21:00:00+00:00,377.2746489776983,107393.38279633543,108521.726,109650.06920366456,26.673718563535093,108620.01,108522.38718037397,107897.56092187336,2.445e-05,2.4106,409.9101094636426,451.957404947814,66.75055178747354,2663.1677899999995,8720178406.136135,56.370989038394,57.09843087274762,36.92696974992943,155.67586,108411.63224651366,-63.07303025007057
2025-10-19 21:30:00+00:00,362.87624939502444,107490.50380335152,108569.7935,109649.08319664848,24.109286015828943,108744.82,108543.56547124936,107928.28804183476,2.445e-05,2.4106,378.07699341910484,437.25728103731944,60.52139154793585,3071.0108600000003,8720178406.136135,58.62961446048385,46.6439208906051,41.718247704678575,117.27177,108453.21177232603,-58.281752295321425
2025-10-19 22:00:00+00:00,373.0386997141024,107664.41147270463,108654.25600000001,109644.10052729539,69.39071466537756,109182.75,108604.4635374251,107987.56406631626,2.445e-05,2.4106,383.47069600493705,426.193499948623,60.62422176372139,3234.8900599999993,8720178406.136135,65.38881566428633,52.18464449310011,77.90871602469234,434.98236,108552.09305549304,-22.091283975307665
2025-10-19 22:30:00+00:00,365.0596344370493,107837.7722716589,108730.02450000001,109622.27672834112,88.85243658888143,109146.8,108656.11436228637,108032.90909765215,2.445e-05,2.4106,380.6655736474786,417.09141667676454,64.8056462658846,3169.32741,8720178406.136135,64.45716752605163,64.8549257480971,74.93781351492044,238.57907,108619.68484413426,-25.062186485079568
2025-10-19 23:00:00+00:00,372.1025271106451,108104.19772003939,108793.83799999999,109483.47827996059,18.617658116363838,108772.24,108667.19018451181,108068.91339234944,2.445e-05,2.4106,344.08022738582804,402.27605475639507,63.68447750410396,2719.784619999999,8720178406.136135,55.568166343708064,65.23242958989174,42.85075923006249,224.26596,108714.47905125415,-57.14924076993751
2025-10-19 23:30:00+00:00,370.38399537942763,108204.81532298823,108821.16,109437.50467701178,-41.71469729663624,108642.78,108664.86057430191,108089.33220504671,2.445e-05,2.4106,301.3599271134881,382.15623393037447,54.26207697390944,2586.4961499999995,8720178406.136135,52.857402166899,45.108457208479386,17.536798880455255,216.55451,108761.44284126165,-82.46320111954475
2025-10-20 00:00:00+00:00,425.57434974407334,108002.58553616639,108784.0415,109565.49746383363,-197.96153570662062,107654.2,108568.60062553624,108069.43547476902,2.445e-05,2.4106,185.6197762546508,342.93505388350565,36.10138606604558,2077.11001,8720178406.136135,37.71888691093738,22.764988854173954,7.907408452004109,769.60027,108703.09474560019,-92.0925915479959
2025-10-20 00:30:00+00:00,446.46902104491807,107935.93687033303,108766.14100000002,109596.34512966701,-191.90143474478842,108047.46,108518.96247236933,108066.10715123324,2.445e-05,2.4106,124.19768050464336,299.2625591848717,29.003575954656952,2771.21119,8720178406.136135,44.52704119412784,18.98077974873667,31.498131913750647,429.26503,108693.72275690043,-68.50186808624935
2025-10-20 01:00:00+00:00,441.87132529636864,107878.78605992641,108748.1905,109617.59494007358,-129.2721604780471,108113.71,108480.35045521116,108060.83091780715,2.445e-05,2.4106,80.0654852687585,255.64028372075947,32.2143462912059,3235.324490000001,8720178406.136135,45.60892983437383,24.71308216745237,34.73370613660234,365.52959,108672.39199269022,-65.26629386339765
2025-10-20 01:30:00+00:00,429.272252036355,107811.76160791196,108726.5345,109641.30739208803,-122.18721537682306,108053.58,108439.6990391123,108057.69221262055,2.445e-05,2.4106,39.703529140679166,212.53970191830382,26.934447729160055,3215.39325,8720178406.136135,44.759597352856375,33.035173608609256,32.87368277547479,237.31326,108654.37724389588,-67.12631722452521
2025-10-20 02:00:00+00:00,445.95403465332066,107823.56147273043,108731.31000000001,109639.05852726959,-83.84314595805947,108441.58,108439.89090214724,108078.24042131157,2.445e-05,2.4106,38.39076000824571,177.54290878973387,33.191731949295644,3279.0250900000005,8720178406.136135,51.09538741260663,40.130848976067064,52.78515801612405,257.96679,108645.76836061513,-47.21484198387595
2025-10-20 02:30:00+00:00,461.69510343284185,107831.93978655573,108738.4515,109644.96321344427,-9.886077467979549,108767.02,108471.0501880849,108107.0362147643,2.445e-05,2.4106,62.954288772598375,154.57092802593118,39.6143097228676,3351.0051999999996,8720178406.136135,55.687606622262955,51.65887861012842,69.31779503878643,347.90264,108649.69109277087,-30.68220496121357
2025-10-20 03:00:00+00:00,456.4792316573479,107829.25810805126,108724.2065,109619.15489194874,8.909401454148588,108771.67,108499.69849184394,108140.80540885564,2.445e-05,2.4106,81.70448947846307,139.76341343265761,45.80261666970127,3305.2243000000003,8720178406.136135,55.74791544961157,63.885657388733215,69.55401911128914,149.99034,108609.75916624325,-30.445980888710857
2025-10-20 03:30:00+00:00,550.612466672845,107696.93644370028,108775.80249999999,109854.6685562997,174.43523744836241,110145.44,108656.43030725233,108217.05628666702,2.445e-05,2.4106,205.26474281055562,152.93548878289403,60.113428158638555,4538.03032,8720178406.136135,69.67445626774486,76.51222168095593,90.66485089279226,1125.98716,108786.99617470875,-9.335149107207737
2025-10-20 04:00:00+00:00,552.9513561466882,107614.38342216711,108818.10449999999,110021.82557783286,216.5008574270187,110062.11,108790.29835002753,108286.72846171685,2.445e-05,2.4106,293.1009719320864,181.05014164285825,65.68903818857814,4432.49482,8720178406.136135,68.2725646448992,81.70633373486059,84.90013120050041,518.97104,108881.36883986263,-15.099868799499585
2025-10-20 04:30:00+00:00,541.4230574369906,107495.69222909905,108870.05900000001,110244.42577090097,205.38913336419424,110422.1,108945.69178677845,108363.45478198503,2.445e-05,2.4106,387.4090128874959,222.5351254987308,67.10487916495225,5689.936119999999,8720178406.136135,70.99512810940041,90.65226957236614,96.39182662380574,346.3721,108937.63143293638,-3.608173376194254
2025-10-20 05:00:00+00:00,535.639896017224,107381.99919311613,108941.701,110501.40280688387,194.2297639340497,110571.09,109100.50597723362,108456.22918333948,2.445e-05,2.4106,468.4770151415287,271.53501625435257,67.28535257791363,5538.334219999999,8720178406.136135,72.06065224543016,91.96266557689209,94.59603890637007,459.95359,109031.7264941057,-5.403961093629924
2025-10-20 05:30:00+00:00,537.6691864705344,107241.6899351828,109047.969,110854.24806481719,183.74538578120232,111033.79,109284.63314839655,108559.4184483425,2.445e-05,2.4106,563.6386959531228,329.891657786933,68.93417624107546,5687.615209999999,8720178406.136135,75.12122174648812,96.30196015270819,97.91801492794875,531.85848,109164.1993596959,-2.081985072051258
2025-10-20 06:00:00+00:00,520.8334106149698,107149.79908687799,109154.655,111159.51091312201,163.82936232433252,111054.89,109453.21234144898,108650.07058339468,2.445e-05,2.4106,633.6707384748297,390.86663423843356,74.4847049172332,7053.23327,8720178406.136135,75.2590967180355,95.37898663349294,93.62290606616,637.54935,109337.98777122278,-6.377093933840001
2025-10-20 06:30:00+00:00,506.8951395513501,107072.93878100756,109277.32949999999,111481.72021899243,142.89256114352517,111298.55,109628.95138035981,108750.73537583834,2.445e-05,2.4106,700.6856230086996,452.9276215264713,79.00782611751599,7449.665389999998,8720178406.136135,76.80521796996095,96.5195642893518,98.01777187394666,559.31761,109482.46194819814,-1.9822281260533494
2025-10-20 07:00:00+00:00,494.2701972695089,107054.9955771636,109414.43050000002,111773.86542283643,124.60653230557209,111362.03,109794.01110631149,108855.13356505518,2.445e-05,2.4106,750.1566097559116,512.3127893277605,89.81000288071868,7713.1960899999995,8720178406.136135,77.2039309587743,96.52399795650604,97.93131592941148,455.43255,109595.53482405313,-2.068684070588515
2025-10-20 07:30:00+00:00,481.21058272224366,107079.10350715299,109535.68549999999,111992.267492847,102.32540799703156,111169.92,109925.05902691119,108949.78607333267,2.445e-05,2.4106,764.989741545156,562.7303365256677,89.21789660850195,7102.613609999999,8720178406.136135,73.10299290442627,96.09002758207153,92.32099494285649,458.522,109690.86997923556,-7.679005057143511
2025-10-20 08:00:00+00:00,469.3406187408462,107078.14574348206,109639.47099999999,112200.79625651792,88.66636536784685,111258.46,110052.05136895989,109041.08791110899,2.445e-05,2.4106,775.0165010880883,605.1642959184475,83.39956664308829,7272.98845,8720178406.136135,73.79356323109424,95.01298058178315,94.7866308730815,375.33475,109785.48247359048,-5.213369126918492
2025-10-20 08:30:00+00:00,479.21909669403215,107110.4377030398,109736.9885,112363.53929696021,86.15356226122596,111097.15,110151.58391649419,109121.43480613206,2.445e-05,2.4106,761.1943670975161,636.3789127485992,87.61549607474456,6903.915829999998,8720178406.136135,70.25373051835132,90.62916492249933,84.77986895156,550.4355,109892.11952292461,-15.22013104843999
2025-10-20 09:00:00+00:00,479.57225405694504,107212.05581308239,109838.40049999999,112464.74518691759,59.729905864498605,110800.48,110213.39340904096,109191.53935184664,2.445e-05,2.4106,717.9168357831513,652.5570093302534,77.87420308076287,5876.701349999999,8720178406.136135,64.15630403116708,84.51044623799707,73.96483888934968,772.74001,109997.99609668409,-26.035161110650318
2025-10-20 09:30:00+00:00,467.27907594109564,107344.61140208034,109954.468,112564.32459791965,53.70476558159585,110964.13,110284.87513949344,109253.71587910005,2.445e-05,2.4106,689.1450668742618,660.0976520531311,73.36966718351356,6986.49828,8720178406.136135,65.91838726483073,78.57772716115255,76.98847364254794,322.68238,110057.90400592705,-23.011526357452055
2025-10-20 10:00:00+00:00,449.21999495982544,107700.5847682722,110122.772,112544.9592317278,54.58919443515503,111020.28,110354.91507080493,109323.58579471069,2.445e-05,2.4106,663.0660366152588,660.6733057551266,73.57246366024573,6493.85631,8720178406.136135,66.5245706288005,76.39169460678058,78.22177128844413,202.61725,110258.0242325149,-21.778228711555865
2025-10-20 10:30:00+00:00,451.83463488930494,108019.19233992178,110256.98800000001,112494.78366007825,40.48869914480588,110731.78,110390.8078034783,109379.16947486617,2.445e-05,2.4106,612.0665759380208,650.9410047166078,64.24120112090824,5263.7116,8720178406.136135,60.56198594672382,66.7857557149934,45.147022213988116,441.65048,110397.99209533681,-54.852977786011884
2025-10-20 11:00:00+00:00,440.0716012668624,108372.53639289601,110391.84650000001,112411.15660710401,32.73109780789221,110810.88,110430.8200155882,109437.61901280713,2.445e-05,2.4106,571.3967497678241,634.962113959276,56.149217264591755,5401.76249,8720178406.136135,61.57778021174397,56.55707972100268,46.3024456605758,554.19413,110510.70257026158,-53.6975543394242
2025-10-20 11:30:00+00:00,430.4759121771564,108815.3565210278,110540.005,112264.6534789722,40.10924124509804,111016.75,110486.62426478186,109500.14740344563,2.445e-05,2.4106,549.4762137143698,617.8466433725227,55.40556750006923,5439.9377,8720178406.136135,64.16698739872783,47.90607751805669,52.26876467960619,233.21254,110583.12704740038,-47.73123532039381
2025-10-20 12:00:00+00:00,416.671967643012,109228.95171155277,110671.08099999998,112113.21028844718,44.39153005435266,111063.1,110541.53037414183,109563.01923983227,2.445e-05,2.4106,529.7119874406635,600.1716948462723,53.35144560338351,5432.878629999999,8720178406.136135,64.74244377680296,48.0534082742324,45.589014482515246,169.34562,110655.6493589907,-54.410985517484754
2025-10-20 12:30:00+00:00,417.13737943560426,109627.10356307133,110774.92050000001,111922.73743692868,30.798191181589036,110843.81,110570.31688338463,109612.37132578857,2.445e-05,2.4106,490.75029322072805,578.3140135931728,46.93890551863802,5532.714619999999,8720178406.136135,59.84092445234509,39.950240068923875,21.99294104465018,255.65681,110739.0149197414,-78.00705895534982
2025-10-20 13:00:00+00:00,408.6770152585003,110183.53587163068,110873.56599999999,111563.5961283693,-25.231081601334758,110744.58,110586.9120362113,109656.19548328592,2.445e-05,2.4106,446.71244074795686,552.0112143125824,38.90208236055254,5323.41179,8720178406.136135,57.711861819752095,27.3041939711611,14.33062638631787,235.92909,110771.14978883455,-85.66937361368213
2025-10-20 13:30:00+00:00,420.04384051944174,110310.88674214225,110924.3615,111537.83625785775,28.038774988975284,111161.35,110641.63332214612,109720.79460987523,2.445e-05,2.4106,440.22068211053556,529.4836811397513,37.442576572147445,5620.048409999999,8720178406.136135,63.5724968339566,29.61807560464383,52.53065938296344,430.15525,110918.81756632982,-47.46934061703656
2025-10-20 14:00:00+00:00,429.77000422324767,110497.62774632536,110985.0085,111472.38925367463,52.98498669221942,111275.05,110701.9549475929,109780.11697756476,2.445e-05,2.4106,439.3397001460253,511.5043993141371,37.39501276605863,6154.17614,8720178406.136135,64.99956598290255,43.2711285463761,62.95209986984697,452.13652,110973.79279147237,-37.04790013015303
2025-10-20 14:30:00+00:00,427.3451251591985,110602.37167273229,111024.44649999999,111446.52132726769,83.68170647864635,111210.86,110750.42002530182,109835.33072524123,2.445e-05,2.4106,428.5105905852688,494.93280872091117,45.82605651955065,5709.91021,8720178406.136135,63.489391007678485,57.517124647883456,57.06861469083998,459.41833,111012.8139798116,-42.93138530916002
2025-10-20 15:00:00+00:00,439.95199664660487,110678.01478776225,111060.60899999998,111443.20321223771,111.98048996140452,111294.34,110802.21944079826,109891.47302822726,2.445e-05,2.4106,421.8099034537154,480.3408683377861,54.44397082878969,6459.130779999999,8720178406.136135,64.6414377076074,61.580294892241646,64.72017011603802,581.1637,111057.2146716887,-35.27982988396199
2025-10-20 15:30:00+00:00,449.4159882599565,110682.06234786479,111066.147,111450.2316521352,109.33899836198081,111144.55,110834.81765285373,109938.5847024573,2.445e-05,2.4106,399.8308695186861,464.30053564869706,53.388631100051704,6185.666109999998,8720178406.136135,60.93089423549802,57.19296982636272,49.79012467221019,422.39972,111080.47941091187,-50.20987532778981
2025-10-20 16:00:00+00:00,469.6800812805613,110676.58842937861,111062.45249999998,111448.31657062136,-40.45840165814912,110981.0,110848.74056570446,109979.80247848871,2.445e-05,2.4106,364.95844692576793,444.42182045433674,53.81005086189708,5316.764459999998,8720178406.136135,57.07645304958967,50.23481759606505,36.194157999946945,729.06454,111066.68923930907,-63.805842000053055
2025-10-20 16:30:00+00:00,498.34606131525294,110628.29386478297,111031.68450000002,111435.07513521706,-165.83048755713637,110683.19,110832.97874636485,110009.50249024229,2.445e-05,2.4106,309.6769739280717,417.4085214938765,48.013523549885235,4036.6171299999983,8720178406.136135,50.776425856440646,40.63611565017661,35.92406427837268,988.814,111004.18347267252,-64.07593572162732
2025-10-20 17:00:00+00:00,518.1671194240756,110514.04734959062,110982.0085,111449.96965040937,-155.89542986927407,110368.51,110788.74135303564,110022.59910255687,2.445e-05,2.4106,237.79986819457554,381.5166459532514,42.52002680162181,3649.6028799999985,8720178406.136135,45.11188650713285,29.440019123566902,16.201835092381053,523.10451,110964.77376265312,-83.79816490761894
2025-10-20 17:30:00+00:00,526.9598492433656,110388.24659009358,110937.65049999999,111487.0544099064,-242.90771634737197,110282.76,110740.55168448182,110032.38342408587,2.445e-05,2.4106,171.92558902775636,339.6111433106893,41.81277318274832,3172.698999999998,8720178406.136135,43.6819142769099,25.068855065885955,23.08066582690414,554.31239,110908.30680764007,-76.91933417309586
2025-10-20 18:00:00+00:00,521.8729333033244,110366.3725737439,110907.73799999998,111449.10342625607,-121.49492285720574,110660.21,110732.89467491198,110054.66363982375,2.445e-05,2.4106,148.51293281379913,301.46264771417003,47.7079991440628,3530.301469999997,8720178406.136135,51.04136224345458,27.58961585842799,43.48634665599879,238.39485,110888.02609574069,-56.51365334400121
2025-10-20 18:30:00+00:00,512.4498373853605,110365.14598058269,110899.7765,111434.40701941733,-16.953766319282035,110937.92,110752.41471811119,110086.63357316691,2.445e-05,2.4106,150.64717786229448,271.38064482428905,47.58588285764738,4069.178579999999,8720178406.136135,55.636015052885526,41.688967218639114,58.49988917301438,218.78832,110861.81887922769,-41.50011082698562
2025-10-20 19:00:00+00:00,513.3576371122341,110366.01316052873,110900.2845,111434.55583947126,-22.370310887511078,110810.64,110757.97098957919,110119.778257912,2.445e-05,2.4106,140.2814069412998,245.0163335438922,44.40138713468935,3608.1398799999974,8720178406.136135,53.17114549101896,51.2017069157842,51.61888491833942,236.6598,110856.1445635084,-48.38111508166058
2025-10-20 19:30:00+00:00,493.4198711072426,110357.21003091728,110892.23899999999,111427.26796908269,-13.432822275452587,110803.22,110762.27821213497,110145.6269773676,2.445e-05,2.4106,130.0885458089033,222.05974358933014,48.213537991931716,3374.9017399999984,8720178406.136135,53.02446360042816,53.77883979463672,51.217745292556295,227.51828,110854.2717687298,-48.782254707443705
2025-10-20 20:00:00+00:00,501.530785565722,110357.19095454291,110893.14850000001,111429.10604545711,39.45665037077973,111038.47,110788.57901340006,110179.26803810101,2.445e-05,2.4106,139.40012336018845,205.56953865082676,52.79532129951145,3780.4499599999976,8720178406.136135,57.085634437992645,55.59081595692351,63.93581765987479,347.23094,110857.010350546,-36.06418234012521
2025-10-20 20:30:00+00:00,480.089446366814,110373.90412662753,110911.13249999999,111448.36087337245,54.72277580413557,111091.46,110817.42652232297,110215.77457063053,2.445e-05,2.4106,149.2886764184368,194.29104437003443,50.50406911228642,3845.0062299999977,8720178406.136135,57.96651814858887,60.65137434472439,66.80056008174206,133.76717,110862.69545166554,-33.199439918257944
2025-10-20 21:00:00+00:00,479.19833414667517,110379.53860993386,110914.946,111450.35339006613,24.543963915894494,110887.15,110824.07258042714,110244.57571485033,2.445e-05,2.4106,138.99228654117906,183.15612569799706,45.31844322903966,3602.6662099999976,8720178406.136135,53.41048038593121,62.16384733627799,55.75516426721709,152.55236,110871.48977158735,-44.24483573278291
2025-10-20 21:30:00+00:00,475.12869360838675,110337.94347248235,110892.26849999998,111446.5935275176,-74.02837274765601,110563.2,110799.23147515532,110258.7557146356,2.445e-05,2.4106,103.50893873127643,167.17546838303406,39.293958587889,3348.238409999998,8720178406.136135,47.09105240321226,53.599173933492985,38.24179745151979,179.51368,110864.38661858511,-61.75820254848021
2025-10-20 22:00:00+00:00,467.47842733255465,110315.83612921581,110872.53099999999,111429.22587078417,-70.42414375086109,110668.35,110786.77289723502,110277.54894750455,2.445e-05,2.4106,82.88581158043235,150.23452653156554,31.143061522107644,3427.720899999998,8720178406.136135,49.19027471527443,45.97445753344178,43.92641088158844,157.74739,110856.13603048034,-56.07358911841156
2025-10-20 22:30:00+00:00,448.8847610366251,110312.41524938593,110870.0445,111427.67375061408,-23.36833011511556,110794.08,110787.4599768267,110293.99040729522,2.445e-05,2.4106,75.9598414538923,135.49555077701314,26.62919311480043,3633.5983699999983,8720178406.136135,51.66473033555807,48.999800643956654,64.83119359876171,110.23708,110851.92204430017,-35.168806401238285
2025-10-20 23:00:00+00:00,437.72206726438117,110313.83103167066,110870.81049999999,111427.78996832932,-42.255903459445165,110759.9,110784.83861725751,110313.72944153432,2.445e-05,2.4106,66.82889335216896,121.71759166302732,30.30708390477652,3365.6395499999976,8720178406.136135,50.93816802051865,57.532230531865714,63.839087115247004,148.5351,110852.61692775319,-36.160912884752996
2025-10-20 23:30:00+00:00,423.4553974419842,110280.48246989309,110839.3475,111398.21253010692,-66.9021868932088,110532.09,110760.77037833263,110323.61293136355,2.445e-05,2.4106,40.7386866697052,105.48167413497758,37.97774515217289,3110.1650499999982,8720178406.136135,46.272752436885035,58.80767408779956,47.752741549389945,136.59731,110838.72214804917,-52.247258450610055
2025-10-21 00:00:00+00:00,419.2206933551864,110229.09899539818,110792.1685,111355.23800460182,-128.21103744815892,110331.47,110719.88710672405,110324.99128110804,2.445e-05,2.4106,3.8306321425625356,85.11893199713408,41.55558783485551,2796.9104999999986,8720178406.136135,42.57441988087868,48.392730627914,33.58636321910505,233.66878,110804.1639200288,-66.41363678089495
2025-10-21 00:30:00+00:00,407.69477011934833,110206.22076141895,110753.95999999999,111301.69923858103,-98.46156967131864,110446.69,110693.86377114238,110327.79339697387,2.445e-05,2.4106,-15.869429238999146,64.98115711754866,54.32936709463081,3077.594399999998,8720178406.136135,45.28013898156746,35.52758806292835,25.243659420290065,203.85281,110763.92854133784,-74.75634057970993
2025-10-21 01:00:00+00:00,404.3864403803532,110177.50405226753,110703.21,111228.91594773249,-122.03731438063195,110279.34,110654.38242865496,110324.64627501847,2.445e-05,2.4106,-44.48301582154818,43.1262295489665,46.50410262373307,2945.8077199999975,8720178406.136135,42.174111803354116,24.017911293488908,13.223711241071609,185.52532,110698.99067479881,-86.77628875892839
2025-10-21 01:30:00+00:00,428.661916230829,110037.37923117375,110639.14200000002,111240.9047688263,-217.1046536301675,109863.19,110579.03606592839,110308.83709318555,2.445e-05,2.4106,-99.67126943374751,14.497203253378942,34.804347157964486,2378.0316299999986,8720178406.136135,35.625785072731375,18.805566962834057,17.949330227140496,491.58638,110593.21818930718,-82.05066977285951
2025-10-21 02:00:00+00:00,442.26794288032823,109799.2768733536,110564.09149999998,111328.90612664635,-247.30358304068335,109479.99,110474.36107461066,110274.63323015581,2.445e-05,2.4106,-172.25574412547576,-22.80170649770172,32.42867003208265,2327.0743299999976,8720178406.136135,30.873980648635523,13.374033323382728,8.949058501936078,457.04655,110470.14679346341,-91.05094149806392
2025-10-21 02:30:00+00:00,436.86781572804347,109617.64188477428,110505.678,111393.71411522572,-195.93296031386134,109514.92,110382.97798153618,110241.49320753632,2.445e-05,2.4106,-224.32877698422817,-63.00536510979404,24.55101735930451,2749.266949999998,8720178406.136135,31.76886403731912,12.540739783627274,10.723830621805245,316.25283,110391.59126036402,-89.27616937819475
2025-10-21 03:00:00+00:00,430.37264527365835,109460.84299259903,110459.89949999998,111458.95600740094,-171.92215306320938,109452.94,110294.4050522526,110211.48342448224,2.445e-05,2.4106,-267.6042028690281,-103.95291332058042,14.270188393943442,2335.601529999997,8720178406.136135,31.002198132461146,9.583009043938219,9.076138008073334,247.03102,110325.16577048169,-90.92386199192667
2025-10-21 03:30:00+00:00,436.77455937646516,109228.57364813698,110398.7225,111568.87135186302,-174.54017576154303,109059.22,110176.76932850684,110166.7058961314,2.445e-05,2.4106,-329.8589834922168,-149.14656877012436,9.587554394598087,1951.0410599999987,8720178406.136135,26.61296603097064,6.708436380767168,0.32534051242292655,270.84973,110275.22051256674,-99.67465948757707
2025-10-21 04:00:00+00:00,481.16337649369274,108783.0038888638,110277.44600000003,111771.88811113626,-219.43271700962322,108234.68,109991.80500654654,110089.4576827405,2.445e-05,2.4106,-440.60652803802805,-207.39349457783598,7.567864903426312,963.3604499999974,8720178406.136135,20.172656962627812,5.830135611505674,8.08892831402076,1047.41554,109913.75157073686,-91.91107168597924
2025-10-21 04:30:00+00:00,488.5103056677572,108304.5651591979,110119.535,111934.50484080211,-213.9145297531087,107779.7,109781.12663043414,109998.14113375578,2.445e-05,2.4106,-558.6604528355238,-277.62445746411976,6.491753894117977,122.84398999999803,8720178406.136135,17.636410153039208,4.1391466748345005,4.003171198059814,888.97777,109589.63850559939,-95.99682880194018
2025-10-21 05:00:00+00:00,485.53782536584777,107946.22939500007,109973.38799999999,112000.54660499991,-179.32125453806938,107887.7,109600.812129933,109920.49314898984,2.445e-05,2.4106,-636.3082837798574,-349.51669497161146,5.7373294223125555,880.3781699999984,8720178406.136135,20.197230198583142,7.665642731779374,10.904828683257549,814.30709,109330.28722008648,-89.09517131674245
2025-10-21 05:30:00+00:00,486.9912214820642,107562.40552277048,109810.08300000001,112057.76047722955,-158.23038425424522,107537.12,109404.27564249214,109829.45415077021,2.445e-05,2.4106,-717.8131099639868,-423.2497442810097,3.3584528245466174,-0.1724200000012388,8720178406.136135,18.212370255943284,5.599233274795914,1.889699943070381,717.54712,109117.95147433862,-98.11030005692962
2025-10-21 06:00:00+00:00,502.2914445778629,107349.56394828457,109657.24650000001,111964.92905171544,-122.84970642554175,107981.74,109268.78766491481,109753.37111800326,2.445e-05,2.4106,-737.885852401887,-486.0668109944034,10.239671399031522,615.8008799999975,8720178406.136135,27.883910563696972,9.417922886032443,15.459240031769426,458.80879,108953.04086366079,-84.54075996823057
2025-10-21 06:30:00+00:00,485.3321338750775,107169.32301177304,109498.16300000002,111827.00298822699,-105.48015045153421,107909.79,109139.35838508653,109680.67193360608,2.445e-05,2.4106,-751.0067600925249,-539.0425839538206,14.430761571929082,305.05937999999753,8720178406.136135,27.321023878269045,10.535729549929115,14.258248674947541,295.45744,108876.44823606797,-85.74175132505246
2025-10-21 07:00:00+00:00,478.7627874732247,107035.60426024446,109355.706,111675.80773975555,-95.52388429070452,108038.01,109034.46504873407,109614.95248292206,2.445e-05,2.4106,-742.4768127406569,-579.6898706088753,14.235322829733207,783.975219999998,8720178406.136135,30.032596027195652,16.06832667489412,18.487491317965382,330.55706,108793.28414303469,-81.51250868203462
2025-10-21 07:30:00+00:00,461.2193343542306,106918.39099928734,109231.8645,111545.33800071265,-74.6836754825014,108086.37,108944.16684743483,109553.52505221326,2.445e-05,2.4106,-723.4656148104841,-608.3999373636852,16.32929919298907,1851.9524399999964,8720178406.136135,31.077409136836934,17.687052342827783,20.315417035570423,377.25599,108717.40808881153,-79.68458296442958
2025-10-21 08:00:00+00:00,455.52033883343887,106800.24902934064,109090.57849999999,111380.90797065933,-77.78250248521177,107842.63,108839.2549268254,109484.85542025742,2.445e-05,2.4106,-719.7621479193767,-630.6244797589703,15.92526988075248,1273.316019999998,8720178406.136135,28.74880923064383,17.286545267098756,13.056727447760462,365.61762,108642.73314901187,-86.94327255223953
2025-10-21 08:30:00+00:00,448.6616245747241,106708.93577348097,108935.66399999999,111162.392226519,-82.21766017753728,107695.79,108730.35263960979,109414.32224714973,2.445e-05,2.4106,-720.3948471069598,-648.5671918158941,16.067750403543428,1181.6547299999975,8720178406.136135,27.41586257573998,14.146432615163336,9.067153362159123,438.59344,108564.44131550768,-90.93284663784088
2025-10-21 09:00:00+00:00,439.3281088031455,106672.2798754794,108786.70349999999,110901.12712452057,-72.18685766736077,107780.69,108639.9112215644,109351.39934647726,2.445e-05,2.4106,-705.9431480080966,-660.0770714522118,21.550373624972437,1326.3939999999975,8720178406.136135,29.451798588345326,11.884468018989987,13.529523247050374,365.5904,108492.13639491015,-86.47047675294962
2025-10-21 09:30:00+00:00,422.9350302956638,106648.42924411446,108647.8125,110647.19575588554,-64.73819661640427,107754.27,108555.56213175005,109287.77081501285,2.445e-05,2.4106,-688.6362947280577,-665.7586386109039,24.611307880444727,1191.9757299999958,8720178406.136135,29.177753806834218,11.888747586103753,13.069566149101755,177.51268,108443.92853160917,-86.93043385089824
2025-10-21 10:00:00+00:00,415.9546715431461,106624.65059789245,108512.732,110400.81340210755,-64.39152594600574,107629.86,108467.39676925875,109221.3494239378,2.445e-05,2.4106,-677.1400709405862,-667.9922061651849,24.63477200106408,1943.5376999999978,8720178406.136135,27.861857946647987,11.346630125310751,7.440800979780119,244.53932,108372.07726183528,-92.55919902021988
2025-10-21 10:30:00+00:00,471.28363772202266,106748.36193683399,108415.3755,110082.389063166,-11.119695539475545,108499.56,108470.44925547966,109188.43326383058,2.445e-05,2.4106,-590.9567061464622,-652.4449464280552,34.28077798445135,3139.002799999999,8720178406.136135,46.153809652741494,28.403771696281428,64.7009479599624,851.46798,108321.91414397121,-35.299052040037594
2025-10-21 11:00:00+00:00,461.8474004567988,106887.59366625798,108318.5415,109749.48933374204,0.4974445414597127,108342.66,108458.26701064428,109150.1537345397,2.445e-05,2.4106,-529.1868467809254,-627.6379291059534,42.78370960449936,3355.378989999996,8720178406.136135,43.989283604588856,45.699028130353405,64.95533545131768,308.14214,108283.76287100987,-35.04466454868231
2025-10-21 11:30:00+00:00,456.79076356821025,107002.33156199669,108254.38249999999,109506.4334380033,28.55569233795485,108580.01,108469.91242493711,109149.74796258895,2.445e-05,2.4106,-456.4559641464002,-594.0688760887455,51.4271657206207,3112.4906799999967,8720178406.136135,47.957267133144605,70.78469896802824,82.6978134928046,238.26299,108202.52270049599,-17.302186507195394
2025-10-21 12:00:00+00:00,496.796840196977,107045.9253169681,108236.68400000001,109427.44268303191,106.87659367589339,109126.02,108532.4151121885,109155.83436014765,2.445e-05,2.4106,-350.4383612897509,-545.5560789737572,63.64502128960717,1987.2545299999972,8720178406.136135,55.74556984618667,76.59098881486489,82.1198175004724,581.37355,108186.91550238483,-17.880182499527606
2025-10-21 12:30:00+00:00,511.78188017969285,107129.20265340917,108200.60800000001,109272.01334659084,116.6484717581314,108793.4,108557.27416744381,109143.06838809198,2.445e-05,2.4106,-289.8088781439874,-494.45063019769736,64.32639314785908,834.0678599999987,8720178406.136135,50.75919582282785,76.74187092249761,65.40798177421584,648.25928,108198.12046138861,-34.59201822578416
2025-10-21 13:00:00+00:00,546.0634233271256,107224.18175781165,108164.101,109104.02024218834,58.47159415547246,108722.8,108573.03671201374,109125.80126740299,2.445e-05,2.4106,-244.58827943497454,-444.4542663259729,53.929534315161085,939.2912499999976,8720178406.136135,49.7426508241542,69.80284410097545,61.88073302823813,702.64808,108189.90010353908,-38.11926697176187
2025-10-21 13:30:00+00:00,557.7973251498948,107276.32057232004,108132.48899999999,108988.65742767994,67.12687801457807,108426.98,108559.12432688486,109097.43708677193,2.445e-05,2.4106,-229.9628375935281,-401.5268151648159,46.86219213827885,616.3316699999959,8720178406.136135,45.61899038022075,58.12999193962032,47.101261016406994,558.53872,108179.0292346285,-52.898738983593006
2025-10-21 14:00:00+00:00,674.3893804367718,107114.38436036745,108204.745,109295.10563963254,214.647285620803,109679.8,108665.84353152002,109115.17485759343,2.445e-05,2.4106,-115.84082750766538,-344.2345838058902,59.65805842143708,2655.584439999997,8720178406.136135,60.54250193889545,59.83146623380318,70.5124046567644,1459.16401,108341.02330974715,-29.487595343235594
2025-10-21 14:30:00+00:00,814.1344239373901,106398.09870819897,108424.286,110450.47329180101,336.9112647762482,112170.52,108999.62786134623,109237.41822610488,2.445e-05,2.4106,173.41972626648203,-240.7774667161469,66.7071275781214,4034.095529999996,8720178406.136135,75.14427468491697,71.70706766173562,97.50753731203548,1876.56429,108856.92253711972,-2.4924626879645135
2025-10-21 15:00:00+00:00,859.85629969078,105861.40898556868,108678.86000000002,111496.31101443135,311.84314211982485,112979.18,109378.62730900469,109381.77151234141,2.445e-05,2.4106,462.68669341129134,-100.01221036307231,76.57880949429821,7187.8614099999995,8720178406.136135,77.99289815956679,88.215958372771,96.62793314951308,2457.8838,109609.19919167808,-3.3720668504869113
2025-10-21 15:30:00+00:00,858.2308360272533,105533.43116100418,108973.1345,112412.83783899582,251.12932199697815,113422.61,109763.7929735856,109550.7950704302,2.445e-05,2.4106,719.1199873893056,63.493238536607066,82.64375839047027,8398.328259999997,8720178406.136135,79.38643012470706,97.29728629335087,97.75638841850403,1717.67564,110136.51765272442,-2.243611581495976
2025-10-21 16:00:00+00:00,850.7184545763524,105290.87668754977,109257.947,113225.01731245023,201.18640989278757,113677.99,110136.58587255834,109717.92629527708,2.445e-05,2.4106,932.2938024777832,237.09283193997823,83.78831113523732,9177.959549999996,8720178406.136135,80.16548667805003,97.17512089658156,97.14104112172755,1184.62482,110470.41932603366,-2.8589588782724378
2025-10-21 16:30:00+00:00,899.5446083241784,105325.91851292705,109490.75150000001,113655.58448707298,142.17316286696527,112565.88,110367.94758056814,109829.76728742814,2.445e-05,2.4106,1000.0737381044164,389.68425474590885,74.83614518301015,7205.797329999998,8720178406.136135,68.0888228826744,90.8530372610741,77.66168224299072,1470.01294,110744.14063834317,-22.338317757009275
2025-10-21 17:00:00+00:00,919.6104799406083,105417.2632278312,109708.1925,113999.12177216882,100.23215775938492,112386.83,110560.22483611567,109931.22704911297,2.445e-05,2.4106,1027.4724993649725,517.2059481401874,68.15594710175186,4730.651019999997,8720178406.136135,66.35543096011523,83.17208750017448,74.7135391358052,1620.41939,110949.17092075542,-25.286460864194787
2025-10-21 17:30:00+00:00,898.6775704182602,105571.1281506561,109902.545,114233.96184934389,79.64576503955662,111973.42,110694.81542119535,110011.5589273364,2.445e-05,2.4106,1004.2691667808685,614.6111173954092,52.45906239602099,392.88260999999966,8720178406.136135,62.40545924120864,73.01067209323328,66.6567949009039,3910.76023,111225.02009264968,-33.34320509909609
2025-10-21 18:00:00+00:00,872.7008447079967,105800.98430914464,110102.18899999998,114403.39369085533,64.12864581498117,111835.51,110803.4472716029,110080.61302085308,2.445e-05,2.4106,963.7080532988475,684.5056930685549,48.121915572494935,-785.6244600000005,8720178406.136135,61.09963945155351,68.58603452568224,64.3877695403376,1362.34521,111325.53302928995,-35.61223045966239
2025-10-21 18:30:00+00:00,861.0598297149455,106089.5232598914,110316.927,114544.33074010859,51.46379420265089,111990.55,110916.51600345272,110160.40408298971,2.445e-05,2.4106,933.1477037087752,734.0853970274734,46.093714490269825,-339.5951500000002,8720178406.136135,62.06032979909304,65.99439941822392,66.93863381343027,599.84722,111409.5123381121,-33.06136618656973
2025-10-21 19:00:00+00:00,839.6080924658233,106412.29204546446,110513.9905,114615.68895453554,48.02032233951315,111721.96,110993.24256839088,110229.24626657035,2.445e-05,2.4106,877.0613317914394,762.4494099749221,45.37680518211288,-1234.2019400000006,8720178406.136135,59.32229089125134,64.61531374116892,62.51953786973888,302.4219,111476.00220042358,-37.48046213026112
2025-10-21 19:30:00+00:00,812.3909214231062,106783.45521626397,110715.29650000001,114647.13778373605,40.70962697509073,111780.39,111068.21131029224,110291.07706881827,2.445e-05,2.4106,827.9151098864677,775.5121013712624,46.192630375552795,-1583.4749899999983,8720178406.136135,59.737950418584525,64.31301833625653,63.48088332560045,281.04645,111509.41123558921,-36.51911667439955
2025-10-21 20:00:00+00:00,843.4636686024115,107207.36990325713,110875.548,114543.72609674286,9.308890710004293,110834.89,111045.99441046893,110314.20671485517,2.445e-05,2.4106,704.5279241473181,761.2604370854949,45.838569940973905,-2634.490419999999,8720178406.136135,50.703296728688585,57.245539136392544,45.7361962138383,838.39307,111533.64007850227,-54.2638037861617
2025-10-21 20:30:00+00:00,813.0167338796343,107486.28339107634,110989.948,114493.61260892366,-4.113514898547326,110787.56,111021.38840972906,110335.70572842102,2.445e-05,2.4106,596.0188907777047,728.1228725659429,46.34963251389988,-3131.325489999999,8720178406.136135,50.29241326257215,50.59000410017533,42.55293276108723,327.7696,111646.08207338443,-57.44706723891277
2025-10-21 21:00:00+00:00,826.3856786377515,107800.56928393393,111098.13900000001,114395.70871606609,-23.384545157090667,110506.48,110972.33954332989,110338.09792138457,2.445e-05,2.4106,481.95258047692187,679.019676236007,40.595595482462926,-3443.1838499999985,8720178406.136135,47.82042914971877,35.93405940764493,19.513049248009267,673.49011,111659.14701020971,-80.48695075199073
2025-10-21 21:30:00+00:00,808.1863677348445,108116.14699697412,111209.95449999999,114303.76200302587,-23.541206927093967,110816.32,110957.47117754573,110352.80965571785,2.445e-05,2.4106,411.8181939775677,625.7022541307587,35.19223181897239,-3101.128179999999,8720178406.136135,50.69989717910954,26.734087943205353,18.136281820519592,313.41726,111679.39633784829,-81.8637181794804
2025-10-21 22:00:00+00:00,838.4900048899437,108201.02995968173,111234.831,114268.63204031828,-66.5233256656749,109623.55,110830.43158435909,110324.43530888406,2.445e-05,2.4106,256.9395666052733,551.9429051246136,23.068529369495877,-4023.9507799999988,8720178406.136135,41.26348182789344,12.848163036064621,0.8951580396650092,762.80834,111690.99589766811,-99.104841960335
2025-10-21 22:30:00+00:00,888.7809141142305,108256.68801028206,111248.51000000001,114240.33198971796,-118.978411615027,109066.98,110662.4807140992,110273.78471379969,2.445e-05,2.4106,88.30564971320564,459.2561466126263,11.828432613911744,-5690.119299999999,8720178406.136135,37.73451280935146,10.971697203827816,13.883651751298844,1721.67863,111574.53149500511,-86.11634824870116
2025-10-21 23:00:00+00:00,859.128947327136,108339.42246365808,111268.4115,114197.40053634193,-117.95153586788122,109120.83,110515.64766921315,110224.61262551248,2.445e-05,2.4106,-40.4579327582469,359.4336547818918,7.83042307578792,-5067.646549999999,8720178406.136135,38.2853673761486,9.867509246560637,14.823717948718084,550.10173,111608.7528779617,-85.17628205128192
2025-10-21 23:30:00+00:00,874.5861727712754,108307.43690670274,111261.946,114216.45509329725,-155.97113251682208,108297.67,110304.41678481936,110151.24140551289,2.445e-05,2.4106,-206.67788174262387,246.1446172220948,8.125899017678577,-6204.22794,8720178406.136135,33.42412243848642,11.26588371834327,5.090281455012885,980.90553,111554.70232758508,-94.90971854498711
2025-10-22 00:00:00+00:00,868.6175423511189,107964.73929676031,111178.068,114391.39670323969,-159.79348516266114,108002.24,110085.17969189561,110074.6691505939,2.445e-05,2.4106,-358.25881451999885,125.02978953465792,8.612547463836648,-7178.6964800000005,8720178406.136135,31.85789627539762,7.689482880051642,3.1544492364239547,857.19677,111554.84181069893,-96.84555076357604
2025-10-22 00:30:00+00:00,840.7589831392106,107506.03516264232,110968.849,114431.66283735768,-140.3344859342154,107986.14,109885.26968539649,109992.13375828193,2.445e-05,2.4106,-474.0493272832973,5.233187008061279,11.400893531416045,-7816.925689999999,8720178406.136135,31.77079649992166,3.8324891625711075,3.2527367962764817,680.40499,111464.40766854004,-96.74726320372352
2025-10-22 01:00:00+00:00,813.4932202431343,107188.33334733544,110727.89050000001,114267.44765266457,-117.3514035287298,108160.01,109720.94398156475,109913.69800890752,2.445e-05,2.4106,-545.351306883138,-104.68345150040832,22.079066999424228,-6577.967609999998,8720178406.136135,33.877527246290654,4.573785023350036,7.314169037349671,1029.00523,111171.34540036735,-92.68583096265033
2025-10-22 01:30:00+00:00,786.3824909065153,107019.8749592285,110474.97050000001,113930.06604077152,-100.7134446204367,108364.21,109591.72594789656,109850.6568316227,2.445e-05,2.4106,-578.7892949385277,-199.4354037887047,27.124350974287537,-5904.8621699999985,8720178406.136135,36.361826853435794,7.5219501657650865,11.998944663669105,464.26238,110926.34490598495,-88.0010553363309
2025-10-22 02:00:00+00:00,754.7657055485028,107004.18284196159,110220.182,113436.18115803841,-79.83775779363607,108582.22,109495.54225474,109783.5270721388,2.445e-05,2.4106,-580.6301839842199,-275.1458108703741,27.076381465036803,-4277.02245,8720178406.136135,39.00094466343391,12.34545682759731,17.723256781773152,305.19369,110725.06681231453,-82.27674321822685
2025-10-22 02:30:00+00:00,728.3714230979824,106860.39167937996,110001.83050000001,113143.26932062006,-80.45924223969978,108198.85,109372.06377363166,109728.29952756385,2.445e-05,2.4106,-606.5553965006839,-341.63798630938936,26.792862013442374,-5441.087259999999,8720178406.136135,36.16225222777578,12.917762726913951,9.031086735299597,394.46454,110485.5681209664,-90.9689132647004
2025-10-22 03:00:00+00:00,701.9125119483809,106751.33176913478,109790.1925,112829.05323086523,-83.33014134065452,108154.07,109256.06706529549,109667.73024085767,2.445e-05,2.4106,-623.4148891851073,-398.0287877593495,27.24047109588996,-6567.63553,8720178406.136135,35.83395843463778,12.10760621772233,9.568475136094245,697.28324,110205.40877622658,-90.43152486390575
2025-10-22 03:30:00+00:00,669.4925609372021,106663.64910157774,109602.32250000001,112540.99589842228,-73.85645501333185,108216.02,109157.012514459,109609.74286144023,2.445e-05,2.4106,-624.5286697633273,-443.2966153721758,31.27316034153428,-6034.78485,8720178406.136135,36.68920091678821,10.020882766232823,11.463086427304626,423.75375,109575.30730507078,-88.53691357269537
2025-10-22 04:00:00+00:00,648.8202514251907,106633.81925999573,109429.66800000002,112225.51674000431,-57.65959600246973,108382.42,109083.2576038746,109568.43669463496,2.445e-05,2.4106,-605.1947926244611,-475.8836968517669,35.48948511592016,-6003.485299999998,8720178406.136135,39.03560018049919,12.77626440457805,17.29723165033528,268.61281,109288.14542922704,-82.70276834966472
2025-10-22 04:30:00+00:00,621.9637759465779,106707.75195492637,109261.42050000001,111815.08904507365,-43.97631736432274,108625.6,109039.68442212351,109537.18654322188,2.445e-05,2.4106,-563.7501814912248,-493.6309918098657,36.21835979192285,-5833.6121299999995,8720178406.136135,42.39750793488677,18.37518417932769,26.36523446034316,427.83996,109140.50925467553,-73.63476553965684
2025-10-22 05:00:00+00:00,627.0580206144008,106739.73555518578,109078.0085,111416.28144481422,-59.54761383080371,108053.72,108945.78323800446,109479.093168834,2.445e-05,2.4106,-570.3609470219963,-508.9794689967127,36.99278053495515,-6756.0623399999995,8720178406.136135,37.19817051535841,18.14531839199419,10.773489065304165,574.54757,109032.8481404214,-89.22651093469584
2025-10-22 05:30:00+00:00,604.8798245708806,106886.75143703938,108897.32949999999,110907.90756296061,-65.20468629374722,108166.81,108871.65127073659,109451.79294164242,2.445e-05,2.4106,-560.5955855808133,-520.0371849203696,40.796835943297815,-6046.15814,8720178406.136135,38.78512272455562,19.240342697138573,20.5823045657684,859.89454,108911.72052411911,-79.4176954342316
2025-10-22 06:00:00+00:00,583.3639407860504,106948.68172161232,108767.8745,110587.0672783877,-52.87590955822507,108245.79,108812.04204100261,109403.03310113665,2.445e-05,2.4106,-539.7314097921626,-523.9314771173761,39.405949477844196,-5774.800959999999,8720178406.136135,39.935585258818215,20.991175627363347,31.617733251017484,359.40226,108749.2048421013,-68.38226674898252
2025-10-22 06:30:00+00:00,566.4036123842499,107034.08713374974,108627.49750000001,110220.90786625029,-63.321476708118645,107980.02,108732.8165107198,109353.56016758594,2.445e-05,2.4106,-538.616259637638,-527.0609039720208,42.84361384736278,-6609.626509999999,8720178406.136135,37.38683375207854,22.928421266583232,16.585225982963816,315.85451,108677.64954648676,-83.41477401703618
2025-10-22 07:00:00+00:00,554.7311612740222,107141.06113412812,108501.60449999999,109862.14786587186,-90.09197074031542,107988.62,108661.94672162461,109302.65353734528,2.445e-05,2.4106,-530.852955800714,-527.8989725436479,44.735859351741574,-6421.346670000001,8720178406.136135,37.524158384981405,27.882433567472834,35.44434146843721,534.65194,108541.0699999815,-64.5556585315628
2025-10-22 07:30:00+00:00,540.7825053671346,107526.14086367113,108376.87,109227.59913632886,-39.32696608519098,108321.63,108629.5544532427,109272.31999067945,2.445e-05,2.4106,-492.29776867001783,-521.0261165052082,53.12434483458469,-6338.944210000001,8720178406.136135,42.80599953525689,39.54949689894344,66.6189232454293,542.35605,108472.8728781243,-33.38107675457069
2025-10-22 08:00:00+00:00,521.540250724587,107678.47941016142,108308.61299999998,108938.74658983854,-24.027879185845308,108258.41,108594.20822196065,109232.92992123768,2.445e-05,2.4106,-461.3677766329347,-509.10572974518857,47.00383283211279,-7068.579980000001,8720178406.136135,42.07789324490945,54.25462533896248,60.70061130302091,197.77729,108372.83111501165,-39.29938869697909
2025-10-22 08:30:00+00:00,500.1895732488659,107741.10054540943,108266.729,108792.35745459059,-11.230046248290444,108229.3,108559.46498339073,109197.85737561231,2.445e-05,2.4106,-434.2943257245206,-494.2737229087478,45.66701970171965,-8014.013729999998,8720178406.136135,41.723580776933694,61.76500875296053,57.97549171043139,307.8844,108260.70552100962,-42.02450828956861
2025-10-22 09:00:00+00:00,493.5940205749488,107870.40519911858,108220.80549999999,108571.20580088139,-56.3944954193586,108202.36,108525.45757081371,109159.93474867198,2.445e-05,2.4106,-410.22271408111556,-477.49746102447745,40.92303896235165,-8851.38939,8720178406.136135,41.37803718473063,58.747743981902005,57.56712893225372,278.05805,108209.43501465082,-42.43287106774628
2025-10-22 09:30:00+00:00,494.09465661977305,107838.34785713525,108204.07849999999,108569.80914286473,-107.3753963903678,107963.13,108471.894738519,109109.62239968071,2.445e-05,2.4106,-405.6687005645508,-463.02899641535936,41.70704765441436,-8669.03026,8720178406.136135,38.348359621776346,49.95357946955003,34.31811776596496,279.25232,108175.67537506309,-65.68188223403504
2025-10-22 10:00:00+00:00,478.3534918158601,107827.72317683141,108201.0405,108574.3578231686,-112.61843227517177,107941.48,108421.38265578996,109065.37013475728,2.445e-05,2.4106,-399.31048014067346,-450.3326314888277,45.1925521926965,-9356.820959999997,8720178406.136135,38.07542891591521,41.366453188725345,32.21411286795734,229.2687,108171.29878180166,-67.78588713204266
2025-10-22 10:30:00+00:00,468.5405210603105,107751.00197723406,108184.63249999999,108618.26302276592,-185.67753313401786,107657.98,108348.67107003221,109007.34124553177,2.445e-05,2.4106,-412.2943841442175,-442.63873686794193,38.71049217724588,-8899.02063,8720178406.136135,34.61610658979579,23.73168511517743,4.662824711609995,267.73592,108168.41889398432,-95.33717528839
2025-10-22 11:00:00+00:00,542.1805633992553,107705.69419293135,108167.622,108629.54980706866,-215.6069773167759,107819.8,108298.29031192107,108955.5531705708,2.445e-05,2.4106,-404.7923141385545,-434.9108363079751,26.113650307235645,-6030.245189999998,8720178406.136135,38.07789989062083,31.483222041182135,57.5727285439791,1873.73092,108050.27568820187,-42.4272714560209
2025-10-22 11:30:00+00:00,549.6135899658099,107603.57119774312,108127.16400000002,108650.75680225692,-166.299151514145,107555.05,108227.51218654943,108903.50975274714,2.445e-05,2.4106,-415.595790556079,-431.1353234015871,27.62320145477797,-7381.937460000001,8720178406.136135,34.828505180888214,35.36547331282802,43.86086668289498,578.95226,108013.99792055771,-56.13913331710502
2025-10-22 12:00:00+00:00,558.679042996812,107614.23025309459,108097.223,108580.21574690541,-80.89418200053525,107983.4,108204.26569413359,108868.41458318154,2.445e-05,2.4106,-385.1189009364898,-421.96205977076625,34.25254462893787,-7278.575709999999,8720178406.136135,43.259381334434124,59.56416605265499,77.25890293109087,426.04413,107990.77073737845,-22.741097068909124
2025-10-22 12:30:00+00:00,552.4727358202218,107608.35717183327,108089.52849999999,108570.6998281667,22.930945202040206,108044.96,108189.08197129177,108831.0481104551,2.445e-05,2.4106,-351.79998901671206,-407.7753977349094,42.86552254668154,-6182.1738399999995,8720178406.136135,44.37567753975453,66.72693897215953,79.06104730249275,415.71816,107982.907707959,-20.938952697507254
2025-10-22 13:00:00+00:00,546.9929027449771,107607.11182849952,108087.52449999998,108567.93717150045,32.33686599556325,108113.99,108181.93357709609,108804.31939484246,2.445e-05,2.4106,-316.3156769366615,-389.52574476314334,43.545101849362915,-6184.939179999999,8720178406.136135,45.66294008159717,79.61152669027386,82.51462983723796,438.88514,107983.82074434058,-17.485370162762035
2025-10-22 13:30:00+00:00,606.8018209843493,107549.2233624713,108115.8915,108682.5596375287,135.01550858541736,108783.36,108239.22067009984,108807.11829801621,2.445e-05,2.4106,-231.57127984857652,-358.04492114624884,55.822368511162075,-5288.8425899999975,8720178406.136135,56.24290415051425,83.85329777531507,89.98421618621451,1450.29072,108045.02948425883,-10.015783813785495
2025-10-22 14:00:00+00:00,621.1393579076056,107551.81272506711,108106.796,108661.7792749329,87.77842625386029,108200.51,108235.53582766924,108784.14494080948,2.445e-05,2.4106,-208.97845768983825,-328.25640970098664,55.27051915572771,-6132.240679999998,8720178406.136135,47.55756618652615,79.06981573198811,64.71060117251186,610.18555,108053.4459340162,-35.28939882748814
